#
# A fatal error has been detected by the Java Runtime Environment:
#
#  EXCEPTION_ACCESS_VIOLATION (0xc0000005) at pc=0x00007ff949c001ab, pid=18848, tid=4900
#
# JRE version: Java(TM) SE Runtime Environment (21.0.10+8) (build 21.0.10+8-LTS-217)
# Java VM: Java HotSpot(TM) 64-Bit Server VM (21.0.10+8-LTS-217, mixed mode, sharing, tiered, compressed oops, compressed class ptrs, g1 gc, windows-amd64)
# Problematic frame:
# C  [glfw.dll+0x101ab]
#
# No core dump will be written. Minidumps are not enabled by default on client versions of Windows
#
# If you would like to submit a bug report, please visit:
#   https://bugreport.java.com/bugreport/crash.jsp
# The crash happened outside the Java Virtual Machine in native code.
# See problematic frame for where to report the bug.
#

---------------  S U M M A R Y ------------

Command Line: -Dfml.modFolders=dysoncubeproject_addon%%G:\mymod\dyson-mod\∏Ω Ùmod\build\classes\java\main;dysoncubeproject_addon%%G:\mymod\dyson-mod\∏Ω Ùmod\build\resources\main --module-path=C:\\Users\\yhh\\.gradle\\caches\\modules-2\\files-2.1\\net.neoforged\\JarJarFileSystems\\0.4.1\\78f59f89defcd032ed788b151ca6a0d40ace796a\\JarJarFileSystems-0.4.1.jar;C:\\Users\\yhh\\.gradle\\caches\\modules-2\\files-2.1\\cpw.mods\\bootstraplauncher\\2.0.2\\1a2d076cbc33b0520cbacd591224427b2a20047d\\bootstraplauncher-2.0.2.jar;C:\\Users\\yhh\\.gradle\\caches\\modules-2\\files-2.1\\cpw.mods\\securejarhandler\\3.0.8\\c0ef95cecd8699a0449053ac7d9c160748d902cd\\securejarhandler-3.0.8.jar;C:\\Users\\yhh\\.gradle\\caches\\modules-2\\files-2.1\\org.ow2.asm\\asm-commons\\9.7\\e86dda4696d3c185fcc95d8d311904e7ce38a53f\\asm-commons-9.7.jar;C:\\Users\\yhh\\.gradle\\caches\\modules-2\\files-2.1\\org.ow2.asm\\asm-util\\9.7\\c0655519f24d92af2202cb681cd7c1569df6ead6\\asm-util-9.7.jar;C:\\Users\\yhh\\.gradle\\caches\\modules-2\\files-2.1\\org.ow2.asm\\asm-analysis\\9.7\\e4a258b7eb96107106c0599f0061cfc1832fe07a\\asm-analysis-9.7.jar;C:\\Users\\yhh\\.gradle\\caches\\modules-2\\files-2.1\\org.ow2.asm\\asm-tree\\9.7\\e446a17b175bfb733b87c5c2560ccb4e57d69f1a\\asm-tree-9.7.jar;C:\\Users\\yhh\\.gradle\\caches\\modules-2\\files-2.1\\org.ow2.asm\\asm\\9.7\\73d7b3086e14beb604ced229c302feff6449723\\asm-9.7.jar --add-modules=ALL-MODULE-PATH --add-opens=java.base/java.util.jar=cpw.mods.securejarhandler --add-opens=java.base/java.lang.invoke=cpw.mods.securejarhandler --add-exports=java.base/sun.security.util=cpw.mods.securejarhandler --add-exports=jdk.naming.dns/com.sun.jndi.dns=java.naming -Dlog4j2.configurationFile=G:\\mymod\\dyson-mod\\∏Ω Ùmod\\build\\moddev\\clientLog4j2.xml -Dneoforge.enableGameTest=true -DlegacyClassPath.file=G:\\mymod\\dyson-mod\\∏Ω Ùmod\\build\\moddev\\clientLegacyClasspath.txt -DignoreList=securejarhandler-3.0.8.jar,asm-9.7.jar,asm-commons-9.7.jar,asm-tree-9.7.jar,asm-util-9.7.jar,asm-analysis-9.7.jar,bootstraplauncher-2.0.2.jar,JarJarFileSystems-0.4.1.jar,mixinextras-neoforge-0.4.1.jar,client-extra,neoforge- -Dfml.gameLayerLibraries= -DmergeModules=jna-5.10.0.jar,jna-platform-5.10.0.jar -Djava.net.preferIPv6Addresses=system -Dfml.pluginLayerLibraries= -Dfile.encoding=UTF-8 -Duser.country=CN -Duser.language=zh -Duser.variant net.neoforged.devlaunch.Main @G:\\mymod\\dyson-mod\\∏Ω Ùmod\\build\\moddev\\clientRunProgramArgs.txt

Host: AMD Ryzen 7 1700 Eight-Core Processor          , 16 cores, 15G,  Windows 10 , 64 bit Build 19041 (10.0.19041.5198)
Time: Sun Aug 16 23:51:59 2026 elapsed time: 103.714315 seconds (0d 0h 1m 43s)

---------------  T H R E A D  ---------------

Current thread (0x000001eca7be83f0):  JavaThread "Render thread"        [_thread_in_native, id=4900, stack(0x0000003afbc00000,0x0000003afbd00000) (1024K)]

Stack: [0x0000003afbc00000,0x0000003afbd00000],  sp=0x0000003afbcfe2a0,  free space=1016k
Native frames: (J=compiled Java code, j=interpreted, Vv=VM code, C=native code)
C  [glfw.dll+0x101ab]

Java frames: (J=compiled Java code, j=interpreted, Vv=VM code)
J 14599  org.lwjgl.system.JNI.invokeV(DJ)V org.lwjgl@3.3.3+5 (0 bytes) @ 0x000001ecb9facb1d [0x000001ecb9facac0+0x000000000000005d]
J 17561 c2 com.mojang.blaze3d.systems.RenderSystem.limitDisplayFPS(I)V minecraft@1.21.1 (37 bytes) @ 0x000001ecba1fdd68 [0x000001ecba1fdce0+0x0000000000000088]
J 16866 c1 net.minecraft.client.Minecraft.runTick(Z)V minecraft@1.21.1 (1132 bytes) @ 0x000001ecb33e588c [0x000001ecb33df380+0x000000000000650c]
j  net.minecraft.client.Minecraft.run()V+92 minecraft@1.21.1
j  net.minecraft.client.main.Main.main([Ljava/lang/String;)V+1607 minecraft@1.21.1
j  java.lang.invoke.LambdaForm$DMH+0x000001eccb003000.invokeStatic(Ljava/lang/Object;Ljava/lang/Object;)V+10 java.base@21.0.10
j  java.lang.invoke.LambdaForm$MH+0x000001eccb004000.invoke(Ljava/lang/Object;Ljava/lang/Object;Ljava/lang/Object;)Ljava/lang/Object;+33 java.base@21.0.10
j  java.lang.invoke.Invokers$Holder.invokeExact_MT(Ljava/lang/Object;Ljava/lang/Object;Ljava/lang/Object;Ljava/lang/Object;)Ljava/lang/Object;+20 java.base@21.0.10
j  jdk.internal.reflect.DirectMethodHandleAccessor.invokeImpl(Ljava/lang/Object;[Ljava/lang/Object;)Ljava/lang/Object;+55 java.base@21.0.10
j  jdk.internal.reflect.DirectMethodHandleAccessor.invoke(Ljava/lang/Object;[Ljava/lang/Object;)Ljava/lang/Object;+23 java.base@21.0.10
j  java.lang.reflect.Method.invoke(Ljava/lang/Object;[Ljava/lang/Object;)Ljava/lang/Object;+102 java.base@21.0.10
j  net.neoforged.fml.loading.targets.CommonLaunchHandler.runTarget(Ljava/lang/String;[Ljava/lang/String;Ljava/lang/ModuleLayer;)V+42 fml_loader@4.0.24
j  net.neoforged.fml.loading.targets.CommonLaunchHandler.clientService([Ljava/lang/String;Ljava/lang/ModuleLayer;)V+6 fml_loader@4.0.24
j  net.neoforged.fml.loading.targets.NeoForgeClientUserdevLaunchHandler.runService([Ljava/lang/String;Ljava/lang/ModuleLayer;)V+3 fml_loader@4.0.24
j  net.neoforged.fml.loading.targets.CommonLaunchHandler.lambda$launchService$4([Ljava/lang/String;Ljava/lang/ModuleLayer;)V+3 fml_loader@4.0.24
j  net.neoforged.fml.loading.targets.CommonLaunchHandler$$Lambda+0x000001eccb35e0d8.run()V+12 fml_loader@4.0.24
j  cpw.mods.modlauncher.LaunchServiceHandlerDecorator.launch([Ljava/lang/String;Ljava/lang/ModuleLayer;)V+11 cpw.mods.modlauncher@11.0.4
j  cpw.mods.modlauncher.LaunchServiceHandler.launch(Ljava/lang/String;[Ljava/lang/String;Ljava/lang/ModuleLayer;Lcpw/mods/modlauncher/TransformingClassLoader;Lcpw/mods/modlauncher/LaunchPluginHandler;)V+58 cpw.mods.modlauncher@11.0.4
j  cpw.mods.modlauncher.LaunchServiceHandler.launch(Lcpw/mods/modlauncher/ArgumentHandler;Ljava/lang/ModuleLayer;Lcpw/mods/modlauncher/TransformingClassLoader;Lcpw/mods/modlauncher/LaunchPluginHandler;)V+21 cpw.mods.modlauncher@11.0.4
j  cpw.mods.modlauncher.Launcher.run([Ljava/lang/String;)V+288 cpw.mods.modlauncher@11.0.4
j  cpw.mods.modlauncher.Launcher.main([Ljava/lang/String;)V+123 cpw.mods.modlauncher@11.0.4
j  cpw.mods.modlauncher.BootstrapLaunchConsumer.accept([Ljava/lang/String;)V+1 cpw.mods.modlauncher@11.0.4
j  cpw.mods.modlauncher.BootstrapLaunchConsumer.accept(Ljava/lang/Object;)V+5 cpw.mods.modlauncher@11.0.4
j  cpw.mods.bootstraplauncher.BootstrapLauncher.run(Z[Ljava/lang/String;)V+703 cpw.mods.bootstraplauncher@2.0.2
j  cpw.mods.bootstraplauncher.BootstrapLauncher.main([Ljava/lang/String;)V+2 cpw.mods.bootstraplauncher@2.0.2
j  java.lang.invoke.LambdaForm$DMH+0x000001eccb003000.invokeStatic(Ljava/lang/Object;Ljava/lang/Object;)V+10 java.base@21.0.10
j  java.lang.invoke.LambdaForm$MH+0x000001eccb004000.invoke(Ljava/lang/Object;Ljava/lang/Object;Ljava/lang/Object;)Ljava/lang/Object;+33 java.base@21.0.10
j  java.lang.invoke.Invokers$Holder.invokeExact_MT(Ljava/lang/Object;Ljava/lang/Object;Ljava/lang/Object;Ljava/lang/Object;)Ljava/lang/Object;+20 java.base@21.0.10
j  jdk.internal.reflect.DirectMethodHandleAccessor.invokeImpl(Ljava/lang/Object;[Ljava/lang/Object;)Ljava/lang/Object;+55 java.base@21.0.10
j  jdk.internal.reflect.DirectMethodHandleAccessor.invoke(Ljava/lang/Object;[Ljava/lang/Object;)Ljava/lang/Object;+23 java.base@21.0.10
j  java.lang.reflect.Method.invoke(Ljava/lang/Object;[Ljava/lang/Object;)Ljava/lang/Object;+102 java.base@21.0.10
j  net.neoforged.devlaunch.Main.main([Ljava/lang/String;)V+171
v  ~StubRoutines::call_stub 0x000001ecb938100d

siginfo: EXCEPTION_ACCESS_VIOLATION (0xc0000005), reading address 0x0000019f366386c4


Registers:
RAX=0x0000000000000000, RBX=0x0000000000000000, RCX=0x00007ff9a4f010a4, RDX=0x0000000000000000
RSP=0x0000003afbcfe2a0, RBP=0x0000000000000154, RSI=0x000000000000003c, RDI=0x0000019f366384e0
R8 =0x0000003afbcfe268, R9 =0x0000000000000000, R10=0x0000000000000000, R11=0x0000000000000246
R12=0x0000000000000000, R13=0x000000070a534f08, R14=0x000000000000002a, R15=0x00007ff949c69618
RIP=0x00007ff949c001ab, EFLAGS=0x0000000000010206


Register to memory mapping:

RAX=0x0 is null
RBX=0x0 is null
RCX=0x00007ff9a4f010a4 win32u.dll
RDX=0x0 is null
RSP=0x0000003afbcfe2a0 is pointing into the stack for thread: 0x000001eca7be83f0
RBP=0x0000000000000154 is an unknown value
RSI=0x000000000000003c is an unknown value
RDI=0x0000019f366384e0 is an unknown value
R8 =0x0000003afbcfe268 is pointing into the stack for thread: 0x000001eca7be83f0
R9 =0x0 is null
R10=0x0 is null
R11=0x0000000000000246 is an unknown value
R12=0x0 is null
R13=0x000000070a534f08 is an oop: com.mojang.blaze3d.systems.RenderSystem$AutoStorageIndexBuffer 
{0x000000070a534f08} - klass: 'com/mojang/blaze3d/systems/RenderSystem$AutoStorageIndexBuffer'
 - ---- fields (total size 5 words):
 - private final 'vertexStride' 'I' @12  4 (0x00000004)
 - private final 'indexStride' 'I' @16  6 (0x00000006)
 - private 'name' 'I' @20  5 (0x00000005)
 - private 'indexCount' 'I' @24  9360 (0x00002490)
 - private final 'generator' 'Lcom/mojang/blaze3d/systems/RenderSystem$AutoStorageIndexBuffer$IndexGenerator;' @28  a 'com/mojang/blaze3d/systems/RenderSystem$$Lambda+0x000001eccbc80aa0'{0x000000070a534f30} (0xe14a69e6)
 - private 'type' 'Lcom/mojang/blaze3d/vertex/VertexFormat$IndexType;' @32  a 'com/mojang/blaze3d/vertex/VertexFormat$IndexType'{0x000000070a534370} (0xe14a686e)
R14=0x000000000000002a is an unknown value
R15=0x00007ff949c69618 glfw.dll

Top of Stack: (sp=0x0000003afbcfe2a0)
0x0000003afbcfe2a0:   0000003afbcfe3b0 0000000000000f70
0x0000003afbcfe2b0:   000000000000003c 0000000000000000
0x0000003afbcfe2c0:   0000000000000001 00007ff9a6000c8e
0x0000003afbcfe2d0:   000001ed1ecd8000 00007ff949bfb4bf
0x0000003afbcfe2e0:   0000000000000f70 0000000000000e4e
0x0000003afbcfe2f0:   0000000000000000 00007ff949bf414b
0x0000003afbcfe300:   00000154000000a0 00000158000000a1
0x0000003afbcfe310:   000001570000005b 0000015b0000005c
0x0000003afbcfe320:   0000d6f83a2020d3 0000000000000000
0x0000003afbcfe330:   000001eca7be83f0 0000003afbcfe3a0
0x0000003afbcfe340:   0000000000000f70 000001ecb9facbc6
0x0000003afbcfe350:   0000003afbcfe3b0 000000000000003c
0x0000003afbcfe360:   000001ed1ecd8000 0000000000000000
0x0000003afbcfe370:   0000000000000e4e 000001ecb9e8fcb0
0x0000003afbcfe380:   0000003afbcfe3e0 0000000000003d5c
0x0000003afbcfe390:   000001ed1e82fbf0 0000000000000000
0x0000003afbcfe3a0:   00000007ff5d9840 000001ecba19fbac
0x0000003afbcfe3b0:   000000070a534608 000001ecba1fdd68
0x0000003afbcfe3c0:   405903a153131420 000001ecba11ad74
0x0000003afbcfe3d0:   00000007ff5d9840 0000000714958190
0x0000003afbcfe3e0:   0000003afbcfe6e0 000001ecb33e588c
0x0000003afbcfe3f0:   0000000714958190 000001ed0c798a10
0x0000003afbcfe400:   0000000000000000 00007ff933b06bf5
0x0000003afbcfe410:   0000000000000000 0000000000000000
0x0000003afbcfe420:   0000003afbcfe530 0000000000000000
0x0000003afbcfe430:   0000003afbcfe530 00007ff933b08189
0x0000003afbcfe440:   0000000000000000 000001eca7be83f0
0x0000003afbcfe450:   0000000000000000 00007ff9339fa412
0x0000003afbcfe460:   000001ecb3554710 00007ff933b0781b
0x0000003afbcfe470:   000000000000001c 000001ed0c7aeaac
0x0000003afbcfe480:   0000000000000000 000001eca7be83f0
0x0000003afbcfe490:   0000003afbcfe530 00007ff933b07747 

Instructions: (pc=0x00007ff949c001ab)
0x00007ff949c000ab:   0f 1f 44 00 00 83 7c 24 38 12 75 1e 48 8b 1d 2a
0x00007ff949c000bb:   7d 06 00 48 85 db 74 28 48 8b cb e8 75 6a ff ff
0x00007ff949c000cb:   48 8b 1b 48 85 db 75 f0 eb 16 48 8d 4c 24 30 ff
0x00007ff949c000db:   15 d0 04 02 00 48 8d 4c 24 30 ff 15 bd 04 02 00
0x00007ff949c000eb:   45 33 c9 c7 44 24 20 01 00 00 00 45 33 c0 48 8d
0x00007ff949c000fb:   4c 24 30 33 d2 ff 15 9a 04 02 00 85 c0 75 a6 ff
0x00007ff949c0010b:   15 38 03 02 00 48 85 c0 0f 84 ee 00 00 00 48 8d
0x00007ff949c0011b:   15 f0 58 05 00 48 89 bc 24 c0 00 00 00 48 8b c8
0x00007ff949c0012b:   ff 15 d7 02 02 00 48 8b f8 48 85 c0 0f 84 c2 00
0x00007ff949c0013b:   00 00 66 0f 6f 05 6b 5b 05 00 33 db 66 0f 6f 0d
0x00007ff949c0014b:   71 5b 05 00 48 89 ac 24 b0 00 00 00 48 89 b4 24
0x00007ff949c0015b:   b8 00 00 00 4c 89 a4 24 c8 00 00 00 4c 89 b4 24
0x00007ff949c0016b:   98 00 00 00 4c 89 bc 24 90 00 00 00 4c 8d 3d 9a
0x00007ff949c0017b:   94 06 00 f3 0f 7f 44 24 60 f3 0f 7f 4c 24 70 66
0x00007ff949c0018b:   0f 1f 44 00 00 48 63 6c dc 64 8b 4c dc 60 45 0f
0x00007ff949c0019b:   bf 34 6f ff 15 9c 02 02 00 66 0f ba e0 0f 72 23
0x00007ff949c001ab:   80 bc 3d 90 00 00 00 01 75 19 e8 96 1f 00 00 45
0x00007ff949c001bb:   33 c9 89 44 24 20 45 8b c6 8b d5 48 8b cf e8 e2
0x00007ff949c001cb:   2c ff ff 48 ff c3 48 83 fb 04 7c b9 4c 8b bc 24
0x00007ff949c001db:   90 00 00 00 4c 8b b4 24 98 00 00 00 4c 8b a4 24
0x00007ff949c001eb:   c8 00 00 00 48 8b b4 24 b8 00 00 00 48 8b ac 24
0x00007ff949c001fb:   b0 00 00 00 48 8b bc 24 c0 00 00 00 48 8b 1d aa
0x00007ff949c0020b:   9d 06 00 48 85 db 74 79 48 8b 8b 58 03 00 00 48
0x00007ff949c0021b:   8d 54 24 60 ff 15 cb 01 02 00 8b 44 24 68 44 8b
0x00007ff949c0022b:   44 24 6c 99 2b c2 d1 f8 44 8b c8 39 83 a0 03 00
0x00007ff949c0023b:   00 75 10 41 8b c0 99 2b c2 d1 f8 39 83 a4 03 00
0x00007ff949c0024b:   00 74 3e 48 8b 8b 58 03 00 00 41 8b c0 99 44 89
0x00007ff949c0025b:   4c 24 60 2b c2 44 89 8b a0 03 00 00 d1 f8 48 8d
0x00007ff949c0026b:   54 24 60 89 44 24 64 89 83 a4 03 00 00 ff 15 42
0x00007ff949c0027b:   01 02 00 8b 54 24 64 8b 4c 24 60 ff 15 4c 01 02
0x00007ff949c0028b:   00 48 8b 8c 24 80 00 00 00 48 33 cc e8 e4 4b 00
0x00007ff949c0029b:   00 48 81 c4 a0 00 00 00 5b c3 cc cc cc cc cc cc 


Stack slot to memory mapping:

stack at sp + 0 slots: 0x0000003afbcfe3b0 is pointing into the stack for thread: 0x000001eca7be83f0
stack at sp + 1 slots: 0x0000000000000f70 is an unknown value
stack at sp + 2 slots: 0x000000000000003c is an unknown value
stack at sp + 3 slots: 0x0 is null
stack at sp + 4 slots: 0x0000000000000001 is an unknown value
stack at sp + 5 slots: 0x00007ff9a6000c8e USER32.dll
stack at sp + 6 slots: 0x000001ed1ecd8000 is pointing into metadata
stack at sp + 7 slots: 0x00007ff949bfb4bf glfw.dll


Compiled method (n/a)  103882 14599     n 0       org.lwjgl.system.JNI::invokeV (native)
 total in heap  [0x000001ecb9fac910,0x000001ecb9faccf8] = 1000
 relocation     [0x000001ecb9faca70,0x000001ecb9facaa8] = 56
 main code      [0x000001ecb9facac0,0x000001ecb9faccea] = 554
 stub code      [0x000001ecb9faccea,0x000001ecb9faccf0] = 6
 oops           [0x000001ecb9faccf0,0x000001ecb9faccf8] = 8

[Constant Pool (empty)]

[MachCode]
[Entry Point]
  # {method} {0x000001ed0be46cc8} 'invokeV' '(DJ)V' in 'org/lwjgl/system/JNI'
  # parm0:    xmm0:xmm0   = double
  # parm1:    rdx:rdx   = long
  #           [sp+0x70]  (sp of caller)
  0x000001ecb9facac0: 448b 5208 | 49bb 0000 | 00ca ec01 | 0000 4d03 | d349 3bc2 | 0f84 0600 

  0x000001ecb9facad8: ;   {runtime_call ic_miss_stub}
  0x000001ecb9facad8: 0000 e9a1 | 1c42 ff90 
[Verified Entry Point]
  0x000001ecb9facae0: 8984 2400 | 80ff ff55 | 488b ec48 | 83ec 6090 | 4181 7f20 | 1f00 0000 

  0x000001ecb9facaf8: ;   {runtime_call StubRoutines (final stubs)}
  0x000001ecb9facaf8: 7405 e861 | 8240 ff4c | 8bca c5f9 

  0x000001ecb9facb04: ;   {oop(a 'java/lang/Class'{0x00000007ff5d9840} = 'org/lwjgl/system/JNI')}
  0x000001ecb9facb04: 28d0 49be | 4098 5dff | 0700 0000 | 4c89 7424 | 504c 8d74 | 2450 498b | d6c5 f877 

  0x000001ecb9facb20: ;   {internal_word}
  0x000001ecb9facb20: 49ba 1dcb | fab9 ec01 | 0000 4d89 | 97a8 0300 | 0049 89a7 | a003 0000 

  0x000001ecb9facb38: ;   {external_word}
  0x000001ecb9facb38: 49ba a318 | 4f34 f97f | 0000 4180 | 3a00 0f84 | 5c00 0000 | 5248 83ec | 10c5 fb11 | 1424 4151 
  0x000001ecb9facb58: ;   {metadata({method} {0x000001ed0be46cc8} 'invokeV' '(DJ)V' in 'org/lwjgl/system/JNI')}
  0x000001ecb9facb58: 48ba c06c | e40b ed01 | 0000 498b | cf48 83ec | 2040 f6c4 | 0f0f 8419 | 0000 0048 

  0x000001ecb9facb74: ;   {runtime_call}
  0x000001ecb9facb74: 83ec 0848 | b810 79ff | 33f9 7f00 | 00ff d048 | 83c4 08e9 | 0c00 0000 

  0x000001ecb9facb8c: ;   {runtime_call}
  0x000001ecb9facb8c: 48b8 1079 | ff33 f97f | 0000 ffd0 | 4883 c420 | 4159 c5fb | 1014 2448 | 83c4 105a | 498d 8fc0 
  0x000001ecb9facbac: 0300 0041 | c787 4c04 | 0000 0400 

  0x000001ecb9facbb8: ;   {runtime_call}
  0x000001ecb9facbb8: 0000 48b8 | 303e a969 | f97f 0000 | ffd0 c5f8 | 7741 c787 | 4c04 0000 | 0500 0000 | f083 4424 
  0x000001ecb9facbd8: c000 493b | af50 0400 | 000f 870e | 0000 0041 | 83bf 4804 | 0000 000f | 8423 0000 | 00c5 f877 
  0x000001ecb9facbf8: 498b cf4c | 8be4 4883 | ec20 4883 

  0x000001ecb9facc04: ;   {runtime_call}
  0x000001ecb9facc04: e4f0 48b8 | 501b cb33 | f97f 0000 | ffd0 498b | e44d 33e4 | 41c7 874c | 0400 0008 | 0000 0041 
  0x000001ecb9facc24: 83bf c804 | 0000 020f | 8494 0000 

  0x000001ecb9facc30: ;   {external_word}
  0x000001ecb9facc30: 0049 baa3 | 184f 34f9 | 7f00 0041 | 803a 000f | 8444 0000 

  0x000001ecb9facc44: ;   {metadata({method} {0x000001ed0be46cc8} 'invokeV' '(DJ)V' in 'org/lwjgl/system/JNI')}
  0x000001ecb9facc44: 0048 bac0 | 6ce4 0bed | 0100 0049 | 8bcf 4883 | ec20 40f6 | c40f 0f84 | 1900 0000 | 4883 ec08 
  0x000001ecb9facc64: ;   {runtime_call}
  0x000001ecb9facc64: 48b8 1079 | ff33 f97f | 0000 ffd0 | 4883 c408 | e90c 0000 

  0x000001ecb9facc78: ;   {runtime_call}
  0x000001ecb9facc78: 0048 b810 | 79ff 33f9 | 7f00 00ff | d048 83c4 | 2049 c787 | a003 0000 | 0000 0000 | 49c7 87a8 
  0x000001ecb9facc98: 0300 0000 | 0000 00c5 | f877 498b | 8f30 0400 | 00c7 8100 | 0100 0000 | 0000 00c9 | 4983 7f08 
  0x000001ecb9faccb8: 000f 8501 | 0000 00c3 

  0x000001ecb9faccc0: ;   {runtime_call StubRoutines (initial stubs)}
  0x000001ecb9faccc0: e93b 423d | ffc5 f877 | 4c8b e448 | 83ec 2048 

  0x000001ecb9faccd0: ;   {runtime_call}
  0x000001ecb9faccd0: 83e4 f048 | b870 b0ff | 33f9 7f00 | 00ff d049 | 8be4 4d33 | e4e9 47ff | ffff f4f4 | f4f4 f4f4 
[/MachCode]


Compiled method (c2)  103907 17561       4       com.mojang.blaze3d.systems.RenderSystem::limitDisplayFPS (37 bytes)
 total in heap  [0x000001ecba1fdb10,0x000001ecba1fdf50] = 1088
 relocation     [0x000001ecba1fdc70,0x000001ecba1fdcb0] = 64
 constants      [0x000001ecba1fdcc0,0x000001ecba1fdce0] = 32
 main code      [0x000001ecba1fdce0,0x000001ecba1fddf0] = 272
 stub code      [0x000001ecba1fddf0,0x000001ecba1fde28] = 56
 oops           [0x000001ecba1fde28,0x000001ecba1fde38] = 16
 metadata       [0x000001ecba1fde38,0x000001ecba1fde50] = 24
 scopes data    [0x000001ecba1fde50,0x000001ecba1fdea0] = 80
 scopes pcs     [0x000001ecba1fdea0,0x000001ecba1fdf00] = 96
 dependencies   [0x000001ecba1fdf00,0x000001ecba1fdf08] = 8
 handler table  [0x000001ecba1fdf08,0x000001ecba1fdf50] = 72


[Constant Pool]
             Address          hex4                    hex8      
  0x000001ecba1fdcc0:   0x00000000      0x3ff0000000000000      
  0x000001ecba1fdcc4:   0x3ff00000                              
  0x000001ecba1fdcc8:   0xf4f4f4f4      0xf4f4f4f4f4f4f4f4      
  0x000001ecba1fdccc:   0xf4f4f4f4                              
  0x000001ecba1fdcd0:   0xf4f4f4f4      0xf4f4f4f4f4f4f4f4      
  0x000001ecba1fdcd4:   0xf4f4f4f4                              
  0x000001ecba1fdcd8:   0xf4f4f4f4      0xf4f4f4f4f4f4f4f4      
  0x000001ecba1fdcdc:   0xf4f4f4f4                              

[MachCode]
[Verified Entry Point]
  # {method} {0x000001ed1d23f690} 'limitDisplayFPS' '(I)V' in 'com/mojang/blaze3d/systems/RenderSystem'
  # parm0:    rdx       = int
  #           [sp+0x30]  (sp of caller)
  0x000001ecba1fdce0: ;   {no_reloc}
  0x000001ecba1fdce0: 8984 2400 | 80ff ff55 | 4883 ec20 | 4181 7f20 | 1f00 0000 | 0f85 eb00 | 0000 c5f9 | 6ec2 c5fa 
  0x000001ecba1fdd00: ;   {oop(a 'java/lang/Class'{0x000000070a534608} = 'com/mojang/blaze3d/systems/RenderSystem')}
  0x000001ecba1fdd00: e6c0 48bd | 0846 530a | 0700 0000 

  0x000001ecba1fdd0c: ;   {section_word}
  0x000001ecba1fdd0c: c5fb 100d | acff ffff | c5f3 5ec0 | c5fb 5885 | d000 0000 | c5fb 1104 | 2448 baf0 | 40bf 49f9 
  0x000001ecba1fdd2c: ;   {static_call}
  0x000001ecba1fdd2c: 7f00 00e8 

  0x000001ecba1fdd30: ; ImmutableOopMap {rbp=Oop }
                      ;*invokestatic invokeD {reexecute=0 rethrow=0 return_oop=0}
                      ; - org.lwjgl.glfw.GLFW::glfwGetTime@5 (line 4811)
                      ; - com.mojang.blaze3d.systems.RenderSystem::limitDisplayFPS@9 (line 161)
  0x000001ecba1fdd30: ac98 daff 

  0x000001ecba1fdd34: ;   {other}
  0x000001ecba1fdd34: 0f1f 8400 | 2402 0000 | c5fb 100c | 24c5 f92e | c876 5666 | 0f1f 8400 | 0000 0000 | c5f3 5cc0 
  0x000001ecba1fdd54: c5fb 110c | 2448 ba80 | 7cbf 49f9 

  0x000001ecba1fdd60: ;   {static_call}
  0x000001ecba1fdd60: 7f00 00e8 

  0x000001ecba1fdd64: ; ImmutableOopMap {rbp=Oop }
                      ;*invokestatic invokeV {reexecute=0 rethrow=0 return_oop=0}
                      ; - org.lwjgl.glfw.GLFW::glfwWaitEventsTimeout@6 (line 3509)
                      ; - com.mojang.blaze3d.systems.RenderSystem::limitDisplayFPS@22 (line 162)
  0x000001ecba1fdd64: 78ed daff 

  0x000001ecba1fdd68: ;   {other}
  0x000001ecba1fdd68: 0f1f 8400 | 5802 0001 | 48ba f040 | bf49 f97f 

  0x000001ecba1fdd78: ;   {static_call}
  0x000001ecba1fdd78: 0000 90e8 

  0x000001ecba1fdd7c: ; ImmutableOopMap {rbp=Oop }
                      ;*invokestatic invokeD {reexecute=0 rethrow=0 return_oop=0}
                      ; - org.lwjgl.glfw.GLFW::glfwGetTime@5 (line 4811)
                      ; - com.mojang.blaze3d.systems.RenderSystem::limitDisplayFPS@25 (line 161)
  0x000001ecba1fdd7c: 6098 daff 

  0x000001ecba1fdd80: ;   {other}
  0x000001ecba1fdd80: 0f1f 8400 | 7002 0002 | 4d8b 9758 

  0x000001ecba1fdd8c: ; ImmutableOopMap {rbp=Oop }
                      ;*goto {reexecute=1 rethrow=0 return_oop=0}
                      ; - (reexecute) com.mojang.blaze3d.systems.RenderSystem::limitDisplayFPS@29 (line 161)
                      ;   {poll}
  0x000001ecba1fdd8c: 0400 0041 | 8502 c5fb | 100c 24c5 | f92e c877 | b3c5 fb11 | 85d0 0000 | 0048 83c4 

  0x000001ecba1fdda8: ;   {poll_return}
  0x000001ecba1fdda8: 205d 493b | a750 0400 | 000f 8718 | 0000 00c3 | 488b d0eb | 0848 8bd0 | eb03 488b | d048 83c4 
  0x000001ecba1fddc8: ;   {runtime_call _rethrow_Java}
  0x000001ecba1fddc8: 205d e931 

  0x000001ecba1fddcc: ;   {internal_word}
  0x000001ecba1fddcc: e13b ff49 | baaa dd1f | baec 0100 | 004d 8997 | 6804 0000 

  0x000001ecba1fdde0: ;   {runtime_call SafepointBlob}
  0x000001ecba1fdde0: e91b 791d 

  0x000001ecba1fdde4: ;   {runtime_call StubRoutines (final stubs)}
  0x000001ecba1fdde4: ffe8 766f | 1bff e90b | ffff fff4 
[Stub Code]
  0x000001ecba1fddf0: ;   {no_reloc}
  0x000001ecba1fddf0: 48bb 0000 | 0000 0000 

  0x000001ecba1fddf8: ;   {runtime_call}
  0x000001ecba1fddf8: 0000 e9fb 

  0x000001ecba1fddfc: ;   {static_stub}
  0x000001ecba1fddfc: ffff ff48 | bb00 0000 | 0000 0000 

  0x000001ecba1fde08: ;   {runtime_call}
  0x000001ecba1fde08: 00e9 fbff 

  0x000001ecba1fde0c: ;   {runtime_call ExceptionBlob}
  0x000001ecba1fde0c: ffff e96d | ee29 ffe8 | 0000 0000 | 4883 2c24 

  0x000001ecba1fde1c: ;   {runtime_call DeoptimizationBlob}
  0x000001ecba1fde1c: 05e9 7e6b | 1dff f4f4 | f4f4 f4f4 
[/MachCode]


Compiled method (c1)  103914 16866       3       net.minecraft.client.Minecraft::runTick (1132 bytes)
 total in heap  [0x000001ecb33de010,0x000001ecb33efe30] = 73248
 relocation     [0x000001ecb33de170,0x000001ecb33df358] = 4584
 constants      [0x000001ecb33df360,0x000001ecb33df380] = 32
 main code      [0x000001ecb33df380,0x000001ecb33eb838] = 50360
 stub code      [0x000001ecb33eb838,0x000001ecb33ebd20] = 1256
 oops           [0x000001ecb33ebd20,0x000001ecb33ebd88] = 104
 metadata       [0x000001ecb33ebd88,0x000001ecb33ec1b0] = 1064
 scopes data    [0x000001ecb33ec1b0,0x000001ecb33edbd0] = 6688
 scopes pcs     [0x000001ecb33edbd0,0x000001ecb33efa60] = 7824
 dependencies   [0x000001ecb33efa60,0x000001ecb33efad0] = 112
 nul chk table  [0x000001ecb33efad0,0x000001ecb33efe30] = 864


[Constant Pool]
             Address          hex4                    hex8      
  0x000001ecb33df360:   0x00000000      0x4059000000000000      
  0x000001ecb33df364:   0x40590000                              
  0x000001ecb33df368:   0x00000000      0x4059000000000000      
  0x000001ecb33df36c:   0x40590000                              
  0x000001ecb33df370:   0xf4f4f4f4      0xf4f4f4f4f4f4f4f4      
  0x000001ecb33df374:   0xf4f4f4f4                              
  0x000001ecb33df378:   0xf4f4f4f4      0xf4f4f4f4f4f4f4f4      
  0x000001ecb33df37c:   0xf4f4f4f4                              

[MachCode]
[Entry Point]
  # {method} {0x000001ed0c798a18} 'runTick' '(Z)V' in 'net/minecraft/client/Minecraft'
  # this:     rdx:rdx   = 'net/minecraft/client/Minecraft'
  # parm0:    r8        = boolean
  #           [sp+0x290]  (sp of caller)
  0x000001ecb33df380: ;   {no_reloc}
  0x000001ecb33df380: 448b 5208 | 49bb 0000 | 00ca ec01 | 0000 4d03 | d34c 3bd0 

  0x000001ecb33df394: ;   {runtime_call ic_miss_stub}
  0x000001ecb33df394: 0f85 e6f3 | fe05 660f | 1f44 0000 
[Verified Entry Point]
  0x000001ecb33df3a0: 8984 2400 | 80ff ff55 | 4881 ec80 | 0200 0090 | 4181 7f20 | 1f00 0000 

  0x000001ecb33df3b8: ;   {runtime_call StubRoutines (final stubs)}
  0x000001ecb33df3b8: 7405 e8a1 | 59fd 0548 | 8994 24d8 | 0000 0044 | 8984 24e0 

  0x000001ecb33df3cc: ;   {metadata(method data for {method} {0x000001ed0c798a18} 'runTick' '(Z)V' in 'net/minecraft/client/Minecraft')}
  0x000001ecb33df3cc: 0000 0048 | be00 80cd | 1eed 0100 | 008b becc | 0000 0083 | c702 89be | cc00 0000 | 81e7 fe07 
  0x000001ecb33df3ec: 0000 85ff | 0f84 d3a1 | 0000 8bb2 | 9000 0000 | 48c1 e603 

  0x000001ecb33df400: ; implicit exception: dispatches to 0x000001ecb33e95ea
  0x000001ecb33df400: 483b 0648 

  0x000001ecb33df404: ;   {metadata(method data for {method} {0x000001ed0c798a18} 'runTick' '(Z)V' in 'net/minecraft/client/Minecraft')}
  0x000001ecb33df404: 8bfe 48bb | 0080 cd1e | ed01 0000 | 4883 8310 | 0100 0001 | 410f be7f | 4085 ff0f | 85ca a100 
  0x000001ecb33df424: ;   {oop("Pre render"{0x00000007097c4b80})}
  0x000001ecb33df424: 0049 ba80 | 4b7c 0907 | 0000 0049 | c1ea 0344 

  0x000001ecb33df434: ;   {oop("Pre render"{0x00000007097c4b80})}
  0x000001ecb33df434: 8956 6448 | bf80 4b7c | 0907 0000 | 0048 8bde | 4833 df48 | c1eb 1548 | 83fb 000f | 85b9 a100 
  0x000001ecb33df454: 0048 8bfe 

  0x000001ecb33df458: ;   {metadata(method data for {method} {0x000001ed0c798a18} 'runTick' '(Z)V' in 'net/minecraft/client/Minecraft')}
  0x000001ecb33df458: 48bb 0080 | cd1e ed01 | 0000 4883 | 8348 0100 

  0x000001ecb33df468: ;   {metadata(method data for {method} {0x000001ed1d463588} 'shouldClose' '()Z' in 'com/mojang/blaze3d/platform/Window')}
  0x000001ecb33df468: 0001 48bf | 9878 cd1e | ed01 0000 | 8b9f cc00 | 0000 83c3 | 0289 9fcc | 0000 0081 | e3fe ff1f 
  0x000001ecb33df488: 0085 db0f | 8495 a100 

  0x000001ecb33df490: ;   {metadata(method data for {method} {0x000001ed1d463588} 'shouldClose' '()Z' in 'com/mojang/blaze3d/platform/Window')}
  0x000001ecb33df490: 0048 bf98 | 78cd 1eed | 0100 0048 | 8387 1001 

  0x000001ecb33df4a0: ;   {metadata(method data for {method} {0x000001ed1d45b390} '_shouldClose' '(Lcom/mojang/blaze3d/platform/Window;)Z' in 'com/mojang/blaze3d/platform/GLX')}
  0x000001ecb33df4a0: 0000 0148 | bff8 79cd | 1eed 0100 | 008b 9fcc | 0000 0083 | c302 899f | cc00 0000 | 81e3 feff 
  0x000001ecb33df4c0: 1f00 85db | 0f84 7da1 | 0000 488b 

  0x000001ecb33df4cc: ;   {metadata(method data for {method} {0x000001ed1d45b390} '_shouldClose' '(Lcom/mojang/blaze3d/platform/Window;)Z' in 'com/mojang/blaze3d/platform/GLX')}
  0x000001ecb33df4cc: fe48 bbf8 | 79cd 1eed | 0100 0048 | 8383 1001 | 0000 0148 

  0x000001ecb33df4e0: ;   {metadata(method data for {method} {0x000001ed1d45b390} '_shouldClose' '(Lcom/mojang/blaze3d/platform/Window;)Z' in 'com/mojang/blaze3d/platform/GLX')}
  0x000001ecb33df4e0: 8b7e 1048 | bef8 79cd | 1eed 0100 | 0048 8386 | 4801 0000 | 0148 8bd7 | 0f1f 8000 

  0x000001ecb33df4fc: ;   {static_call}
  0x000001ecb33df4fc: 0000 00e8 

  0x000001ecb33df500: ; ImmutableOopMap {[216]=Oop }
                      ;*invokestatic glfwWindowShouldClose {reexecute=0 rethrow=0 return_oop=0}
                      ; - com.mojang.blaze3d.platform.GLX::_shouldClose@4 (line 90)
                      ; - com.mojang.blaze3d.platform.Window::shouldClose@1 (line 137)
                      ; - net.minecraft.client.Minecraft::runTick@14 (line 1137)
  0x000001ecb33df500: 5c57 0c00 

  0x000001ecb33df504: ;   {other}
  0x000001ecb33df504: 0f1f 8400 | f414 0000 | 83e0 0183 | e001 85c0 

  0x000001ecb33df514: ;   {metadata(method data for {method} {0x000001ed0c798a18} 'runTick' '(Z)V' in 'net/minecraft/client/Minecraft')}
  0x000001ecb33df514: 48ba 0080 | cd1e ed01 | 0000 48be | 8001 0000 | 0000 0000 | 740a 48be | 9001 0000 | 0000 0000 
  0x000001ecb33df534: 488b 3c32 | 488d 7f01 | 4889 3c32 | 488b 9424 | d800 0000 | 0f84 d604 | 0000 488b 

  0x000001ecb33df550: ;   {metadata(method data for {method} {0x000001ed0c798a18} 'runTick' '(Z)V' in 'net/minecraft/client/Minecraft')}
  0x000001ecb33df550: f248 bf00 | 80cd 1eed 

  0x000001ecb33df558: ;   {metadata('net/minecraft/client/Minecraft')}
  0x000001ecb33df558: 0100 0049 | ba98 0636 | cbec 0100 | 004c 8997 | b001 0000 | 4883 87b8 | 0100 0001 

  0x000001ecb33df574: ;   {metadata(method data for {method} {0x000001ed0c79a570} 'stop' '()V' in 'net/minecraft/client/Minecraft')}
  0x000001ecb33df574: 48be 907b | cd1e ed01 | 0000 8bbe | cc00 0000 | 83c7 0289 | becc 0000 | 0081 e7fe | ff1f 0085 
  0x000001ecb33df594: ff0f 84cd | a000 0048 

  0x000001ecb33df59c: ;   {metadata(method data for {method} {0x000001ed0c79a570} 'stop' '()V' in 'net/minecraft/client/Minecraft')}
  0x000001ecb33df59c: 8bf2 48bf | 907b cd1e | ed01 0000 

  0x000001ecb33df5a8: ;   {metadata('net/minecraft/client/Minecraft')}
  0x000001ecb33df5a8: 49ba 9806 | 36cb ec01 | 0000 4c89 | 9720 0100 | 0048 8387 | 2801 0000 | 010f be72 | 7383 e601 
  0x000001ecb33df5c8: ;   {metadata(method data for {method} {0x000001ed0c79a570} 'stop' '()V' in 'net/minecraft/client/Minecraft')}
  0x000001ecb33df5c8: 85f6 48be | 907b cd1e | ed01 0000 | 48bf 4801 | 0000 0000 | 0000 740a | 48bf 5801 | 0000 0000 
  0x000001ecb33df5e8: 0000 488b | 043e 488d | 4001 4889 | 043e 0f84 | 1804 0000 | 0f1f 4000 

  0x000001ecb33df600: ;   {no_reloc}
  0x000001ecb33df600: e993 a000 | 0000 0000 | 0000 80ba | 2101 0000 | 040f 8590 | a000 0049 | 8b87 b801 | 0000 488d 
  0x000001ecb33df620: 7810 493b | bfc8 0100 | 000f 8778 | a000 0049 | 89bf b801 | 0000 48c7 | 0001 0000 | 0048 8bca 
  0x000001ecb33df640: 49ba 0000 | 00ca ec01 | 0000 492b | ca89 4808 | 4833 c989 | 480c 4833 | c948 8984 | 24e8 0000 
  0x000001ecb33df660: 0048 8bd0 

  0x000001ecb33df664: ;   {metadata(method data for {method} {0x000001ed0c79a570} 'stop' '()V' in 'net/minecraft/client/Minecraft')}
  0x000001ecb33df664: 48be 907b | cd1e ed01 | 0000 4883 | 8668 0100 | 0001 488b | d066 0f1f 

  0x000001ecb33df67c: ;   {optimized virtual_call}
  0x000001ecb33df67c: 4400 00e8 

  0x000001ecb33df680: ; ImmutableOopMap {[216]=Oop [232]=Oop }
                      ;*invokespecial <init> {reexecute=0 rethrow=0 return_oop=0}
                      ; - net.minecraft.client.Minecraft::stop@14 (line 1600)
                      ; - net.minecraft.client.Minecraft::runTick@21 (line 1138)
  0x000001ecb33df680: fcf3 fe05 

  0x000001ecb33df684: ;   {other}
  0x000001ecb33df684: 0f1f 8400 | 7416 0001 

  0x000001ecb33df68c: ;   {oop(a 'net/neoforged/bus/EventBus'{0x000000070a530518})}
  0x000001ecb33df68c: 49b8 1805 | 530a 0700 | 0000 498b 

  0x000001ecb33df698: ;   {metadata(method data for {method} {0x000001ed0c79a570} 'stop' '()V' in 'net/minecraft/client/Minecraft')}
  0x000001ecb33df698: d048 be90 | 7bcd 1eed 

  0x000001ecb33df6a0: ;   {metadata('net/neoforged/bus/EventBus')}
  0x000001ecb33df6a0: 0100 0049 | ba08 b8b9 | cbec 0100 | 004c 8996 | 8801 0000 | 4883 8690 | 0100 0001 

  0x000001ecb33df6bc: ;   {metadata(method data for {method} {0x000001ed1d21c0e8} 'post' '(Lnet/neoforged/bus/api/Event;)Lnet/neoforged/bus/api/Event;' in 'net/neoforged/bus/EventBus')}
  0x000001ecb33df6bc: 48ba e821 | 741e ed01 | 0000 8bb2 | cc00 0000 | 83c6 0289 | b2cc 0000 | 0081 e6fe | ff1f 0085 
  0x000001ecb33df6dc: f60f 84d1 | 9f00 0045 | 0fbe 400c 

  0x000001ecb33df6e8: ;   {metadata(method data for {method} {0x000001ed1d21c0e8} 'post' '(Lnet/neoforged/bus/api/Event;)Lnet/neoforged/bus/api/Event;' in 'net/neoforged/bus/EventBus')}
  0x000001ecb33df6e8: 4585 c049 | b8e8 2174 | 1eed 0100 | 0048 ba20 | 0100 0000 | 0000 0075 | 0a48 ba10 | 0100 0000 
  0x000001ecb33df708: 0000 0049 | 8b34 1048 | 8d76 0149 | 8934 1048 | 8b84 24e8 | 0000 000f | 85e7 0200 

  0x000001ecb33df724: ;   {oop(a 'net/neoforged/bus/EventBus'{0x000000070a530518})}
  0x000001ecb33df724: 0048 be18 | 0553 0a07 | 0000 004c 

  0x000001ecb33df730: ;   {metadata(method data for {method} {0x000001ed1d21c0e8} 'post' '(Lnet/neoforged/bus/api/Event;)Lnet/neoforged/bus/api/Event;' in 'net/neoforged/bus/EventBus')}
  0x000001ecb33df730: 8bc6 48ba | e821 741e | ed01 0000 | 4883 8230 | 0100 0001 | 4c8b c048 | 8bd6 4889 | b424 f000 
  0x000001ecb33df750: 0000 0f1f 

  0x000001ecb33df754: ;   {optimized virtual_call}
  0x000001ecb33df754: 4400 00e8 

  0x000001ecb33df758: ; ImmutableOopMap {[216]=Oop [232]=Oop [240]=Oop }
                      ;*invokevirtual doPostChecks {reexecute=0 rethrow=0 return_oop=0}
                      ; - net.neoforged.bus.EventBus::post@11 (line 313)
                      ; - net.minecraft.client.Minecraft::stop@17 (line 1600)
                      ; - net.minecraft.client.Minecraft::runTick@21 (line 1138)
  0x000001ecb33df758: 24f3 fe05 

  0x000001ecb33df75c: ;   {other}
  0x000001ecb33df75c: 0f1f 8400 | 4c17 0002 | 488b 8424 | e800 0000 

  0x000001ecb33df76c: ;   {metadata(method data for {method} {0x000001ed1d21c0e8} 'post' '(Lnet/neoforged/bus/api/Event;)Lnet/neoforged/bus/api/Event;' in 'net/neoforged/bus/EventBus')}
  0x000001ecb33df76c: 49b8 e821 | 741e ed01 | 0000 4983 | 8068 0100 | 0001 488b | 8424 e800 | 0000 448b | 4008 49ba 
  0x000001ecb33df78c: 0000 00ca | ec01 0000 | 4d03 c24d | 8b40 704d | 8b00 488b | b424 f000 

  0x000001ecb33df7a4: ;   {metadata(method data for {method} {0x000001ed1d21c0e8} 'post' '(Lnet/neoforged/bus/api/Event;)Lnet/neoforged/bus/api/Event;' in 'net/neoforged/bus/EventBus')}
  0x000001ecb33df7a4: 0000 48ba | e821 741e | ed01 0000 | 4883 82a0 | 0100 0001 | 488b 9424 | f000 0000 | 0f1f 8000 
  0x000001ecb33df7c4: ;   {optimized virtual_call}
  0x000001ecb33df7c4: 0000 00e8 

  0x000001ecb33df7c8: ; ImmutableOopMap {[216]=Oop [232]=Oop }
                      ;*invokevirtual getListenerList {reexecute=0 rethrow=0 return_oop=0}
                      ; - net.neoforged.bus.EventBus::post@21 (line 315)
                      ; - net.minecraft.client.Minecraft::stop@17 (line 1600)
                      ; - net.minecraft.client.Minecraft::runTick@21 (line 1138)
  0x000001ecb33df7c8: b4f2 fe05 

  0x000001ecb33df7cc: ;   {other}
  0x000001ecb33df7cc: 0f1f 8400 | bc17 0003 

  0x000001ecb33df7d4: ; implicit exception: dispatches to 0x000001ecb33e96da
  0x000001ecb33df7d4: 483b 0048 

  0x000001ecb33df7d8: ;   {metadata(method data for {method} {0x000001ed1d21c0e8} 'post' '(Lnet/neoforged/bus/api/Event;)Lnet/neoforged/bus/api/Event;' in 'net/neoforged/bus/EventBus')}
  0x000001ecb33df7d8: 8bd0 48be | e821 741e | ed01 0000 

  0x000001ecb33df7e4: ;   {metadata('net/neoforged/bus/ListenerList')}
  0x000001ecb33df7e4: 49ba e043 | d3cb ec01 | 0000 4c89 | 96e8 0100 | 0048 8386 | f001 0000 

  0x000001ecb33df7fc: ;   {metadata(method data for {method} {0x000001ed1da3d8c0} 'getListeners' '()[Lnet/neoforged/bus/api/EventListener;' in 'net/neoforged/bus/ListenerList')}
  0x000001ecb33df7fc: 0148 ba98 | f33e 1eed | 0100 008b | b2cc 0000 | 0083 c602 | 89b2 cc00 | 0000 81e6 | feff 1f00 
  0x000001ecb33df81c: 85f6 0f84 | bb9e 0000 

  0x000001ecb33df824: ;   {metadata(method data for {method} {0x000001ed1da3d8c0} 'getListeners' '()[Lnet/neoforged/bus/api/EventListener;' in 'net/neoforged/bus/ListenerList')}
  0x000001ecb33df824: 488b d048 | be98 f33e | 1eed 0100 

  0x000001ecb33df830: ;   {metadata('net/neoforged/bus/ListenerList')}
  0x000001ecb33df830: 0049 bae0 | 43d3 cbec | 0100 004c | 8996 2001 | 0000 4883 | 8628 0100 | 0001 0fbe | 500c 83e2 
  0x000001ecb33df850: ;   {metadata(method data for {method} {0x000001ed1da3d8c0} 'getListeners' '()[Lnet/neoforged/bus/api/EventListener;' in 'net/neoforged/bus/ListenerList')}
  0x000001ecb33df850: 0185 d248 | ba98 f33e | 1eed 0100 | 0048 be48 | 0100 0000 | 0000 0074 | 0a48 be58 | 0100 0000 
  0x000001ecb33df870: 0000 0048 | 8b3c 3248 | 8d7f 0148 | 893c 320f | 8437 0000 | 0048 8bd0 

  0x000001ecb33df888: ;   {metadata(method data for {method} {0x000001ed1da3d8c0} 'getListeners' '()[Lnet/neoforged/bus/api/EventListener;' in 'net/neoforged/bus/ListenerList')}
  0x000001ecb33df888: 48be 98f3 | 3e1e ed01 | 0000 4883 | 8668 0100 | 0001 488b | d048 8984 | 24f8 0000 

  0x000001ecb33df8a4: ;   {optimized virtual_call}
  0x000001ecb33df8a4: 0066 90e8 

  0x000001ecb33df8a8: ; ImmutableOopMap {[216]=Oop [232]=Oop [248]=Oop }
                      ;*invokevirtual buildCache {reexecute=0 rethrow=0 return_oop=0}
                      ; - net.neoforged.bus.ListenerList::getListeners@8 (line 89)
                      ; - net.neoforged.bus.EventBus::post@24 (line 315)
                      ; - net.minecraft.client.Minecraft::stop@17 (line 1600)
                      ; - net.minecraft.client.Minecraft::runTick@21 (line 1138)
  0x000001ecb33df8a8: d4f1 fe05 

  0x000001ecb33df8ac: ;   {other}
  0x000001ecb33df8ac: 0f1f 8400 | 9c18 0004 | 488b 8424 | f800 0000 | 448b 4010 | 49c1 e003 

  0x000001ecb33df8c4: ; implicit exception: dispatches to 0x000001ecb33e9700
  0x000001ecb33df8c4: 493b 004d 

  0x000001ecb33df8c8: ;   {metadata(method data for {method} {0x000001ed1da3d8c0} 'getListeners' '()[Lnet/neoforged/bus/api/EventListener;' in 'net/neoforged/bus/ListenerList')}
  0x000001ecb33df8c8: 8bc8 48ba | 98f3 3e1e | ed01 0000 | 4883 82a0 | 0100 0001 | 458b 400c | 49c1 e003 | 4d85 c075 
  0x000001ecb33df8e8: ;   {metadata(method data for {method} {0x000001ed1da3d8c0} 'getListeners' '()[Lnet/neoforged/bus/api/EventListener;' in 'net/neoforged/bus/ListenerList')}
  0x000001ecb33df8e8: 1648 ba98 | f33e 1eed | 0100 0080 | 8ad1 0100 | 0001 e9cf 

  0x000001ecb33df8fc: ;   {metadata('net/neoforged/bus/api/EventListener'[])}
  0x000001ecb33df8fc: 0000 0048 | be90 1bd2 | cbec 0100 | 0041 8b50 | 0849 ba00 | 0000 caec | 0100 0049 | 03d2 483b 
  0x000001ecb33df91c: 7240 0f85 | 8e00 0000 

  0x000001ecb33df924: ;   {metadata(method data for {method} {0x000001ed1da3d8c0} 'getListeners' '()[Lnet/neoforged/bus/api/EventListener;' in 'net/neoforged/bus/ListenerList')}
  0x000001ecb33df924: 48ba 98f3 | 3e1e ed01 | 0000 418b | 7008 49ba | 0000 00ca | ec01 0000 | 4903 f248 | 3bb2 e801 
  0x000001ecb33df944: 0000 750d | 4883 82f0 | 0100 0001 | e979 0000 | 0048 3bb2 | f801 0000 | 750d 4883 | 8200 0200 
  0x000001ecb33df964: 0001 e963 | 0000 0048 | 83ba e801 | 0000 0075 | 1748 89b2 | e801 0000 | 48c7 82f0 | 0100 0001 
  0x000001ecb33df984: 0000 00e9 | 4200 0000 | 4883 baf8 | 0100 0000 | 7517 4889 | b2f8 0100 | 0048 c782 | 0002 0000 
  0x000001ecb33df9a4: 0100 0000 | e921 0000 | 00e9 1c00 

  0x000001ecb33df9b0: ;   {metadata(method data for {method} {0x000001ed1da3d8c0} 'getListeners' '()[Lnet/neoforged/bus/api/EventListener;' in 'net/neoforged/bus/ListenerList')}
  0x000001ecb33df9b0: 0000 48ba | 98f3 3e1e | ed01 0000 | 4883 aad8 | 0100 0001 | e93c 9d00 | 00e9 0000 | 0000 4d8b 
  0x000001ecb33df9d0: c848 8b84 | 24e8 0000 

  0x000001ecb33df9d8: ;   {oop(a 'net/neoforged/bus/EventBus'{0x000000070a530518})}
  0x000001ecb33df9d8: 0048 ba18 | 0553 0a07 | 0000 004c 

  0x000001ecb33df9e4: ;   {metadata(method data for {method} {0x000001ed1d21c0e8} 'post' '(Lnet/neoforged/bus/api/Event;)Lnet/neoforged/bus/api/Event;' in 'net/neoforged/bus/EventBus')}
  0x000001ecb33df9e4: 8bc2 48be | e821 741e | ed01 0000 | 4883 8610 | 0200 0001 | 4c8b c00f 

  0x000001ecb33df9fc: ;   {optimized virtual_call}
  0x000001ecb33df9fc: 1f40 00e8 

  0x000001ecb33dfa00: ; ImmutableOopMap {[216]=Oop }
                      ;*invokevirtual post {reexecute=0 rethrow=0 return_oop=0}
                      ; - net.neoforged.bus.EventBus::post@27 (line 315)
                      ; - net.minecraft.client.Minecraft::stop@17 (line 1600)
                      ; - net.minecraft.client.Minecraft::runTick@21 (line 1138)
  0x000001ecb33dfa00: 7cf0 fe05 

  0x000001ecb33dfa04: ;   {other}
  0x000001ecb33dfa04: 0f1f 8400 | f419 0005 | 488b 9424 | d800 0000 | 41b8 0000 | 0000 4488 | 4273 f083 | 4424 c000 
  0x000001ecb33dfa24: 8bb2 b001 | 0000 48c1 | e603 4885 

  0x000001ecb33dfa30: ;   {metadata(method data for {method} {0x000001ed0c798a18} 'runTick' '(Z)V' in 'net/minecraft/client/Minecraft')}
  0x000001ecb33dfa30: f649 b800 | 80cd 1eed | 0100 0049 | b9d8 0100 | 0000 0000 | 0074 0a49 | b9e8 0100 | 0000 0000 
  0x000001ecb33dfa50: 004b 8b3c | 0848 8d7f | 014b 893c | 080f 8492 | 0400 0044 | 8b82 9c01 | 0000 49c1 | e003 4d85 
  0x000001ecb33dfa70: ;   {metadata(method data for {method} {0x000001ed0c798a18} 'runTick' '(Z)V' in 'net/minecraft/client/Minecraft')}
  0x000001ecb33dfa70: c075 1648 | bf00 80cd | 1eed 0100 | 0080 8ff1 | 0100 0001 | e9cf 0000 

  0x000001ecb33dfa88: ;   {metadata('net/minecraft/client/gui/screens/LoadingOverlay')}
  0x000001ecb33dfa88: 0048 bb68 | a134 cbec | 0100 0041 | 8b78 0849 | ba00 0000 | caec 0100 | 0049 03fa | 483b 5f40 
  0x000001ecb33dfaa8: 0f85 8e00 

  0x000001ecb33dfaac: ;   {metadata(method data for {method} {0x000001ed0c798a18} 'runTick' '(Z)V' in 'net/minecraft/client/Minecraft')}
  0x000001ecb33dfaac: 0000 48bf | 0080 cd1e | ed01 0000 | 418b 5808 | 49ba 0000 | 00ca ec01 | 0000 4903 | da48 3b9f 
  0x000001ecb33dfacc: 0802 0000 | 750d 4883 | 8710 0200 | 0001 e97e | 0000 0048 | 3b9f 1802 | 0000 750d | 4883 8720 
  0x000001ecb33dfaec: 0200 0001 | e968 0000 | 0048 83bf | 0802 0000 | 0075 1748 | 899f 0802 | 0000 48c7 | 8710 0200 
  0x000001ecb33dfb0c: 0001 0000 | 00e9 4700 | 0000 4883 | bf18 0200 | 0000 7517 | 4889 9f18 | 0200 0048 | c787 2002 
  0x000001ecb33dfb2c: 0000 0100 | 0000 e926 | 0000 00e9 | 2100 0000 

  0x000001ecb33dfb3c: ;   {metadata(method data for {method} {0x000001ed0c798a18} 'runTick' '(Z)V' in 'net/minecraft/client/Minecraft')}
  0x000001ecb33dfb3c: 48bf 0080 | cd1e ed01 | 0000 4883 | aff8 0100 | 0001 e905 | 0000 00e9 | 0500 0000 | 4d33 c0eb 
  0x000001ecb33dfb5c: 0a49 b801 | 0000 0000 | 0000 0045 

  0x000001ecb33dfb68: ;   {metadata(method data for {method} {0x000001ed0c798a18} 'runTick' '(Z)V' in 'net/minecraft/client/Minecraft')}
  0x000001ecb33dfb68: 85c0 49b8 | 0080 cd1e | ed01 0000 | 49b9 3002 | 0000 0000 | 0000 750a | 49b9 4002 | 0000 0000 
  0x000001ecb33dfb88: 0000 4b8b | 3c08 488d | 7f01 4b89 | 3c08 0f85 | 5903 0000 | 4889 b424 | 0001 0000 | 450f be47 
  0x000001ecb33dfba8: 4045 85c0 | 0f85 5c9b | 0000 c782 | b001 0000 | 0000 0000 

  0x000001ecb33dfbbc: ;   {metadata(method data for {method} {0x000001ed0c798a18} 'runTick' '(Z)V' in 'net/minecraft/client/Minecraft')}
  0x000001ecb33dfbbc: 4c8b c249 | b900 80cd | 1eed 0100 

  0x000001ecb33dfbc8: ;   {metadata('net/minecraft/client/Minecraft')}
  0x000001ecb33dfbc8: 0049 ba98 | 0636 cbec | 0100 004d | 8991 6002 | 0000 4983 | 8168 0200 

  0x000001ecb33dfbe0: ;   {metadata(method data for {method} {0x000001ed0c7af630} 'reloadResourcePacks' '()Ljava/util/concurrent/CompletableFuture;' in 'net/minecraft/client/Minecraft')}
  0x000001ecb33dfbe0: 0001 49b8 | b89d cd1e | ed01 0000 | 458b 88cc | 0000 0041 | 83c1 0245 | 8988 cc00 | 0000 4181 
  0x000001ecb33dfc00: e1fe ff1f | 0045 85c9 | 0f84 239b | 0000 4c8b 

  0x000001ecb33dfc10: ;   {metadata(method data for {method} {0x000001ed0c7af630} 'reloadResourcePacks' '()Ljava/util/concurrent/CompletableFuture;' in 'net/minecraft/client/Minecraft')}
  0x000001ecb33dfc10: c249 b9b8 | 9dcd 1eed | 0100 0049 | 8381 1001 | 0000 0141 | b800 0000 

  0x000001ecb33dfc28: ;   {oop(nullptr)}
  0x000001ecb33dfc28: 0049 b900 | 0000 0000 | 0000 0048 | 8bfa 488b | d766 0f1f 

  0x000001ecb33dfc3c: ;   {optimized virtual_call}
  0x000001ecb33dfc3c: 4400 00e8 

  0x000001ecb33dfc40: ; ImmutableOopMap {[216]=Oop [256]=Oop }
                      ;*invokevirtual reloadResourcePacks {reexecute=0 rethrow=0 return_oop=0}
                      ; - net.minecraft.client.Minecraft::reloadResourcePacks@3 (line 898)
                      ; - net.minecraft.client.Minecraft::runTick@52 (line 1144)
  0x000001ecb33dfc40: 3cee fe05 

  0x000001ecb33dfc44: ;   {other}
  0x000001ecb33dfc44: 0f1f 8400 | 341c 0006 | 0f1f 4000 

  0x000001ecb33dfc50: ;   {no_reloc}
  0x000001ecb33dfc50: e90c 9b00 | 0090 9090 | 9090 488b | 9424 0001 | 0000 4889 | 8424 0801 | 0000 0f1f 

  0x000001ecb33dfc6c: ;   {static_call}
  0x000001ecb33dfc6c: 4400 00e8 

  0x000001ecb33dfc70: ; ImmutableOopMap {[216]=Oop [264]=Oop }
                      ;*invokedynamic {reexecute=0 rethrow=0 return_oop=0}
                      ; - net.minecraft.client.Minecraft::runTick@56 (line 1144)
  0x000001ecb33dfc70: 0cf4 fe05 

  0x000001ecb33dfc74: ;   {other}
  0x000001ecb33dfc74: 0f1f 8400 | 641c 0007 

  0x000001ecb33dfc7c: ;   {metadata(method data for {method} {0x000001ed0c798a18} 'runTick' '(Z)V' in 'net/minecraft/client/Minecraft')}
  0x000001ecb33dfc7c: 49b8 0080 | cd1e ed01 | 0000 4d8d | 80a8 0200 | 0048 85c0 | 750d 41f6 | 0001 754e | f049 8308 
  0x000001ecb33dfc9c: 01eb 4744 | 8b48 0849 | ba00 0000 | caec 0100 | 004d 03ca | 4d8b d14d | 3308 49f7 | c1fc ffff 
  0x000001ecb33dfcbc: ff74 2741 | f6c1 0275 | 2149 f700 | feff ffff | 7415 4d8b | ca4d 3308 | 49f7 c1fc | ffff ff74 
  0x000001ecb33dfcdc: 0949 8308 | 02eb 034d | 8908 488b | 9424 0801 | 0000 483b | 024c 8bc2 

  0x000001ecb33dfcf4: ;   {metadata(method data for {method} {0x000001ed0c798a18} 'runTick' '(Z)V' in 'net/minecraft/client/Minecraft')}
  0x000001ecb33dfcf4: 49b9 0080 | cd1e ed01 | 0000 458b | 4008 49ba | 0000 00ca | ec01 0000 | 4d03 c24d | 3b81 c802 
  0x000001ecb33dfd14: 0000 750d | 4983 81d0 | 0200 0001 | e960 0000 | 004d 3b81 | d802 0000 | 750d 4983 | 81e0 0200 
  0x000001ecb33dfd34: 0001 e94a | 0000 0049 | 83b9 c802 | 0000 0075 | 174d 8981 | c802 0000 | 49c7 81d0 | 0200 0001 
  0x000001ecb33dfd54: 0000 00e9 | 2900 0000 | 4983 b9d8 | 0200 0000 | 7517 4d89 | 81d8 0200 | 0049 c781 | e002 0000 
  0x000001ecb33dfd74: 0100 0000 | e908 0000 | 0049 8381 | b802 0000 

  0x000001ecb33dfd84: ;   {metadata(method data for {method} {0x000001ed0c14e478} 'thenRun' '(Ljava/lang/Runnable;)Ljava/util/concurrent/CompletableFuture;' in 'java/util/concurrent/CompletableFuture')}
  0x000001ecb33dfd84: 0149 b808 | d291 1eed | 0100 0045 | 8b88 cc00 | 0000 4183 | c102 4589 | 88cc 0000 | 0041 81e1 
  0x000001ecb33dfda4: feff 1f00 | 4585 c90f | 84bf 9900 | 004c 8bc2 

  0x000001ecb33dfdb4: ;   {metadata(method data for {method} {0x000001ed0c14e478} 'thenRun' '(Ljava/lang/Runnable;)Ljava/util/concurrent/CompletableFuture;' in 'java/util/concurrent/CompletableFuture')}
  0x000001ecb33dfdb4: 49b9 08d2 | 911e ed01 | 0000 4983 | 8110 0100 

  0x000001ecb33dfdc4: ;   {oop(nullptr)}
  0x000001ecb33dfdc4: 0001 49b8 | 0000 0000 | 0000 0000 | 4c8b c80f 

  0x000001ecb33dfdd4: ;   {optimized virtual_call}
  0x000001ecb33dfdd4: 1f40 00e8 

  0x000001ecb33dfdd8: ; ImmutableOopMap {[216]=Oop }
                      ;*invokevirtual uniRunStage {reexecute=0 rethrow=0 return_oop=0}
                      ; - java.util.concurrent.CompletableFuture::thenRun@3 (line 2227)
                      ; - net.minecraft.client.Minecraft::runTick@61 (line 1144)
  0x000001ecb33dfdd8: a4ec fe05 

  0x000001ecb33dfddc: ;   {other}
  0x000001ecb33dfddc: 0f1f 8400 | cc1d 0008 | 488b 9424 | d800 0000 | e904 0100 | 000f 1f80 | 0000 0000 

  0x000001ecb33dfdf8: ; implicit exception: dispatches to 0x000001ecb33e9791
  0x000001ecb33dfdf8: 483b 0248 

  0x000001ecb33dfdfc: ;   {metadata(method data for {method} {0x000001ed0c798a18} 'runTick' '(Z)V' in 'net/minecraft/client/Minecraft')}
  0x000001ecb33dfdfc: 8bf2 48bf | 0080 cd1e | ed01 0000 | 8b76 0849 | ba00 0000 | caec 0100 | 0049 03f2 | 483b b790 
  0x000001ecb33dfe1c: 0300 0075 | 0d48 8387 | 9803 0000 | 01e9 6000 | 0000 483b | b7a0 0300 | 0075 0d48 | 8387 a803 
  0x000001ecb33dfe3c: 0000 01e9 | 4a00 0000 | 4883 bf90 | 0300 0000 | 7517 4889 | b790 0300 | 0048 c787 | 9803 0000 
  0x000001ecb33dfe5c: 0100 0000 | e929 0000 | 0048 83bf | a003 0000 | 0075 1748 | 89b7 a003 | 0000 48c7 | 87a8 0300 
  0x000001ecb33dfe7c: 0001 0000 | 00e9 0800 | 0000 4883 | 8780 0300 | 0001 0f1f | 8000 0000 | 0048 b8ff | ffff ffff 
  0x000001ecb33dfe9c: ;   {virtual_call}
  0x000001ecb33dfe9c: ffff ffe8 

  0x000001ecb33dfea0: ; ImmutableOopMap {[216]=Oop }
                      ;*invokeinterface run {reexecute=0 rethrow=0 return_oop=0}
                      ; - net.minecraft.client.Minecraft::runTick@83 (line 1149)
  0x000001ecb33dfea0: dcee fe05 

  0x000001ecb33dfea4: ;   {other}
  0x000001ecb33dfea4: 0f1f 8400 | 941e 0009 

  0x000001ecb33dfeac: ;   {metadata(method data for {method} {0x000001ed0c798a18} 'runTick' '(Z)V' in 'net/minecraft/client/Minecraft')}
  0x000001ecb33dfeac: 48ba 0080 | cd1e ed01 | 0000 8bb2 | d000 0000 | 83c6 0289 | b2d0 0000 | 0081 e6fe | 3f00 0085 
  0x000001ecb33dfecc: f60f 84c3 | 9800 004d | 8b97 5804 

  0x000001ecb33dfed8: ; ImmutableOopMap {[216]=Oop }
                      ;*goto {reexecute=1 rethrow=0 return_oop=0}
                      ; - (reexecute) net.minecraft.client.Minecraft::runTick@88 (line 1149)
                      ;   {poll}
  0x000001ecb33dfed8: 0000 4185 

  0x000001ecb33dfedc: ;   {metadata(method data for {method} {0x000001ed0c798a18} 'runTick' '(Z)V' in 'net/minecraft/client/Minecraft')}
  0x000001ecb33dfedc: 0248 ba00 | 80cd 1eed | 0100 00ff | 82b8 0300 | 0048 8b94 | 24d8 0000 | 008b b2ac | 0100 0048 
  0x000001ecb33dfefc: c1e6 0348 | 3b06 488b 

  0x000001ecb33dff04: ;   {metadata(method data for {method} {0x000001ed0c798a18} 'runTick' '(Z)V' in 'net/minecraft/client/Minecraft')}
  0x000001ecb33dff04: fe48 bb00 | 80cd 1eed | 0100 008b | 7f08 49ba | 0000 00ca | ec01 0000 | 4903 fa48 | 3bbb 0003 
  0x000001ecb33dff24: 0000 750d | 4883 8308 | 0300 0001 | e960 0000 | 0048 3bbb | 1003 0000 | 750d 4883 | 8318 0300 
  0x000001ecb33dff44: 0001 e94a | 0000 0048 | 83bb 0003 | 0000 0075 | 1748 89bb | 0003 0000 | 48c7 8308 | 0300 0001 
  0x000001ecb33dff64: 0000 00e9 | 2900 0000 | 4883 bb10 | 0300 0000 | 7517 4889 | bb10 0300 | 0048 c783 | 1803 0000 
  0x000001ecb33dff84: 0100 0000 | e908 0000 | 0048 8383 | f002 0000 | 0148 8bd6 | 0f1f 4400 | 0048 b8c0 | 8107 cbec 
  0x000001ecb33dffa4: ;   {virtual_call}
  0x000001ecb33dffa4: 0100 00e8 

  0x000001ecb33dffa8: ; ImmutableOopMap {[216]=Oop }
                      ;*invokeinterface poll {reexecute=0 rethrow=0 return_oop=0}
                      ; - net.minecraft.client.Minecraft::runTick@69 (line 1148)
  0x000001ecb33dffa8: 14e2 7d06 

  0x000001ecb33dffac: ;   {other}
  0x000001ecb33dffac: 0f1f 8400 | 9c1f 000b | 4885 c075 

  0x000001ecb33dffb8: ;   {metadata(method data for {method} {0x000001ed0c798a18} 'runTick' '(Z)V' in 'net/minecraft/client/Minecraft')}
  0x000001ecb33dffb8: 1648 bf00 | 80cd 1eed | 0100 0080 | 8f21 0300 | 0001 e9e7 

  0x000001ecb33dffcc: ;   {metadata('java/lang/Runnable')}
  0x000001ecb33dffcc: 0000 0048 | bbe8 7a01 | caec 0100 | 008b 7808 | 49ba 0000 | 00ca ec01 | 0000 4903 | fa48 3b5f 
  0x000001ecb33dffec: 200f 841a | 0000 0048 | 3bfb 0f84 | 1100 0000 

  0x000001ecb33dfffc: ;   {runtime_call slow_subtype_check Runtime1 stub}
  0x000001ecb33dfffc: 5753 e87d | 600b 065f | 5f85 ff0f | 848d 0000 

  0x000001ecb33e000c: ;   {metadata(method data for {method} {0x000001ed0c798a18} 'runTick' '(Z)V' in 'net/minecraft/client/Minecraft')}
  0x000001ecb33e000c: 0048 bf00 | 80cd 1eed | 0100 008b | 5808 49ba | 0000 00ca | ec01 0000 | 4903 da48 | 3b9f 3803 
  0x000001ecb33e002c: 0000 750d | 4883 8740 | 0300 0001 | e979 0000 | 0048 3b9f | 4803 0000 | 750d 4883 | 8750 0300 
  0x000001ecb33e004c: 0001 e963 | 0000 0048 | 83bf 3803 | 0000 0075 | 1748 899f | 3803 0000 | 48c7 8740 | 0300 0001 
  0x000001ecb33e006c: 0000 00e9 | 4200 0000 | 4883 bf48 | 0300 0000 | 7517 4889 | 9f48 0300 | 0048 c787 | 5003 0000 
  0x000001ecb33e008c: 0100 0000 | e921 0000 | 00e9 1c00 

  0x000001ecb33e0098: ;   {metadata(method data for {method} {0x000001ed0c798a18} 'runTick' '(Z)V' in 'net/minecraft/client/Minecraft')}
  0x000001ecb33e0098: 0000 48bf | 0080 cd1e | ed01 0000 | 4883 af28 | 0300 0001 | e90b 9700 | 00e9 0000 | 0000 488b 
  0x000001ecb33e00b8: d048 85d2 

  0x000001ecb33e00bc: ;   {metadata(method data for {method} {0x000001ed0c798a18} 'runTick' '(Z)V' in 'net/minecraft/client/Minecraft')}
  0x000001ecb33e00bc: 48be 0080 | cd1e ed01 | 0000 48bf | 7003 0000 | 0000 0000 | 750a 48bf | 6003 0000 | 0000 0000 
  0x000001ecb33e00dc: 488b 1c3e | 488d 5b01 | 4889 1c3e | 0f85 0afd | ffff 488b | 9424 d800 | 0000 8bb2 | 9400 0000 
  0x000001ecb33e00fc: 48c1 e603 | 4889 b424 | 1001 0000 

  0x000001ecb33e0108: ;   {metadata(method data for {method} {0x000001ed0c798a18} 'runTick' '(Z)V' in 'net/minecraft/client/Minecraft')}
  0x000001ecb33e0108: 48bf 0080 | cd1e ed01 | 0000 4883 | 87d0 0300 

  0x000001ecb33e0118: ;   {metadata(method data for {method} {0x000001ed0ce5c088} 'getMillis' '()J' in 'net/minecraft/Util')}
  0x000001ecb33e0118: 0001 48bf | 90f7 821e | ed01 0000 | 8b9f cc00 | 0000 83c3 | 0289 9fcc | 0000 0081 | e3fe ff1f 
  0x000001ecb33e0138: 0085 db0f | 8484 9600 

  0x000001ecb33e0140: ;   {metadata(method data for {method} {0x000001ed0ce5c088} 'getMillis' '()J' in 'net/minecraft/Util')}
  0x000001ecb33e0140: 0048 bf90 | f782 1eed | 0100 0048 | 8387 1001 

  0x000001ecb33e0150: ;   {metadata(method data for {method} {0x000001ed0ce5c128} 'getNanos' '()J' in 'net/minecraft/Util')}
  0x000001ecb33e0150: 0000 0148 | bff0 fb82 | 1eed 0100 | 008b 9fcc | 0000 0083 | c302 899f | cc00 0000 | 81e3 feff 
  0x000001ecb33e0170: 1f00 85db | 0f84 6c96 

  0x000001ecb33e0178: ;   {oop(a 'java/lang/Class'{0x000000070234b250} = 'net/minecraft/Util')}
  0x000001ecb33e0178: 0000 48bf | 50b2 3402 | 0700 0000 | 8bbf 8c00 | 0000 48c1 | e703 483b | 0748 8bdf 

  0x000001ecb33e0194: ;   {metadata(method data for {method} {0x000001ed0ce5c128} 'getNanos' '()J' in 'net/minecraft/Util')}
  0x000001ecb33e0194: 48b8 f0fb | 821e ed01 | 0000 8b5b | 0849 ba00 | 0000 caec | 0100 0049 | 03da 483b | 9820 0100 
  0x000001ecb33e01b4: 0075 0d48 | 8380 2801 | 0000 01e9 | 6000 0000 | 483b 9830 | 0100 0075 | 0d48 8380 | 3801 0000 
  0x000001ecb33e01d4: 01e9 4a00 | 0000 4883 | b820 0100 | 0000 7517 | 4889 9820 | 0100 0048 | c780 2801 | 0000 0100 
  0x000001ecb33e01f4: 0000 e929 | 0000 0048 | 83b8 3001 | 0000 0075 | 1748 8998 | 3001 0000 | 48c7 8038 | 0100 0001 
  0x000001ecb33e0214: 0000 00e9 | 0800 0000 | 4883 8010 | 0100 0001 | 488b d766 | 0f1f 4400 | 0048 b818 | 9bcd cbec 
  0x000001ecb33e0234: ;   {virtual_call}
  0x000001ecb33e0234: 0100 00e8 

  0x000001ecb33e0238: ; ImmutableOopMap {[216]=Oop [272]=Oop }
                      ;*invokeinterface getAsLong {reexecute=0 rethrow=0 return_oop=0}
                      ; - net.minecraft.Util::getNanos@3 (line 138)
                      ; - net.minecraft.Util::getMillis@0 (line 134)
                      ; - net.minecraft.client.Minecraft::runTick@95 (line 1152)
  0x000001ecb33e0238: e4aa d306 

  0x000001ecb33e023c: ;   {other}
  0x000001ecb33e023c: 0f1f 8400 | 2c22 000c | 48b9 4042 | 0f00 0000 | 0000 488b | d048 8bf1 | 488b ce48 | 83fe 000f 
  0x000001ecb33e025c: 84ab 9500 

  0x000001ecb33e0260: ;   {runtime_call}
  0x000001ecb33e0260: 0048 b810 | 9fff 33f9 | 7f00 00ff 

  0x000001ecb33e026c: ;   {other}
  0x000001ecb33e026c: d00f 1f84 | 0000 0000 | 0048 8bb4 | 2410 0100 | 0048 3b06 

  0x000001ecb33e0280: ;   {metadata(method data for {method} {0x000001ed0c798a18} 'runTick' '(Z)V' in 'net/minecraft/client/Minecraft')}
  0x000001ecb33e0280: 4c8b c648 | ba00 80cd | 1eed 0100 

  0x000001ecb33e028c: ;   {metadata('net/minecraft/client/DeltaTracker$Timer')}
  0x000001ecb33e028c: 0049 bad0 | 43c9 cbec | 0100 004c | 8992 f003 | 0000 4883 | 82f8 0300 

  0x000001ecb33e02a4: ;   {metadata(method data for {method} {0x000001ed1d2cef30} 'advanceTime' '(JZ)I' in 'net/minecraft/client/DeltaTracker$Timer')}
  0x000001ecb33e02a4: 0001 49b8 | 48a8 cd1e | ed01 0000 | 418b 90cc | 0000 0083 | c202 4189 | 90cc 0000 | 0081 e2fe 
  0x000001ecb33e02c4: ff1f 0085 | d20f 8447 | 9500 004c 

  0x000001ecb33e02d0: ;   {metadata(method data for {method} {0x000001ed1d2cef30} 'advanceTime' '(JZ)I' in 'net/minecraft/client/DeltaTracker$Timer')}
  0x000001ecb33e02d0: 8bc6 48ba | 48a8 cd1e | ed01 0000 | 4883 8210 | 0100 0001 | 4c8b c048 | 8bd6 4889 | 8424 1801 
  0x000001ecb33e02f0: 0000 0f1f 

  0x000001ecb33e02f4: ;   {optimized virtual_call}
  0x000001ecb33e02f4: 4400 00e8 

  0x000001ecb33e02f8: ; ImmutableOopMap {[216]=Oop [272]=Oop }
                      ;*invokevirtual advanceRealTime {reexecute=0 rethrow=0 return_oop=0}
                      ; - net.minecraft.client.DeltaTracker$Timer::advanceTime@2 (line 62)
                      ; - net.minecraft.client.Minecraft::runTick@99 (line 1152)
  0x000001ecb33e02f8: c4e5 df06 

  0x000001ecb33e02fc: ;   {other}
  0x000001ecb33e02fc: 0f1f 8400 | ec22 000d | 448b 8424 | e000 0000 

  0x000001ecb33e030c: ;   {metadata(method data for {method} {0x000001ed1d2cef30} 'advanceTime' '(JZ)I' in 'net/minecraft/client/DeltaTracker$Timer')}
  0x000001ecb33e030c: 4585 c048 | ba48 a8cd | 1eed 0100 | 0048 be48 | 0100 0000 | 0000 0074 | 0a48 be58 | 0100 0000 
  0x000001ecb33e032c: 0000 0048 | 8b3c 3248 | 8d7f 0148 | 893c 320f | 8450 0000 | 0048 8b84 | 2418 0100 | 0048 8bb4 
  0x000001ecb33e034c: 2410 0100 | 0048 8bd6 

  0x000001ecb33e0354: ;   {metadata(method data for {method} {0x000001ed1d2cef30} 'advanceTime' '(JZ)I' in 'net/minecraft/client/DeltaTracker$Timer')}
  0x000001ecb33e0354: 48bf 48a8 | cd1e ed01 | 0000 4883 | 8768 0100 | 0001 4c8b | c048 8bd6 

  0x000001ecb33e036c: ;   {optimized virtual_call}
  0x000001ecb33e036c: 6666 90e8 

  0x000001ecb33e0370: ; ImmutableOopMap {[216]=Oop }
                      ;*invokevirtual advanceGameTime {reexecute=0 rethrow=0 return_oop=0}
                      ; - net.minecraft.client.DeltaTracker$Timer::advanceTime@11 (line 63)
                      ; - net.minecraft.client.Minecraft::runTick@99 (line 1152)
  0x000001ecb33e0370: ec4e 0c00 

  0x000001ecb33e0374: ;   {other}
  0x000001ecb33e0374: 0f1f 8400 | 6423 000e 

  0x000001ecb33e037c: ;   {metadata(method data for {method} {0x000001ed1d2cef30} 'advanceTime' '(JZ)I' in 'net/minecraft/client/DeltaTracker$Timer')}
  0x000001ecb33e037c: 48ba 48a8 | cd1e ed01 | 0000 ff82 | a001 0000 | e905 0000 | 00b8 0000 | 0000 448b | 8424 e000 
  0x000001ecb33e039c: 0000 4585 

  0x000001ecb33e03a0: ;   {metadata(method data for {method} {0x000001ed0c798a18} 'runTick' '(Z)V' in 'net/minecraft/client/Minecraft')}
  0x000001ecb33e03a0: c048 ba00 | 80cd 1eed | 0100 0048 | be18 0400 | 0000 0000 | 0074 0a48 | be28 0400 | 0000 0000 
  0x000001ecb33e03c0: 0048 8b3c | 3248 8d7f | 0148 893c | 3248 8b94 | 24d8 0000 | 000f 841a | 0700 008b | b2b8 0100 
  0x000001ecb33e03e0: 0048 c1e6 | 0348 85f6 | 0f84 2900 

  0x000001ecb33e03ec: ;   {metadata('net/minecraft/util/profiling/InactiveProfiler')}
  0x000001ecb33e03ec: 0000 49b9 | c072 c9cb | ec01 0000 | 8b4e 0849 | ba00 0000 | caec 0100 | 0049 03ca | 4c3b 4938 
  0x000001ecb33e040c: 0f85 2594 | 0000 e900 | 0000 0048 | 8bfe 483b 

  0x000001ecb33e041c: ;   {metadata(method data for {method} {0x000001ed0c798a18} 'runTick' '(Z)V' in 'net/minecraft/client/Minecraft')}
  0x000001ecb33e041c: 0648 bf00 | 80cd 1eed 

  0x000001ecb33e0424: ;   {metadata('net/minecraft/util/profiling/InactiveProfiler')}
  0x000001ecb33e0424: 0100 0049 | bac0 72c9 | cbec 0100 | 004c 8997 | 4804 0000 | 4883 8750 | 0400 0001 

  0x000001ecb33e0440: ;   {metadata(method data for {method} {0x000001ed1d2bf608} 'push' '(Ljava/lang/String;)V' in 'net/minecraft/util/profiling/InactiveProfiler')}
  0x000001ecb33e0440: 48be 9098 | 811e ed01 | 0000 8bbe | cc00 0000 | 83c7 0289 | becc 0000 | 0081 e7fe | ff1f 0085 
  0x000001ecb33e0460: ff0f 84da | 9300 0048 

  0x000001ecb33e0468: ;   {metadata(method data for {method} {0x000001ed0c798a18} 'runTick' '(Z)V' in 'net/minecraft/client/Minecraft')}
  0x000001ecb33e0468: 8bf2 48bf | 0080 cd1e | ed01 0000 | 8b76 0849 | ba00 0000 | caec 0100 | 0049 03f2 | 483b b780 
  0x000001ecb33e0488: 0400 0075 | 0d48 8387 | 8804 0000 | 01e9 6000 | 0000 483b | b790 0400 | 0075 0d48 | 8387 9804 
  0x000001ecb33e04a8: 0000 01e9 | 4a00 0000 | 4883 bf80 | 0400 0000 | 7517 4889 | b780 0400 | 0048 c787 | 8804 0000 
  0x000001ecb33e04c8: 0100 0000 | e929 0000 | 0048 83bf | 9004 0000 | 0075 1748 | 89b7 9004 | 0000 48c7 | 8798 0400 
  0x000001ecb33e04e8: 0001 0000 | 00e9 0800 | 0000 4883 | 8770 0400 

  0x000001ecb33e04f8: ;   {metadata(method data for {method} {0x000001ed0c7c03f8} 'runAllTasks' '()V' in 'net/minecraft/util/thread/BlockableEventLoop')}
  0x000001ecb33e04f8: 0001 48be | f0af cd1e | ed01 0000 | 8bbe cc00 | 0000 83c7 | 0289 becc | 0000 0081 | e7fe ff1f 
  0x000001ecb33e0518: 0085 ff0f | 8441 9300 | 0089 8424 | e400 0000 | e94c 0000 | 0066 6690 

  0x000001ecb33e0530: ;   {metadata(method data for {method} {0x000001ed0c7c03f8} 'runAllTasks' '()V' in 'net/minecraft/util/thread/BlockableEventLoop')}
  0x000001ecb33e0530: 48ba f0af | cd1e ed01 | 0000 8bb2 | d000 0000 | 83c6 0289 | b2d0 0000 | 0081 e6fe | 3f00 0085 
  0x000001ecb33e0550: f60f 842c | 9300 004d | 8b97 5804 

  0x000001ecb33e055c: ; ImmutableOopMap {[216]=Oop }
                      ;*goto {reexecute=1 rethrow=0 return_oop=0}
                      ; - (reexecute) net.minecraft.util.thread.BlockableEventLoop::runAllTasks@7 (line 111)
                      ; - net.minecraft.client.Minecraft::runTick@120 (line 1155)
                      ;   {poll}
  0x000001ecb33e055c: 0000 4185 

  0x000001ecb33e0560: ;   {metadata(method data for {method} {0x000001ed0c7c03f8} 'runAllTasks' '()V' in 'net/minecraft/util/thread/BlockableEventLoop')}
  0x000001ecb33e0560: 0248 baf0 | afcd 1eed | 0100 00ff | 8268 0100 | 0048 8b94 | 24d8 0000 | 0048 8bf2 

  0x000001ecb33e057c: ;   {metadata(method data for {method} {0x000001ed0c7c03f8} 'runAllTasks' '()V' in 'net/minecraft/util/thread/BlockableEventLoop')}
  0x000001ecb33e057c: 48bf f0af | cd1e ed01 | 0000 8b76 | 0849 ba00 | 0000 caec | 0100 0049 | 03f2 483b | b720 0100 
  0x000001ecb33e059c: 0075 0d48 | 8387 2801 | 0000 01e9 | 6000 0000 | 483b b730 | 0100 0075 | 0d48 8387 | 3801 0000 
  0x000001ecb33e05bc: 01e9 4a00 | 0000 4883 | bf20 0100 | 0000 7517 | 4889 b720 | 0100 0048 | c787 2801 | 0000 0100 
  0x000001ecb33e05dc: 0000 e929 | 0000 0048 | 83bf 3001 | 0000 0075 | 1748 89b7 | 3001 0000 | 48c7 8738 | 0100 0001 
  0x000001ecb33e05fc: 0000 00e9 | 0800 0000 | 4883 8710 | 0100 0001 | 488b f248 | 8bd6 0f1f 

  0x000001ecb33e0614: ;   {optimized virtual_call}
  0x000001ecb33e0614: 4400 00e8 

  0x000001ecb33e0618: ; ImmutableOopMap {[216]=Oop }
                      ;*invokevirtual pollTask {reexecute=0 rethrow=0 return_oop=0}
                      ; - net.minecraft.util.thread.BlockableEventLoop::runAllTasks@1 (line 111)
                      ; - net.minecraft.client.Minecraft::runTick@120 (line 1155)
  0x000001ecb33e0618: a406 1700 

  0x000001ecb33e061c: ;   {other}
  0x000001ecb33e061c: 0f1f 8400 | 0c26 0010 

  0x000001ecb33e0624: ;   {metadata(method data for {method} {0x000001ed0c7c03f8} 'runAllTasks' '()V' in 'net/minecraft/util/thread/BlockableEventLoop')}
  0x000001ecb33e0624: 85c0 48ba | f0af cd1e | ed01 0000 | 48be 5801 | 0000 0000 | 0000 750a | 48be 4801 | 0000 0000 
  0x000001ecb33e0644: 0000 488b | 3c32 488d | 7f01 4889 | 3c32 0f85 | d8fe ffff | 488b 9424 | d800 0000 | 8bb2 b801 
  0x000001ecb33e0664: 0000 48c1 | e603 4885 | f60f 8429 

  0x000001ecb33e0670: ;   {metadata('net/minecraft/util/profiling/InactiveProfiler')}
  0x000001ecb33e0670: 0000 0048 | b9c0 72c9 | cbec 0100 | 008b 4608 | 49ba 0000 | 00ca ec01 | 0000 4903 | c248 3b48 
  0x000001ecb33e0690: 380f 850d | 9200 00e9 | 0000 0000 | 488b fe48 | 3b06 488b 

  0x000001ecb33e06a4: ;   {metadata(method data for {method} {0x000001ed0c798a18} 'runTick' '(Z)V' in 'net/minecraft/client/Minecraft')}
  0x000001ecb33e06a4: fe48 bb00 | 80cd 1eed 

  0x000001ecb33e06ac: ;   {metadata('net/minecraft/util/profiling/InactiveProfiler')}
  0x000001ecb33e06ac: 0100 0049 | bac0 72c9 | cbec 0100 | 004c 8993 | b804 0000 | 4883 83c0 | 0400 0001 

  0x000001ecb33e06c8: ;   {metadata(method data for {method} {0x000001ed1d2bf818} 'pop' '()V' in 'net/minecraft/util/profiling/InactiveProfiler')}
  0x000001ecb33e06c8: 48bf a832 | 821e ed01 | 0000 8b9f | cc00 0000 | 83c3 0289 | 9fcc 0000 | 0081 e3fe | ff1f 0085 
  0x000001ecb33e06e8: db0f 84bf | 9100 0048 | 85f6 0f84 | 2900 0000 

  0x000001ecb33e06f8: ;   {metadata('net/minecraft/util/profiling/InactiveProfiler')}
  0x000001ecb33e06f8: 48b9 c072 | c9cb ec01 | 0000 8b46 | 0849 ba00 | 0000 caec | 0100 0049 | 03c2 483b | 4838 0f85 
  0x000001ecb33e0718: b391 0000 | e900 0000 | 0048 8bfe 

  0x000001ecb33e0724: ;   {metadata(method data for {method} {0x000001ed0c798a18} 'runTick' '(Z)V' in 'net/minecraft/client/Minecraft')}
  0x000001ecb33e0724: 48bf 0080 | cd1e ed01 

  0x000001ecb33e072c: ;   {metadata('net/minecraft/util/profiling/InactiveProfiler')}
  0x000001ecb33e072c: 0000 49ba | c072 c9cb | ec01 0000 | 4c89 97f0 | 0400 0048 | 8387 f804 

  0x000001ecb33e0744: ;   {metadata(method data for {method} {0x000001ed1d2bf608} 'push' '(Ljava/lang/String;)V' in 'net/minecraft/util/profiling/InactiveProfiler')}
  0x000001ecb33e0744: 0000 0148 | be90 9881 | 1eed 0100 | 008b becc | 0000 0083 | c702 89be | cc00 0000 | 81e7 feff 
  0x000001ecb33e0764: 1f00 85ff | 0f84 6691 | 0000 be00 | 0000 008b | 8424 e400 | 0000 660f | 1f44 0000 

  0x000001ecb33e0780: ;   {metadata(method data for {method} {0x000001ed0c798a18} 'runTick' '(Z)V' in 'net/minecraft/client/Minecraft')}
  0x000001ecb33e0780: 48bf 0080 | cd1e ed01 | 0000 4883 | 8718 0500 

  0x000001ecb33e0790: ;   {metadata(method data for {method} {0x000001ecca42b3c8} 'min' '(II)I' in 'java/lang/Math')}
  0x000001ecb33e0790: 0001 48bf | 283c 010b | ed01 0000 | 8b9f cc00 | 0000 83c3 | 0289 9fcc | 0000 0081 | e3fe ff1f 
  0x000001ecb33e07b0: 0085 db0f | 843c 9100 | 0083 f80a 

  0x000001ecb33e07bc: ;   {metadata(method data for {method} {0x000001ecca42b3c8} 'min' '(II)I' in 'java/lang/Math')}
  0x000001ecb33e07bc: 48bf 283c | 010b ed01 | 0000 48bb | 1001 0000 | 0000 0000 | 7c0a 48bb | 2001 0000 | 0000 0000 
  0x000001ecb33e07dc: 488b 0c1f | 488d 4901 | 4889 0c1f | 0f8c 1a00 

  0x000001ecb33e07ec: ;   {metadata(method data for {method} {0x000001ecca42b3c8} 'min' '(II)I' in 'java/lang/Math')}
  0x000001ecb33e07ec: 0000 48bf | 283c 010b | ed01 0000 | ff87 3001 | 0000 bf0a | 0000 00e9 | 0300 0000 | 488b f83b 
  0x000001ecb33e080c: ;   {metadata(method data for {method} {0x000001ed0c798a18} 'runTick' '(Z)V' in 'net/minecraft/client/Minecraft')}
  0x000001ecb33e080c: f748 bf00 | 80cd 1eed | 0100 0048 | bb28 0500 | 0000 0000 | 007d 0a48 | bb38 0500 | 0000 0000 
  0x000001ecb33e082c: 0048 8b0c | 1f48 8d49 | 0148 890c | 1f0f 8d26 | 0200 0089 | b424 2001 | 0000 8984 | 24e4 0000 
  0x000001ecb33e084c: 008b bab8 | 0100 0048 | c1e7 0348 | 85ff 0f84 | 2a00 0000 

  0x000001ecb33e0860: ;   {metadata('net/minecraft/util/profiling/InactiveProfiler')}
  0x000001ecb33e0860: 49b9 c072 | c9cb ec01 | 0000 448b | 4708 49ba | 0000 00ca | ec01 0000 | 4d03 c24d | 3b48 380f 
  0x000001ecb33e0880: 8591 9000 | 00e9 0000 | 0000 488b | df48 3b07 

  0x000001ecb33e0890: ;   {metadata(method data for {method} {0x000001ed0c798a18} 'runTick' '(Z)V' in 'net/minecraft/client/Minecraft')}
  0x000001ecb33e0890: 488b df48 | b900 80cd | 1eed 0100 | 008b 5b08 | 49ba 0000 | 00ca ec01 | 0000 4903 | da48 3b99 
  0x000001ecb33e08b0: 5805 0000 | 750d 4883 | 8160 0500 | 0001 e960 | 0000 0048 | 3b99 6805 | 0000 750d | 4883 8170 
  0x000001ecb33e08d0: 0500 0001 | e94a 0000 | 0048 83b9 | 5805 0000 | 0075 1748 | 8999 5805 | 0000 48c7 | 8160 0500 
  0x000001ecb33e08f0: 0001 0000 | 00e9 2900 | 0000 4883 | b968 0500 | 0000 7517 | 4889 9968 | 0500 0048 | c781 7005 
  0x000001ecb33e0910: 0000 0100 | 0000 e908 | 0000 0048 | 8381 4805 

  0x000001ecb33e0920: ;   {metadata(method data for {method} {0x000001ed1d24fd10} 'incrementCounter' '(Ljava/lang/String;)V' in 'net/minecraft/util/profiling/ProfilerFiller')}
  0x000001ecb33e0920: 0000 0148 | bb00 b3cd | 1eed 0100 | 008b 8bcc | 0000 0083 | c102 898b | cc00 0000 | 81e1 feff 
  0x000001ecb33e0940: 1f00 85c9 | 0f84 d68f | 0000 4885 | ff0f 842a 

  0x000001ecb33e0950: ;   {metadata('net/minecraft/util/profiling/InactiveProfiler')}
  0x000001ecb33e0950: 0000 0049 | b9c0 72c9 | cbec 0100 | 0044 8b47 | 0849 ba00 | 0000 caec | 0100 004d | 03c2 4d3b 
  0x000001ecb33e0970: 4838 0f85 | c98f 0000 | e900 0000 | 0048 8bdf 

  0x000001ecb33e0980: ;   {metadata(method data for {method} {0x000001ed1d24fd10} 'incrementCounter' '(Ljava/lang/String;)V' in 'net/minecraft/util/profiling/ProfilerFiller')}
  0x000001ecb33e0980: 48bb 00b3 | cd1e ed01 

  0x000001ecb33e0988: ;   {metadata('net/minecraft/util/profiling/InactiveProfiler')}
  0x000001ecb33e0988: 0000 49ba | c072 c9cb | ec01 0000 | 4c89 9320 | 0100 0048 | 8383 2801 

  0x000001ecb33e09a0: ;   {metadata(method data for {method} {0x000001ed1d2bfa40} 'incrementCounter' '(Ljava/lang/String;I)V' in 'net/minecraft/util/profiling/InactiveProfiler')}
  0x000001ecb33e09a0: 0000 0148 | bf68 b6cd | 1eed 0100 | 008b 9fcc | 0000 0083 | c302 899f | cc00 0000 | 81e3 feff 
  0x000001ecb33e09c0: 1f00 85db | 0f84 7c8f | 0000 488b 

  0x000001ecb33e09cc: ;   {metadata(method data for {method} {0x000001ed0c798a18} 'runTick' '(Z)V' in 'net/minecraft/client/Minecraft')}
  0x000001ecb33e09cc: fa48 bb00 | 80cd 1eed 

  0x000001ecb33e09d4: ;   {metadata('net/minecraft/client/Minecraft')}
  0x000001ecb33e09d4: 0100 0049 | ba98 0636 | cbec 0100 | 004c 8993 | 9005 0000 | 4883 8398 | 0500 0001 | 488b fa48 
  0x000001ecb33e09f4: ;   {optimized virtual_call}
  0x000001ecb33e09f4: 8bd7 90e8 

  0x000001ecb33e09f8: ; ImmutableOopMap {[216]=Oop }
                      ;*invokevirtual tick {reexecute=0 rethrow=0 return_oop=0}
                      ; - net.minecraft.client.Minecraft::runTick@171 (line 1161)
  0x000001ecb33e09f8: e429 1300 

  0x000001ecb33e09fc: ;   {other}
  0x000001ecb33e09fc: 0f1f 8400 | ec29 0011 | 8bb4 2420 | 0100 00ff 

  0x000001ecb33e0a0c: ;   {metadata(method data for {method} {0x000001ed0c798a18} 'runTick' '(Z)V' in 'net/minecraft/client/Minecraft')}
  0x000001ecb33e0a0c: c649 b800 | 80cd 1eed | 0100 0041 | 8b90 d000 | 0000 83c2 | 0241 8990 | d000 0000 | 81e2 fe3f 
  0x000001ecb33e0a2c: 0000 85d2 | 0f84 318f | 0000 4d8b | 9758 0400 

  0x000001ecb33e0a3c: ; ImmutableOopMap {[216]=Oop }
                      ;*goto {reexecute=1 rethrow=0 return_oop=0}
                      ; - (reexecute) net.minecraft.client.Minecraft::runTick@177 (line 1159)
                      ;   {poll}
  0x000001ecb33e0a3c: 0041 8502 

  0x000001ecb33e0a40: ;   {metadata(method data for {method} {0x000001ed0c798a18} 'runTick' '(Z)V' in 'net/minecraft/client/Minecraft')}
  0x000001ecb33e0a40: 49b8 0080 | cd1e ed01 | 0000 41ff | 80b8 0500 | 008b 8424 | e400 0000 | 488b 9424 | d800 0000 
  0x000001ecb33e0a60: e91b fdff | ff44 8b82 | b801 0000 | 49c1 e003 | 4d85 c00f | 842a 0000 

  0x000001ecb33e0a78: ;   {metadata('net/minecraft/util/profiling/InactiveProfiler')}
  0x000001ecb33e0a78: 0048 b8c0 | 72c9 cbec | 0100 0041 | 8b58 0849 | ba00 0000 | caec 0100 | 0049 03da | 483b 4338 
  0x000001ecb33e0a98: 0f85 ea8e | 0000 e900 | 0000 0049 | 8bf0 493b 

  0x000001ecb33e0aa8: ;   {metadata(method data for {method} {0x000001ed0c798a18} 'runTick' '(Z)V' in 'net/minecraft/client/Minecraft')}
  0x000001ecb33e0aa8: 0048 be00 | 80cd 1eed 

  0x000001ecb33e0ab0: ;   {metadata('net/minecraft/util/profiling/InactiveProfiler')}
  0x000001ecb33e0ab0: 0100 0049 | bac0 72c9 | cbec 0100 | 004c 8996 | e005 0000 | 4883 86e8 | 0500 0001 

  0x000001ecb33e0acc: ;   {metadata(method data for {method} {0x000001ed1d2bf818} 'pop' '()V' in 'net/minecraft/util/profiling/InactiveProfiler')}
  0x000001ecb33e0acc: 49b8 a832 | 821e ed01 | 0000 418b | b0cc 0000 | 0083 c602 | 4189 b0cc | 0000 0081 | e6fe ff1f 
  0x000001ecb33e0aec: 0085 f60f | 849d 8e00 | 0044 8b82 | 9000 0000 | 49c1 e003 

  0x000001ecb33e0b00: ; implicit exception: dispatches to 0x000001ecb33e99b3
  0x000001ecb33e0b00: 493b 0049 

  0x000001ecb33e0b04: ;   {metadata(method data for {method} {0x000001ed0c798a18} 'runTick' '(Z)V' in 'net/minecraft/client/Minecraft')}
  0x000001ecb33e0b04: 8bf0 48bf | 0080 cd1e | ed01 0000 | 4883 8708 | 0600 0001 | 410f be77 | 4085 f60f | 8593 8e00 
  0x000001ecb33e0b24: ;   {oop("Render"{0x000000070b1cc830})}
  0x000001ecb33e0b24: 0049 ba30 | c81c 0b07 | 0000 0049 | c1ea 0345 

  0x000001ecb33e0b34: ;   {oop("Render"{0x000000070b1cc830})}
  0x000001ecb33e0b34: 8950 6448 | be30 c81c | 0b07 0000 | 0049 8bf8 | 4833 fe48 | c1ef 1548 | 83ff 000f | 8583 8e00 
  0x000001ecb33e0b54: 0044 8b82 | b801 0000 | 49c1 e003 | 4d85 c00f | 842a 0000 

  0x000001ecb33e0b68: ;   {metadata('net/minecraft/util/profiling/InactiveProfiler')}
  0x000001ecb33e0b68: 0048 b8c0 | 72c9 cbec | 0100 0041 | 8b58 0849 | ba00 0000 | caec 0100 | 0049 03da | 483b 4338 
  0x000001ecb33e0b88: 0f85 628e | 0000 e900 | 0000 0049 | 8bf0 493b 

  0x000001ecb33e0b98: ;   {metadata(method data for {method} {0x000001ed0c798a18} 'runTick' '(Z)V' in 'net/minecraft/client/Minecraft')}
  0x000001ecb33e0b98: 0048 be00 | 80cd 1eed 

  0x000001ecb33e0ba0: ;   {metadata('net/minecraft/util/profiling/InactiveProfiler')}
  0x000001ecb33e0ba0: 0100 0049 | bac0 72c9 | cbec 0100 | 004c 8996 | 5006 0000 | 4883 8658 | 0600 0001 

  0x000001ecb33e0bbc: ;   {metadata(method data for {method} {0x000001ed1d2bf608} 'push' '(Ljava/lang/String;)V' in 'net/minecraft/util/profiling/InactiveProfiler')}
  0x000001ecb33e0bbc: 49b8 9098 | 811e ed01 | 0000 418b | b0cc 0000 | 0083 c602 | 4189 b0cc | 0000 0081 | e6fe ff1f 
  0x000001ecb33e0bdc: 0085 f60f | 8415 8e00 | 0044 8b82 | 1001 0000 | 49c1 e003 | 8bb2 b800 | 0000 48c1 | e603 483b 
  0x000001ecb33e0bfc: 0648 8bfe 

  0x000001ecb33e0c00: ;   {metadata(method data for {method} {0x000001ed0c798a18} 'runTick' '(Z)V' in 'net/minecraft/client/Minecraft')}
  0x000001ecb33e0c00: 48bb 0080 | cd1e ed01 

  0x000001ecb33e0c08: ;   {metadata('net/minecraft/client/renderer/GameRenderer')}
  0x000001ecb33e0c08: 0000 49ba | 08e6 f1cb | ec01 0000 | 4c89 9388 | 0600 0048 | 8383 9006 | 0000 018b | b680 0000 
  0x000001ecb33e0c28: 0048 c1e6 | 0349 3b00 

  0x000001ecb33e0c30: ;   {metadata(method data for {method} {0x000001ed0c798a18} 'runTick' '(Z)V' in 'net/minecraft/client/Minecraft')}
  0x000001ecb33e0c30: 498b f848 | bb00 80cd | 1eed 0100 

  0x000001ecb33e0c3c: ;   {metadata('net/minecraft/client/sounds/SoundManager')}
  0x000001ecb33e0c3c: 0049 ba78 | f2f0 cbec | 0100 004c | 8993 c006 | 0000 4883 | 83c8 0600 

  0x000001ecb33e0c54: ;   {metadata(method data for {method} {0x000001ed1e131ac8} 'updateSource' '(Lnet/minecraft/client/Camera;)V' in 'net/minecraft/client/sounds/SoundManager')}
  0x000001ecb33e0c54: 0001 48bf | e0d1 cd1e | ed01 0000 | 8b9f cc00 | 0000 83c3 | 0289 9fcc | 0000 0081 | e3fe ff1f 
  0x000001ecb33e0c74: 0085 db0f | 84a8 8d00 | 0041 8b78 | 1848 c1e7 | 0348 3b07 

  0x000001ecb33e0c88: ;   {metadata(method data for {method} {0x000001ed1e131ac8} 'updateSource' '(Lnet/minecraft/client/Camera;)V' in 'net/minecraft/client/sounds/SoundManager')}
  0x000001ecb33e0c88: 4c8b c748 | bbe0 d1cd | 1eed 0100 

  0x000001ecb33e0c94: ;   {metadata('net/minecraft/client/sounds/SoundEngine')}
  0x000001ecb33e0c94: 0049 ba00 | ddf0 cbec | 0100 004c | 8993 2001 | 0000 4883 | 8328 0100 | 0001 4c8b | c648 8bd7 
  0x000001ecb33e0cb4: ;   {optimized virtual_call}
  0x000001ecb33e0cb4: 6666 90e8 

  0x000001ecb33e0cb8: ; ImmutableOopMap {[216]=Oop }
                      ;*invokevirtual updateSource {reexecute=0 rethrow=0 return_oop=0}
                      ; - net.minecraft.client.sounds.SoundManager::updateSource@5 (line 173)
                      ; - net.minecraft.client.Minecraft::runTick@222 (line 1169)
  0x000001ecb33e0cb8: 445c 0c00 

  0x000001ecb33e0cbc: ;   {other}
  0x000001ecb33e0cbc: 0f1f 8400 | ac2c 0013 | 488b 9424 | d800 0000 | 8bb2 b801 | 0000 48c1 | e603 4885 | f60f 8429 
  0x000001ecb33e0cdc: ;   {metadata('net/minecraft/util/profiling/InactiveProfiler')}
  0x000001ecb33e0cdc: 0000 0048 | b9c0 72c9 | cbec 0100 | 008b 4608 | 49ba 0000 | 00ca ec01 | 0000 4903 | c248 3b48 
  0x000001ecb33e0cfc: 380f 8548 | 8d00 00e9 | 0000 0000 | 488b fe48 | 3b06 488b 

  0x000001ecb33e0d10: ;   {metadata(method data for {method} {0x000001ed0c798a18} 'runTick' '(Z)V' in 'net/minecraft/client/Minecraft')}
  0x000001ecb33e0d10: fe48 bb00 | 80cd 1eed 

  0x000001ecb33e0d18: ;   {metadata('net/minecraft/util/profiling/InactiveProfiler')}
  0x000001ecb33e0d18: 0100 0049 | bac0 72c9 | cbec 0100 | 004c 8993 | f806 0000 | 4883 8300 | 0700 0001 

  0x000001ecb33e0d34: ;   {metadata(method data for {method} {0x000001ed1d2bf818} 'pop' '()V' in 'net/minecraft/util/profiling/InactiveProfiler')}
  0x000001ecb33e0d34: 48bf a832 | 821e ed01 | 0000 8b9f | cc00 0000 | 83c3 0289 | 9fcc 0000 | 0081 e3fe | ff1f 0085 
  0x000001ecb33e0d54: db0f 84fa | 8c00 0048 | 85f6 0f84 | 2900 0000 

  0x000001ecb33e0d64: ;   {metadata('net/minecraft/util/profiling/InactiveProfiler')}
  0x000001ecb33e0d64: 48b9 c072 | c9cb ec01 | 0000 8b46 | 0849 ba00 | 0000 caec | 0100 0049 | 03c2 483b | 4838 0f85 
  0x000001ecb33e0d84: ee8c 0000 | e900 0000 | 0048 8bfe 

  0x000001ecb33e0d90: ;   {metadata(method data for {method} {0x000001ed0c798a18} 'runTick' '(Z)V' in 'net/minecraft/client/Minecraft')}
  0x000001ecb33e0d90: 48bf 0080 | cd1e ed01 

  0x000001ecb33e0d98: ;   {metadata('net/minecraft/util/profiling/InactiveProfiler')}
  0x000001ecb33e0d98: 0000 49ba | c072 c9cb | ec01 0000 | 4c89 9730 | 0700 0048 | 8387 3807 

  0x000001ecb33e0db0: ;   {metadata(method data for {method} {0x000001ed1d2bf608} 'push' '(Ljava/lang/String;)V' in 'net/minecraft/util/profiling/InactiveProfiler')}
  0x000001ecb33e0db0: 0000 0148 | be90 9881 | 1eed 0100 | 008b becc | 0000 0083 | c702 89be | cc00 0000 | 81e7 feff 
  0x000001ecb33e0dd0: 1f00 85ff | 0f84 a18c 

  0x000001ecb33e0dd8: ;   {metadata(method data for {method} {0x000001ed0c798a18} 'runTick' '(Z)V' in 'net/minecraft/client/Minecraft')}
  0x000001ecb33e0dd8: 0000 48be | 0080 cd1e | ed01 0000 | 4883 8658 | 0700 0001 

  0x000001ecb33e0dec: ;   {metadata(method data for {method} {0x000001ed0ce5c128} 'getNanos' '()J' in 'net/minecraft/Util')}
  0x000001ecb33e0dec: 48be f0fb | 821e ed01 | 0000 8bbe | cc00 0000 | 83c7 0289 | becc 0000 | 0081 e7fe | ff1f 0085 
  0x000001ecb33e0e0c: ff0f 8489 

  0x000001ecb33e0e10: ;   {oop(a 'java/lang/Class'{0x000000070234b250} = 'net/minecraft/Util')}
  0x000001ecb33e0e10: 8c00 0048 | be50 b234 | 0207 0000 | 008b b68c | 0000 0048 | c1e6 0348 | 3b06 488b 

  0x000001ecb33e0e2c: ;   {metadata(method data for {method} {0x000001ed0ce5c128} 'getNanos' '()J' in 'net/minecraft/Util')}
  0x000001ecb33e0e2c: fe48 bbf0 | fb82 1eed | 0100 008b | 7f08 49ba | 0000 00ca | ec01 0000 | 4903 fa48 | 3bbb 2001 
  0x000001ecb33e0e4c: 0000 750d | 4883 8328 | 0100 0001 | e960 0000 | 0048 3bbb | 3001 0000 | 750d 4883 | 8338 0100 
  0x000001ecb33e0e6c: 0001 e94a | 0000 0048 | 83bb 2001 | 0000 0075 | 1748 89bb | 2001 0000 | 48c7 8328 | 0100 0001 
  0x000001ecb33e0e8c: 0000 00e9 | 2900 0000 | 4883 bb30 | 0100 0000 | 7517 4889 | bb30 0100 | 0048 c783 | 3801 0000 
  0x000001ecb33e0eac: 0100 0000 | e908 0000 | 0048 8383 | 1001 0000 | 0148 8bd6 | 0f1f 4400 | 0048 b818 | 9bcd cbec 
  0x000001ecb33e0ecc: ;   {virtual_call}
  0x000001ecb33e0ecc: 0100 00e8 

  0x000001ecb33e0ed0: ; ImmutableOopMap {[216]=Oop }
                      ;*invokeinterface getAsLong {reexecute=0 rethrow=0 return_oop=0}
                      ; - net.minecraft.Util::getNanos@3 (line 138)
                      ; - net.minecraft.client.Minecraft::runTick@246 (line 1172)
  0x000001ecb33e0ed0: 4c9e d306 

  0x000001ecb33e0ed4: ;   {other}
  0x000001ecb33e0ed4: 0f1f 8400 | c42e 0014 | 4889 8424 | 2801 0000 | 488b 9424 | d800 0000 

  0x000001ecb33e0eec: ;   {metadata(method data for {method} {0x000001ed0c798a18} 'runTick' '(Z)V' in 'net/minecraft/client/Minecraft')}
  0x000001ecb33e0eec: 48be 0080 | cd1e ed01 

  0x000001ecb33e0ef4: ;   {metadata('net/minecraft/client/Minecraft')}
  0x000001ecb33e0ef4: 0000 49ba | 9806 36cb | ec01 0000 | 4c89 9678 | 0700 0048 | 8386 8007 

  0x000001ecb33e0f0c: ;   {metadata(method data for {method} {0x000001ed0c7b1408} 'getDebugOverlay' '()Lnet/minecraft/client/gui/components/DebugScreenOverlay;' in 'net/minecraft/client/Minecraft')}
  0x000001ecb33e0f0c: 0000 0148 | bad0 b983 | 1eed 0100 | 008b b2cc | 0000 0083 | c602 89b2 | cc00 0000 | 81e6 feff 
  0x000001ecb33e0f2c: 1f00 85f6 | 0f84 8c8b | 0000 488b | 9424 d800 | 0000 8bb2 | c400 0000 | 48c1 e603 

  0x000001ecb33e0f48: ; implicit exception: dispatches to 0x000001ecb33e9ae3
  0x000001ecb33e0f48: 483b 0648 

  0x000001ecb33e0f4c: ;   {metadata(method data for {method} {0x000001ed0c7b1408} 'getDebugOverlay' '()Lnet/minecraft/client/gui/components/DebugScreenOverlay;' in 'net/minecraft/client/Minecraft')}
  0x000001ecb33e0f4c: 8bfe 48bb | d0b9 831e | ed01 0000 

  0x000001ecb33e0f58: ;   {metadata('net/minecraft/client/gui/Gui')}
  0x000001ecb33e0f58: 49ba 40eb | f9cb ec01 | 0000 4c89 | 9320 0100 | 0048 8383 | 2801 0000 | 018b 7670 | 48c1 e603 
  0x000001ecb33e0f78: ; implicit exception: dispatches to 0x000001ecb33e9ae8
  0x000001ecb33e0f78: 483b 0648 

  0x000001ecb33e0f7c: ;   {metadata(method data for {method} {0x000001ed0c798a18} 'runTick' '(Z)V' in 'net/minecraft/client/Minecraft')}
  0x000001ecb33e0f7c: 8bfe 48bb | 0080 cd1e | ed01 0000 

  0x000001ecb33e0f88: ;   {metadata('net/minecraft/client/gui/components/DebugScreenOverlay')}
  0x000001ecb33e0f88: 49ba 5073 | facb ec01 | 0000 4c89 | 93b0 0700 | 0048 8383 | b807 0000 

  0x000001ecb33e0fa0: ;   {metadata(method data for {method} {0x000001ed1e4193f0} 'showDebugScreen' '()Z' in 'net/minecraft/client/gui/components/DebugScreenOverlay')}
  0x000001ecb33e0fa0: 0148 bf10 | 1489 1eed | 0100 008b | 9fcc 0000 | 0083 c302 | 899f cc00 | 0000 81e3 | feff 1f00 
  0x000001ecb33e0fc0: 85db 0f84 | 258b 0000 | 0fbe 7e0c 

  0x000001ecb33e0fcc: ;   {metadata(method data for {method} {0x000001ed1e4193f0} 'showDebugScreen' '()Z' in 'net/minecraft/client/gui/components/DebugScreenOverlay')}
  0x000001ecb33e0fcc: 85ff 48bf | 1014 891e | ed01 0000 | 48bb 1001 | 0000 0000 | 0000 740a | 48bb 2001 | 0000 0000 
  0x000001ecb33e0fec: 0000 488b | 0c1f 488d | 4901 4889 | 0c1f 0f84 | 4900 0000 | 8b76 1048 | c1e6 038b | b6c8 0000 
  0x000001ecb33e100c: 0048 c1e6 | 030f be76 

  0x000001ecb33e1014: ;   {metadata(method data for {method} {0x000001ed1e4193f0} 'showDebugScreen' '()Z' in 'net/minecraft/client/gui/components/DebugScreenOverlay')}
  0x000001ecb33e1014: 2385 f648 | be10 1489 | 1eed 0100 | 0048 bf40 | 0100 0000 | 0000 0074 | 0a48 bf30 | 0100 0000 
  0x000001ecb33e1034: 0000 0048 | 8b1c 3e48 | 8d5b 0148 | 891c 3e0f | 840a 0000 | 00be 0000 | 0000 e915 

  0x000001ecb33e1050: ;   {metadata(method data for {method} {0x000001ed1e4193f0} 'showDebugScreen' '()Z' in 'net/minecraft/client/gui/components/DebugScreenOverlay')}
  0x000001ecb33e1050: 0000 0048 | be10 1489 | 1eed 0100 | 00ff 8650 | 0100 00be | 0100 0000 | 83e6 0185 

  0x000001ecb33e106c: ;   {metadata(method data for {method} {0x000001ed0c798a18} 'runTick' '(Z)V' in 'net/minecraft/client/Minecraft')}
  0x000001ecb33e106c: f648 be00 | 80cd 1eed | 0100 0048 | bfd8 0700 | 0000 0000 | 0075 0a48 | bfe8 0700 | 0000 0000 
  0x000001ecb33e108c: 0048 8b1c | 3e48 8d5b | 0148 891c | 3e0f 85c4 | 0000 008b | b2c4 0100 | 0048 c1e6 | 0348 85f6 
  0x000001ecb33e10ac: 0f84 2900 

  0x000001ecb33e10b0: ;   {metadata('net/minecraft/util/profiling/metrics/profiling/InactiveMetricsRecorder')}
  0x000001ecb33e10b0: 0000 49b8 | 487c c9cb | ec01 0000 | 8b4e 0849 | ba00 0000 | caec 0100 | 0049 03ca | 4c3b 4138 
  0x000001ecb33e10d0: 0f85 428a | 0000 e900 | 0000 0048 | 8bfe 483b 

  0x000001ecb33e10e0: ;   {metadata(method data for {method} {0x000001ed0c798a18} 'runTick' '(Z)V' in 'net/minecraft/client/Minecraft')}
  0x000001ecb33e10e0: 0648 bf00 | 80cd 1eed 

  0x000001ecb33e10e8: ;   {metadata('net/minecraft/util/profiling/metrics/profiling/InactiveMetricsRecorder')}
  0x000001ecb33e10e8: 0100 0049 | ba48 7cc9 | cbec 0100 | 004c 8997 | 0808 0000 | 4883 8710 | 0800 0001 

  0x000001ecb33e1104: ;   {metadata(method data for {method} {0x000001ed1d2d5ae8} 'isRecording' '()Z' in 'net/minecraft/util/profiling/metrics/profiling/InactiveMetricsRecorder')}
  0x000001ecb33e1104: 48be 40ad | cd1e ed01 | 0000 8bbe | cc00 0000 | 83c7 0289 | becc 0000 | 0081 e7fe | ff1f 0085 
  0x000001ecb33e1124: ff0f 84f7 

  0x000001ecb33e1128: ;   {metadata(method data for {method} {0x000001ed0c798a18} 'runTick' '(Z)V' in 'net/minecraft/client/Minecraft')}
  0x000001ecb33e1128: 8900 0048 | be00 80cd | 1eed 0100 | 00ff 8640 | 0800 0049 | ba00 0000 | 0000 0000 | 004c 8952 
  0x000001ecb33e1148: ;   {metadata(method data for {method} {0x000001ed0c798a18} 'runTick' '(Z)V' in 'net/minecraft/client/Minecraft')}
  0x000001ecb33e1148: 4848 be00 | 80cd 1eed | 0100 00ff | 8650 0800 | 00be 0000 | 0000 e9c8 | 0200 008b | b2cc 0100 
  0x000001ecb33e1168: 0048 c1e6 | 0348 85f6 

  0x000001ecb33e1170: ;   {metadata(method data for {method} {0x000001ed0c798a18} 'runTick' '(Z)V' in 'net/minecraft/client/Minecraft')}
  0x000001ecb33e1170: 48bf 0080 | cd1e ed01 | 0000 48bb | 6808 0000 | 0000 0000 | 740a 48bb | 7808 0000 | 0000 0000 
  0x000001ecb33e1190: 488b 0c1f | 488d 4901 | 4889 0c1f | 0f84 4e00 | 0000 488b | d648 b8ff | ffff ffff 

  0x000001ecb33e11ac: ;   {virtual_call}
  0x000001ecb33e11ac: ffff ffe8 

  0x000001ecb33e11b0: ; ImmutableOopMap {[216]=Oop }
                      ;*invokevirtual isDone {reexecute=0 rethrow=0 return_oop=0}
                      ; - net.minecraft.client.Minecraft::runTick@295 (line 1178)
  0x000001ecb33e11b0: ccdb fe05 

  0x000001ecb33e11b4: ;   {other}
  0x000001ecb33e11b4: 0f1f 8400 | a431 0015 

  0x000001ecb33e11bc: ;   {metadata(method data for {method} {0x000001ed0c798a18} 'runTick' '(Z)V' in 'net/minecraft/client/Minecraft')}
  0x000001ecb33e11bc: 85c0 48be | 0080 cd1e | ed01 0000 | 48bf c008 | 0000 0000 | 0000 740a | 48bf d008 | 0000 0000 
  0x000001ecb33e11dc: 0000 488b | 1c3e 488d | 5b01 4889 | 1c3e 0f84 | 1a00 0000 

  0x000001ecb33e11f0: ;   {metadata(method data for {method} {0x000001ed0c798a18} 'runTick' '(Z)V' in 'net/minecraft/client/Minecraft')}
  0x000001ecb33e11f0: 48be 0080 | cd1e ed01 | 0000 ff86 | e008 0000 | be01 0000 | 00e9 0500 | 0000 be00 | 0000 0085 
  0x000001ecb33e1210: ;   {metadata(method data for {method} {0x000001ed0c798a18} 'runTick' '(Z)V' in 'net/minecraft/client/Minecraft')}
  0x000001ecb33e1210: f648 bf00 | 80cd 1eed | 0100 0048 | bbf8 0800 | 0000 0000 | 0074 0a48 | bb08 0900 | 0000 0000 
  0x000001ecb33e1230: 0048 8b04 | 1f48 8d40 | 0148 8904 | 1f0f 84e8 | 0100 0089 | b424 2401 | 0000 0f1f 

  0x000001ecb33e124c: ;   {static_call}
  0x000001ecb33e124c: 4400 00e8 

  0x000001ecb33e1250: ; ImmutableOopMap {[216]=Oop }
                      ;*invokestatic getInstance {reexecute=0 rethrow=0 return_oop=0}
                      ; - net.minecraft.client.Minecraft::runTick@313 (line 1180)
  0x000001ecb33e1250: 2cde fe05 

  0x000001ecb33e1254: ;   {other}
  0x000001ecb33e1254: 0f1f 8400 | 4432 0016 | 0f1f 4000 

  0x000001ecb33e1260: ;   {no_reloc}
  0x000001ecb33e1260: e9ed 8800 | 0090 9090 | 9090 4889 | 8424 3001 | 0000 0f1f 

  0x000001ecb33e1274: ;   {static_call}
  0x000001ecb33e1274: 4400 00e8 

  0x000001ecb33e1278: ; ImmutableOopMap {[216]=Oop [304]=Oop }
                      ;*invokedynamic {reexecute=0 rethrow=0 return_oop=0}
                      ; - net.minecraft.client.Minecraft::runTick@316 (line 1180)
  0x000001ecb33e1278: 04de fe05 

  0x000001ecb33e127c: ;   {other}
  0x000001ecb33e127c: 0f1f 8400 | 6c32 0017 

  0x000001ecb33e1284: ;   {metadata(method data for {method} {0x000001ed0c798a18} 'runTick' '(Z)V' in 'net/minecraft/client/Minecraft')}
  0x000001ecb33e1284: 49b8 0080 | cd1e ed01 | 0000 4d8d | 8038 0900 | 0048 85c0 | 750d 41f6 | 0001 754c | f049 8308 
  0x000001ecb33e12a4: 01eb 458b | 5008 49ba | 0000 00ca | ec01 0000 | 4903 d24c | 8bd2 4933 | 1048 f7c2 | fcff ffff 
  0x000001ecb33e12c4: 7426 f6c2 | 0275 2149 | f700 feff | ffff 7415 | 498b d249 | 3310 48f7 | c2fc ffff | ff74 0949 
  0x000001ecb33e12e4: 8308 02eb | 0349 8910 | 4c8b 8424 | 3001 0000 

  0x000001ecb33e12f4: ; implicit exception: dispatches to 0x000001ecb33e9b5c
  0x000001ecb33e12f4: 493b 0049 

  0x000001ecb33e12f8: ;   {metadata(method data for {method} {0x000001ed0c798a18} 'runTick' '(Z)V' in 'net/minecraft/client/Minecraft')}
  0x000001ecb33e12f8: 8bd0 48be | 0080 cd1e | ed01 0000 | 4883 8648 | 0900 0001 

  0x000001ecb33e130c: ;   {metadata(method data for {method} {0x000001ecca0ea7e0} 'ifPresent' '(Ljava/util/function/Consumer;)V' in 'java/util/Optional')}
  0x000001ecb33e130c: 48ba 00b3 | 080b ed01 | 0000 8bb2 | cc00 0000 | 83c6 0289 | b2cc 0000 | 0081 e6fe | ff1f 0085 
  0x000001ecb33e132c: f60f 842e | 8800 0045 | 8b40 0c49 | c1e0 034d 

  0x000001ecb33e133c: ;   {metadata(method data for {method} {0x000001ecca0ea7e0} 'ifPresent' '(Ljava/util/function/Consumer;)V' in 'java/util/Optional')}
  0x000001ecb33e133c: 85c0 48ba | 00b3 080b | ed01 0000 | 48be 1001 | 0000 0000 | 0000 740a | 48be 2001 | 0000 0000 
  0x000001ecb33e135c: 0000 488b | 3c32 488d | 7f01 4889 | 3c32 0f84 | b400 0000 

  0x000001ecb33e1370: ; implicit exception: dispatches to 0x000001ecb33e9b82
  0x000001ecb33e1370: 483b 0048 

  0x000001ecb33e1374: ;   {metadata(method data for {method} {0x000001ecca0ea7e0} 'ifPresent' '(Ljava/util/function/Consumer;)V' in 'java/util/Optional')}
  0x000001ecb33e1374: 8bd0 48be | 00b3 080b | ed01 0000 | 8b52 0849 | ba00 0000 | caec 0100 | 0049 03d2 | 483b 9640 
  0x000001ecb33e1394: 0100 0075 | 0d48 8386 | 4801 0000 | 01e9 6000 | 0000 483b | 9650 0100 | 0075 0d48 | 8386 5801 
  0x000001ecb33e13b4: 0000 01e9 | 4a00 0000 | 4883 be40 | 0100 0000 | 7517 4889 | 9640 0100 | 0048 c786 | 4801 0000 
  0x000001ecb33e13d4: 0100 0000 | e929 0000 | 0048 83be | 5001 0000 | 0075 1748 | 8996 5001 | 0000 48c7 | 8658 0100 
  0x000001ecb33e13f4: 0001 0000 | 00e9 0800 | 0000 4883 | 8630 0100 | 0001 488b | d00f 1f40 | 0048 b8ff | ffff ffff 
  0x000001ecb33e1414: ;   {virtual_call}
  0x000001ecb33e1414: ffff ffe8 

  0x000001ecb33e1418: ; ImmutableOopMap {[216]=Oop }
                      ;*invokeinterface accept {reexecute=0 rethrow=0 return_oop=0}
                      ; - java.util.Optional::ifPresent@12 (line 178)
                      ; - net.minecraft.client.Minecraft::runTick@321 (line 1180)
  0x000001ecb33e1418: 64d9 fe05 

  0x000001ecb33e141c: ;   {other}
  0x000001ecb33e141c: 0f1f 8400 | 0c34 0018 | 8bb4 2424 

  0x000001ecb33e1428: ;   {metadata(method data for {method} {0x000001ed0c798a18} 'runTick' '(Z)V' in 'net/minecraft/client/Minecraft')}
  0x000001ecb33e1428: 0100 0048 | ba00 80cd | 1eed 0100 | 0048 8382 | 8009 0000 

  0x000001ecb33e143c: ;   {metadata(method data for {method} {0x000001ed1d241050} 'clear' '(IZ)V' in 'com/mojang/blaze3d/systems/RenderSystem')}
  0x000001ecb33e143c: 0148 ba08 | a489 1eed | 0100 008b | bacc 0000 | 0083 c702 | 89ba cc00 | 0000 81e7 | feff 1f00 
  0x000001ecb33e145c: 85ff 0f84 | 2387 0000 

  0x000001ecb33e1464: ;   {metadata(method data for {method} {0x000001ed1d241050} 'clear' '(IZ)V' in 'com/mojang/blaze3d/systems/RenderSystem')}
  0x000001ecb33e1464: 48ba 08a4 | 891e ed01 | 0000 4883 | 8210 0100 

  0x000001ecb33e1474: ;   {metadata(method data for {method} {0x000001ed1d607c98} '_clear' '(IZ)V' in 'com/mojang/blaze3d/platform/GlStateManager')}
  0x000001ecb33e1474: 0001 48ba | 2010 841e | ed01 0000 | 8bba cc00 | 0000 83c7 | 0289 bacc | 0000 0081 | e7fe ff1f 
  0x000001ecb33e1494: 0085 ff0f | 840b 8700 

  0x000001ecb33e149c: ;   {metadata(method data for {method} {0x000001ed1d607c98} '_clear' '(IZ)V' in 'com/mojang/blaze3d/platform/GlStateManager')}
  0x000001ecb33e149c: 0048 ba20 | 1084 1eed | 0100 0048 | 8382 1001 

  0x000001ecb33e14ac: ;   {metadata(method data for {method} {0x000001ed1d23f078} 'assertOnRenderThreadOrInit' '()V' in 'com/mojang/blaze3d/systems/RenderSystem')}
  0x000001ecb33e14ac: 0000 0148 | ba78 7459 | 1eed 0100 | 008b bacc | 0000 0083 | c702 89ba | cc00 0000 | 81e7 feff 
  0x000001ecb33e14cc: 1f00 85ff | 0f84 f386 

  0x000001ecb33e14d4: ;   {oop(a 'java/lang/Class'{0x000000070a534608} = 'com/mojang/blaze3d/systems/RenderSystem')}
  0x000001ecb33e14d4: 0000 48ba | 0846 530a | 0700 0000 | 0fbe 92f4 | 0000 0085 

  0x000001ecb33e14e8: ;   {metadata(method data for {method} {0x000001ed1d23f078} 'assertOnRenderThreadOrInit' '()V' in 'com/mojang/blaze3d/systems/RenderSystem')}
  0x000001ecb33e14e8: d248 ba78 | 7459 1eed | 0100 0048 | bf10 0100 | 0000 0000 | 0075 0a48 | bf20 0100 | 0000 0000 
  0x000001ecb33e1508: 0048 8b1c | 3a48 8d5b | 0148 891c | 3a0f 85f1 

  0x000001ecb33e1518: ;   {metadata(method data for {method} {0x000001ed1d23f078} 'assertOnRenderThreadOrInit' '()V' in 'com/mojang/blaze3d/systems/RenderSystem')}
  0x000001ecb33e1518: 0000 0048 | ba78 7459 | 1eed 0100 | 0048 8382 | 3001 0000 

  0x000001ecb33e152c: ;   {metadata(method data for {method} {0x000001ed1d23ef08} 'isOnRenderThread' '()Z' in 'com/mojang/blaze3d/systems/RenderSystem')}
  0x000001ecb33e152c: 0148 baf0 | 0057 1eed | 0100 008b | bacc 0000 | 0083 c702 | 89ba cc00 | 0000 81e7 | feff 1f00 
  0x000001ecb33e154c: 85ff 0f84 | 9686 0000 

  0x000001ecb33e1554: ;   {metadata(method data for {method} {0x000001ed1d23ef08} 'isOnRenderThread' '()Z' in 'com/mojang/blaze3d/systems/RenderSystem')}
  0x000001ecb33e1554: 48ba f000 | 571e ed01 | 0000 4883 | 8210 0100 

  0x000001ecb33e1564: ;   {oop(a 'java/lang/Class'{0x000000070a534608} = 'com/mojang/blaze3d/systems/RenderSystem')}
  0x000001ecb33e1564: 0001 48ba | 0846 530a | 0700 0000 | 8b52 7c48 | c1e2 0349 | 8bbf 8803 | 0000 488b | 3f48 3bfa 
  0x000001ecb33e1584: ;   {metadata(method data for {method} {0x000001ed1d23ef08} 'isOnRenderThread' '()Z' in 'com/mojang/blaze3d/systems/RenderSystem')}
  0x000001ecb33e1584: 48ba f000 | 571e ed01 | 0000 48bf | 2001 0000 | 0000 0000 | 750a 48bf | 3001 0000 | 0000 0000 
  0x000001ecb33e15a4: 488b 1c3a | 488d 5b01 | 4889 1c3a | 0f85 1a00 

  0x000001ecb33e15b4: ;   {metadata(method data for {method} {0x000001ed1d23ef08} 'isOnRenderThread' '()Z' in 'com/mojang/blaze3d/systems/RenderSystem')}
  0x000001ecb33e15b4: 0000 48ba | f000 571e | ed01 0000 | ff82 4001 | 0000 ba01 | 0000 00e9 | 0500 0000 | ba00 0000 
  0x000001ecb33e15d4: 0083 e201 

  0x000001ecb33e15d8: ;   {metadata(method data for {method} {0x000001ed1d23f078} 'assertOnRenderThreadOrInit' '()V' in 'com/mojang/blaze3d/systems/RenderSystem')}
  0x000001ecb33e15d8: 85d2 48ba | 7874 591e | ed01 0000 | 48bf 5001 | 0000 0000 | 0000 740a | 48bf 4001 | 0000 0000 
  0x000001ecb33e15f8: 0000 488b | 1c3a 488d | 5b01 4889 | 1c3a 0f84 | d57e 0000 | 89b4 2438 

  0x000001ecb33e1610: ;   {metadata(method data for {method} {0x000001ed1d607c98} '_clear' '(IZ)V' in 'com/mojang/blaze3d/platform/GlStateManager')}
  0x000001ecb33e1610: 0100 0048 | ba20 1084 | 1eed 0100 | 0048 8382 | 2001 0000 

  0x000001ecb33e1624: ;   {metadata(method data for {method} {0x000001ed1d47dd80} 'glClear' '(I)V' in 'org/lwjgl/opengl/GL11')}
  0x000001ecb33e1624: 0148 ba70 | 1673 1eed | 0100 008b | bacc 0000 | 0083 c702 | 89ba cc00 | 0000 81e7 | feff 1f00 
  0x000001ecb33e1644: 85ff 0f84 | bf85 0000 

  0x000001ecb33e164c: ;   {metadata(method data for {method} {0x000001ed1d47dd80} 'glClear' '(I)V' in 'org/lwjgl/opengl/GL11')}
  0x000001ecb33e164c: 48ba 7016 | 731e ed01 | 0000 4883 | 8210 0100 | 0001 ba00 | 4100 000f 

  0x000001ecb33e1664: ;   {static_call}
  0x000001ecb33e1664: 1f40 00e8 

  0x000001ecb33e1668: ; ImmutableOopMap {[216]=Oop }
                      ;*invokestatic glClear {reexecute=0 rethrow=0 return_oop=0}
                      ; - org.lwjgl.opengl.GL11::glClear@1 (line 992)
                      ; - com.mojang.blaze3d.platform.GlStateManager::_clear@4 (line 680)
                      ; - com.mojang.blaze3d.systems.RenderSystem::clear@2 (line 337)
                      ; - net.minecraft.client.Minecraft::runTick@330 (line 1184)
  0x000001ecb33e1668: 74f0 7606 

  0x000001ecb33e166c: ;   {other}
  0x000001ecb33e166c: 0f1f 8400 | 5c36 0019 

  0x000001ecb33e1674: ;   {metadata(method data for {method} {0x000001ed1d607c98} '_clear' '(IZ)V' in 'com/mojang/blaze3d/platform/GlStateManager')}
  0x000001ecb33e1674: 48ba 2010 | 841e ed01 | 0000 ff82 | 3001 0000 | 488b 9424 | d800 0000 | 8bb2 0c01 | 0000 48c1 
  0x000001ecb33e1694: e603 4889 | b424 4001 | 0000 483b | 064c 8bc6 

  0x000001ecb33e16a4: ;   {metadata(method data for {method} {0x000001ed0c798a18} 'runTick' '(Z)V' in 'net/minecraft/client/Minecraft')}
  0x000001ecb33e16a4: 49b9 0080 | cd1e ed01 | 0000 458b | 4008 49ba | 0000 00ca | ec01 0000 | 4d03 c24d | 3b81 a009 
  0x000001ecb33e16c4: 0000 750d | 4983 81a8 | 0900 0001 | e960 0000 | 004d 3b81 | b009 0000 | 750d 4983 | 81b8 0900 
  0x000001ecb33e16e4: 0001 e94a | 0000 0049 | 83b9 a009 | 0000 0075 | 174d 8981 | a009 0000 | 49c7 81a8 | 0900 0001 
  0x000001ecb33e1704: 0000 00e9 | 2900 0000 | 4983 b9b0 | 0900 0000 | 7517 4d89 | 81b0 0900 | 0049 c781 | b809 0000 
  0x000001ecb33e1724: 0100 0000 | e908 0000 | 0049 8381 | 9009 0000 

  0x000001ecb33e1734: ;   {metadata(method data for {method} {0x000001ed1d251628} 'bindWrite' '(Z)V' in 'com/mojang/blaze3d/pipeline/RenderTarget')}
  0x000001ecb33e1734: 0149 b858 | 40cc 1eed | 0100 0045 | 8b88 cc00 | 0000 4183 | c102 4589 | 88cc 0000 | 0041 81e1 
  0x000001ecb33e1754: feff 1f00 | 4585 c90f | 84d0 8400 

  0x000001ecb33e1760: ;   {metadata(method data for {method} {0x000001ed1d251628} 'bindWrite' '(Z)V' in 'com/mojang/blaze3d/pipeline/RenderTarget')}
  0x000001ecb33e1760: 0049 b858 | 40cc 1eed | 0100 0049 | 8380 1001 

  0x000001ecb33e1770: ;   {metadata(method data for {method} {0x000001ed1d23ef08} 'isOnRenderThread' '()Z' in 'com/mojang/blaze3d/systems/RenderSystem')}
  0x000001ecb33e1770: 0000 0149 | b8f0 0057 | 1eed 0100 | 0045 8b88 | cc00 0000 | 4183 c102 | 4589 88cc | 0000 0041 
  0x000001ecb33e1790: 81e1 feff | 1f00 4585 | c90f 84b3 

  0x000001ecb33e179c: ;   {metadata(method data for {method} {0x000001ed1d23ef08} 'isOnRenderThread' '()Z' in 'com/mojang/blaze3d/systems/RenderSystem')}
  0x000001ecb33e179c: 8400 0049 | b8f0 0057 | 1eed 0100 | 0049 8380 | 1001 0000 

  0x000001ecb33e17b0: ;   {oop(a 'java/lang/Class'{0x000000070a534608} = 'com/mojang/blaze3d/systems/RenderSystem')}
  0x000001ecb33e17b0: 0149 b808 | 4653 0a07 | 0000 0041 | 8b78 7c48 | c1e7 034d | 8b87 8803 | 0000 4d8b | 004c 3bc7 
  0x000001ecb33e17d0: ;   {metadata(method data for {method} {0x000001ed1d23ef08} 'isOnRenderThread' '()Z' in 'com/mojang/blaze3d/systems/RenderSystem')}
  0x000001ecb33e17d0: 49b8 f000 | 571e ed01 | 0000 49b9 | 2001 0000 | 0000 0000 | 750a 49b9 | 3001 0000 | 0000 0000 
  0x000001ecb33e17f0: 4b8b 1c08 | 488d 5b01 | 4b89 1c08 | 0f85 1c00 

  0x000001ecb33e1800: ;   {metadata(method data for {method} {0x000001ed1d23ef08} 'isOnRenderThread' '()Z' in 'com/mojang/blaze3d/systems/RenderSystem')}
  0x000001ecb33e1800: 0000 49b8 | f000 571e | ed01 0000 | 41ff 8040 | 0100 0041 | b801 0000 | 00e9 0600 | 0000 41b8 
  0x000001ecb33e1820: 0000 0000 | 4183 e001 

  0x000001ecb33e1828: ;   {metadata(method data for {method} {0x000001ed1d251628} 'bindWrite' '(Z)V' in 'com/mojang/blaze3d/pipeline/RenderTarget')}
  0x000001ecb33e1828: 4585 c049 | b858 40cc | 1eed 0100 | 0049 b920 | 0100 0000 | 0000 0075 | 0a49 b930 | 0100 0000 
  0x000001ecb33e1848: 0000 004b | 8b1c 0848 | 8d5b 014b | 891c 080f | 854c 0200 | 0066 6690 

  0x000001ecb33e1860: ;   {no_reloc}
  0x000001ecb33e1860: e91d 8400 | 0090 9090 | 9090 488b | d641 b801 | 0000 000f 

  0x000001ecb33e1874: ;   {static_call}
  0x000001ecb33e1874: 1f40 00e8 

  0x000001ecb33e1878: ; ImmutableOopMap {[216]=Oop }
                      ;*invokedynamic {reexecute=0 rethrow=0 return_oop=0}
                      ; - com.mojang.blaze3d.pipeline.RenderTarget::bindWrite@8 (line 188)
                      ; - net.minecraft.client.Minecraft::runTick@338 (line 1185)
  0x000001ecb33e1878: 04d8 fe05 

  0x000001ecb33e187c: ;   {other}
  0x000001ecb33e187c: 0f1f 8400 | 6c38 001a 

  0x000001ecb33e1884: ;   {metadata(method data for {method} {0x000001ed1d251628} 'bindWrite' '(Z)V' in 'com/mojang/blaze3d/pipeline/RenderTarget')}
  0x000001ecb33e1884: 49b8 5840 | cc1e ed01 | 0000 4d8d | 8060 0100 | 0048 85c0 | 750d 41f6 | 0001 754c | f049 8308 
  0x000001ecb33e18a4: 01eb 458b | 5008 49ba | 0000 00ca | ec01 0000 | 4903 d24c | 8bd2 4933 | 1048 f7c2 | fcff ffff 
  0x000001ecb33e18c4: 7426 f6c2 | 0275 2149 | f700 feff | ffff 7415 | 498b d249 | 3310 48f7 | c2fc ffff | ff74 0949 
  0x000001ecb33e18e4: 8308 02eb | 0349 8910 

  0x000001ecb33e18ec: ;   {metadata(method data for {method} {0x000001ed1d251628} 'bindWrite' '(Z)V' in 'com/mojang/blaze3d/pipeline/RenderTarget')}
  0x000001ecb33e18ec: 49b8 5840 | cc1e ed01 | 0000 4983 | 8070 0100 

  0x000001ecb33e18fc: ;   {metadata(method data for {method} {0x000001ed1d23f290} 'recordRenderCall' '(Lcom/mojang/blaze3d/pipeline/RenderCall;)V' in 'com/mojang/blaze3d/systems/RenderSystem')}
  0x000001ecb33e18fc: 0001 49b8 | 08f6 821e | ed01 0000 | 418b 90cc | 0000 0083 | c202 4189 | 90cc 0000 | 0081 e2fe 
  0x000001ecb33e191c: ff1f 0085 | d20f 8465 

  0x000001ecb33e1924: ;   {oop(a 'java/util/concurrent/ConcurrentLinkedQueue'{0x000000070a534fb0})}
  0x000001ecb33e1924: 8300 0048 | bab0 4f53 | 0a07 0000 | 004c 8bc2 

  0x000001ecb33e1934: ;   {metadata(method data for {method} {0x000001ed1d23f290} 'recordRenderCall' '(Lcom/mojang/blaze3d/pipeline/RenderCall;)V' in 'com/mojang/blaze3d/systems/RenderSystem')}
  0x000001ecb33e1934: 48be 08f6 | 821e ed01 | 0000 458b | 4008 49ba | 0000 00ca | ec01 0000 | 4d03 c24c | 3b86 2001 
  0x000001ecb33e1954: 0000 750d | 4883 8628 | 0100 0001 | e960 0000 | 004c 3b86 | 3001 0000 | 750d 4883 | 8638 0100 
  0x000001ecb33e1974: 0001 e94a | 0000 0048 | 83be 2001 | 0000 0075 | 174c 8986 | 2001 0000 | 48c7 8628 | 0100 0001 
  0x000001ecb33e1994: 0000 00e9 | 2900 0000 | 4883 be30 | 0100 0000 | 7517 4c89 | 8630 0100 | 0048 c786 | 3801 0000 
  0x000001ecb33e19b4: 0100 0000 | e908 0000 | 0048 8386 | 1001 0000 

  0x000001ecb33e19c4: ;   {metadata(method data for {method} {0x000001ed0b293550} 'add' '(Ljava/lang/Object;)Z' in 'java/util/concurrent/ConcurrentLinkedQueue')}
  0x000001ecb33e19c4: 0149 b8e8 | 64d8 0ced | 0100 0041 | 8bb0 cc00 | 0000 83c6 | 0241 89b0 | cc00 0000 | 81e6 feff 
  0x000001ecb33e19e4: 1f00 85f6 | 0f84 bf82 | 0000 4c8b 

  0x000001ecb33e19f0: ;   {metadata(method data for {method} {0x000001ed0b293550} 'add' '(Ljava/lang/Object;)Z' in 'java/util/concurrent/ConcurrentLinkedQueue')}
  0x000001ecb33e19f0: c248 bee8 | 64d8 0ced | 0100 0045 | 8b40 0849 | ba00 0000 | caec 0100 | 004d 03c2 | 4c3b 8620 
  0x000001ecb33e1a10: 0100 0075 | 0d48 8386 | 2801 0000 | 01e9 6000 | 0000 4c3b | 8630 0100 | 0075 0d48 | 8386 3801 
  0x000001ecb33e1a30: 0000 01e9 | 4a00 0000 | 4883 be20 | 0100 0000 | 7517 4c89 | 8620 0100 | 0048 c786 | 2801 0000 
  0x000001ecb33e1a50: 0100 0000 | e929 0000 | 0048 83be | 3001 0000 | 0075 174c | 8986 3001 | 0000 48c7 | 8638 0100 
  0x000001ecb33e1a70: 0001 0000 | 00e9 0800 | 0000 4883 | 8610 0100 | 0001 4c8b 

  0x000001ecb33e1a84: ;   {optimized virtual_call}
  0x000001ecb33e1a84: c066 90e8 

  0x000001ecb33e1a88: ; ImmutableOopMap {[216]=Oop }
                      ;*invokevirtual offer {reexecute=0 rethrow=0 return_oop=0}
                      ; - java.util.concurrent.ConcurrentLinkedQueue::add@2 (line 283)
                      ; - com.mojang.blaze3d.systems.RenderSystem::recordRenderCall@4 (line 128)
                      ; - com.mojang.blaze3d.pipeline.RenderTarget::bindWrite@13 (line 188)
                      ; - net.minecraft.client.Minecraft::runTick@338 (line 1185)
  0x000001ecb33e1a88: f4cf fe05 

  0x000001ecb33e1a8c: ;   {other}
  0x000001ecb33e1a8c: 0f1f 8400 | 7c3a 001b 

  0x000001ecb33e1a94: ;   {metadata(method data for {method} {0x000001ed1d251628} 'bindWrite' '(Z)V' in 'com/mojang/blaze3d/pipeline/RenderTarget')}
  0x000001ecb33e1a94: 48ba 5840 | cc1e ed01 | 0000 ff82 | 8001 0000 | e9f3 0300 | 0048 8bd6 

  0x000001ecb33e1aac: ;   {metadata(method data for {method} {0x000001ed1d251628} 'bindWrite' '(Z)V' in 'com/mojang/blaze3d/pipeline/RenderTarget')}
  0x000001ecb33e1aac: 49b8 5840 | cc1e ed01 | 0000 4983 | 8098 0100 

  0x000001ecb33e1abc: ;   {metadata(method data for {method} {0x000001ed1d251700} '_bindWrite' '(Z)V' in 'com/mojang/blaze3d/pipeline/RenderTarget')}
  0x000001ecb33e1abc: 0001 48ba | f843 cc1e | ed01 0000 | 448b 82cc | 0000 0041 | 83c0 0244 | 8982 cc00 | 0000 4181 
  0x000001ecb33e1adc: e0fe ff1f | 0045 85c0 | 0f84 e481 

  0x000001ecb33e1ae8: ;   {metadata(method data for {method} {0x000001ed1d251700} '_bindWrite' '(Z)V' in 'com/mojang/blaze3d/pipeline/RenderTarget')}
  0x000001ecb33e1ae8: 0000 48ba | f843 cc1e | ed01 0000 | 4883 8210 | 0100 0001 

  0x000001ecb33e1afc: ;   {metadata(method data for {method} {0x000001ed1d23f078} 'assertOnRenderThreadOrInit' '()V' in 'com/mojang/blaze3d/systems/RenderSystem')}
  0x000001ecb33e1afc: 48ba 7874 | 591e ed01 | 0000 448b | 82cc 0000 | 0041 83c0 | 0244 8982 | cc00 0000 | 4181 e0fe 
  0x000001ecb33e1b1c: ff1f 0045 | 85c0 0f84 | c781 0000 

  0x000001ecb33e1b28: ;   {oop(a 'java/lang/Class'{0x000000070a534608} = 'com/mojang/blaze3d/systems/RenderSystem')}
  0x000001ecb33e1b28: 48ba 0846 | 530a 0700 | 0000 0fbe | 92f4 0000 

  0x000001ecb33e1b38: ;   {metadata(method data for {method} {0x000001ed1d23f078} 'assertOnRenderThreadOrInit' '()V' in 'com/mojang/blaze3d/systems/RenderSystem')}
  0x000001ecb33e1b38: 0085 d249 | b878 7459 | 1eed 0100 | 0048 bb10 | 0100 0000 | 0000 0075 | 0a48 bb20 | 0100 0000 
  0x000001ecb33e1b58: 0000 0049 | 8b04 1848 | 8d40 0149 | 8904 180f | 85e7 0000 

  0x000001ecb33e1b6c: ;   {metadata(method data for {method} {0x000001ed1d23f078} 'assertOnRenderThreadOrInit' '()V' in 'com/mojang/blaze3d/systems/RenderSystem')}
  0x000001ecb33e1b6c: 0049 b878 | 7459 1eed | 0100 0049 | 8380 3001 

  0x000001ecb33e1b7c: ;   {metadata(method data for {method} {0x000001ed1d23ef08} 'isOnRenderThread' '()Z' in 'com/mojang/blaze3d/systems/RenderSystem')}
  0x000001ecb33e1b7c: 0000 0149 | b8f0 0057 | 1eed 0100 | 0041 8b98 | cc00 0000 | 83c3 0241 | 8998 cc00 | 0000 81e3 
  0x000001ecb33e1b9c: feff 1f00 | 85db 0f84 | 6881 0000 

  0x000001ecb33e1ba8: ;   {metadata(method data for {method} {0x000001ed1d23ef08} 'isOnRenderThread' '()Z' in 'com/mojang/blaze3d/systems/RenderSystem')}
  0x000001ecb33e1ba8: 49b8 f000 | 571e ed01 | 0000 4983 | 8010 0100 | 0001 4d8b | 8788 0300 | 004d 8b00 

  0x000001ecb33e1bc4: ;   {metadata(method data for {method} {0x000001ed1d23ef08} 'isOnRenderThread' '()Z' in 'com/mojang/blaze3d/systems/RenderSystem')}
  0x000001ecb33e1bc4: 4c3b c749 | b8f0 0057 | 1eed 0100 | 0048 bb20 | 0100 0000 | 0000 0075 | 0a48 bb30 | 0100 0000 
  0x000001ecb33e1be4: 0000 0049 | 8b04 1848 | 8d40 0149 | 8904 180f | 851c 0000 

  0x000001ecb33e1bf8: ;   {metadata(method data for {method} {0x000001ed1d23ef08} 'isOnRenderThread' '()Z' in 'com/mojang/blaze3d/systems/RenderSystem')}
  0x000001ecb33e1bf8: 0049 b8f0 | 0057 1eed | 0100 0041 | ff80 4001 | 0000 41b8 | 0100 0000 | e906 0000 | 0041 b800 
  0x000001ecb33e1c18: 0000 0041 | 83e0 0145 

  0x000001ecb33e1c20: ;   {metadata(method data for {method} {0x000001ed1d23f078} 'assertOnRenderThreadOrInit' '()V' in 'com/mojang/blaze3d/systems/RenderSystem')}
  0x000001ecb33e1c20: 85c0 49b8 | 7874 591e | ed01 0000 | 48bb 5001 | 0000 0000 | 0000 740a | 48bb 4001 | 0000 0000 
  0x000001ecb33e1c40: 0000 498b | 0418 488d | 4001 4989 | 0418 0f84 | ad77 0000 

  0x000001ecb33e1c54: ;   {metadata(method data for {method} {0x000001ed1d251700} '_bindWrite' '(Z)V' in 'com/mojang/blaze3d/pipeline/RenderTarget')}
  0x000001ecb33e1c54: 8b5e 1c49 | b8f8 43cc | 1eed 0100 | 0049 8380 | 2001 0000 

  0x000001ecb33e1c68: ;   {metadata(method data for {method} {0x000001ed1d605160} '_glBindFramebuffer' '(II)V' in 'com/mojang/blaze3d/platform/GlStateManager')}
  0x000001ecb33e1c68: 0149 b8e0 | 8a89 1eed | 0100 0041 | 8b80 cc00 | 0000 83c0 | 0241 8980 | cc00 0000 | 25fe ff1f 
  0x000001ecb33e1c88: 0085 c00f | 84a0 8000 

  0x000001ecb33e1c90: ;   {metadata(method data for {method} {0x000001ed1d605160} '_glBindFramebuffer' '(II)V' in 'com/mojang/blaze3d/platform/GlStateManager')}
  0x000001ecb33e1c90: 0049 b8e0 | 8a89 1eed | 0100 0049 | 8380 1001 

  0x000001ecb33e1ca0: ;   {metadata(method data for {method} {0x000001ed1d23f078} 'assertOnRenderThreadOrInit' '()V' in 'com/mojang/blaze3d/systems/RenderSystem')}
  0x000001ecb33e1ca0: 0000 0149 | b878 7459 | 1eed 0100 | 0041 8b80 | cc00 0000 | 83c0 0241 | 8980 cc00 | 0000 25fe 
  0x000001ecb33e1cc0: ff1f 0085 | c00f 8487 | 8000 0085 

  0x000001ecb33e1ccc: ;   {metadata(method data for {method} {0x000001ed1d23f078} 'assertOnRenderThreadOrInit' '()V' in 'com/mojang/blaze3d/systems/RenderSystem')}
  0x000001ecb33e1ccc: d248 ba78 | 7459 1eed | 0100 0049 | b810 0100 | 0000 0000 | 0075 0a49 | b820 0100 | 0000 0000 
  0x000001ecb33e1cec: 004a 8b04 | 0248 8d40 | 014a 8904 | 020f 85e5 

  0x000001ecb33e1cfc: ;   {metadata(method data for {method} {0x000001ed1d23f078} 'assertOnRenderThreadOrInit' '()V' in 'com/mojang/blaze3d/systems/RenderSystem')}
  0x000001ecb33e1cfc: 0000 0048 | ba78 7459 | 1eed 0100 | 0048 8382 | 3001 0000 

  0x000001ecb33e1d10: ;   {metadata(method data for {method} {0x000001ed1d23ef08} 'isOnRenderThread' '()Z' in 'com/mojang/blaze3d/systems/RenderSystem')}
  0x000001ecb33e1d10: 0148 baf0 | 0057 1eed | 0100 0044 | 8b82 cc00 | 0000 4183 | c002 4489 | 82cc 0000 | 0041 81e0 
  0x000001ecb33e1d30: feff 1f00 | 4585 c00f | 8436 8000 

  0x000001ecb33e1d3c: ;   {metadata(method data for {method} {0x000001ed1d23ef08} 'isOnRenderThread' '()Z' in 'com/mojang/blaze3d/systems/RenderSystem')}
  0x000001ecb33e1d3c: 0048 baf0 | 0057 1eed | 0100 0048 | 8382 1001 | 0000 0149 | 8b97 8803 | 0000 488b | 1248 3bd7 
  0x000001ecb33e1d5c: ;   {metadata(method data for {method} {0x000001ed1d23ef08} 'isOnRenderThread' '()Z' in 'com/mojang/blaze3d/systems/RenderSystem')}
  0x000001ecb33e1d5c: 48ba f000 | 571e ed01 | 0000 49b8 | 2001 0000 | 0000 0000 | 750a 49b8 | 3001 0000 | 0000 0000 
  0x000001ecb33e1d7c: 4a8b 3c02 | 488d 7f01 | 4a89 3c02 | 0f85 1a00 

  0x000001ecb33e1d8c: ;   {metadata(method data for {method} {0x000001ed1d23ef08} 'isOnRenderThread' '()Z' in 'com/mojang/blaze3d/systems/RenderSystem')}
  0x000001ecb33e1d8c: 0000 48ba | f000 571e | ed01 0000 | ff82 4001 | 0000 ba01 | 0000 00e9 | 0500 0000 | ba00 0000 
  0x000001ecb33e1dac: 0083 e201 

  0x000001ecb33e1db0: ;   {metadata(method data for {method} {0x000001ed1d23f078} 'assertOnRenderThreadOrInit' '()V' in 'com/mojang/blaze3d/systems/RenderSystem')}
  0x000001ecb33e1db0: 85d2 48ba | 7874 591e | ed01 0000 | 49b8 5001 | 0000 0000 | 0000 740a | 49b8 4001 | 0000 0000 
  0x000001ecb33e1dd0: 0000 4a8b | 3c02 488d | 7f01 4a89 | 3c02 0f84 | 3575 0000 

  0x000001ecb33e1de4: ;   {metadata(method data for {method} {0x000001ed1d605160} '_glBindFramebuffer' '(II)V' in 'com/mojang/blaze3d/platform/GlStateManager')}
  0x000001ecb33e1de4: 48ba e08a | 891e ed01 | 0000 4883 | 8220 0100 

  0x000001ecb33e1df4: ;   {metadata(method data for {method} {0x000001ed1d867b88} 'glBindFramebuffer' '(II)V' in 'org/lwjgl/opengl/GL30')}
  0x000001ecb33e1df4: 0001 48ba | 8030 881e | ed01 0000 | 448b 82cc | 0000 0041 | 83c0 0244 | 8982 cc00 | 0000 4181 
  0x000001ecb33e1e14: e0fe ff1f | 0045 85c0 | 0f84 727f 

  0x000001ecb33e1e20: ;   {metadata(method data for {method} {0x000001ed1d867b88} 'glBindFramebuffer' '(II)V' in 'org/lwjgl/opengl/GL30')}
  0x000001ecb33e1e20: 0000 48ba | 8030 881e | ed01 0000 | 4883 8210 | 0100 0001 | ba40 8d00 | 004c 8bc3 

  0x000001ecb33e1e3c: ;   {static_call}
  0x000001ecb33e1e3c: 6666 90e8 

  0x000001ecb33e1e40: ; ImmutableOopMap {[216]=Oop [320]=Oop }
                      ;*invokestatic glBindFramebuffer {reexecute=0 rethrow=0 return_oop=0}
                      ; - org.lwjgl.opengl.GL30::glBindFramebuffer@2 (line 1619)
                      ; - com.mojang.blaze3d.platform.GlStateManager::_glBindFramebuffer@5 (line 336)
                      ; - com.mojang.blaze3d.pipeline.RenderTarget::_bindWrite@9 (line 196)
                      ; - com.mojang.blaze3d.pipeline.RenderTarget::bindWrite@21 (line 190)
                      ; - net.minecraft.client.Minecraft::runTick@338 (line 1185)
  0x000001ecb33e1e40: 9c86 9606 

  0x000001ecb33e1e44: ;   {other}
  0x000001ecb33e1e44: 0f1f 8400 | 343e 001c 

  0x000001ecb33e1e4c: ;   {metadata(method data for {method} {0x000001ed1d251700} '_bindWrite' '(Z)V' in 'com/mojang/blaze3d/pipeline/RenderTarget')}
  0x000001ecb33e1e4c: 48ba f843 | cc1e ed01 | 0000 ff82 | 4001 0000 | 488b b424 | 4001 0000 | 448b 4e14 

  0x000001ecb33e1e68: ;   {metadata(method data for {method} {0x000001ed1d251700} '_bindWrite' '(Z)V' in 'com/mojang/blaze3d/pipeline/RenderTarget')}
  0x000001ecb33e1e68: 8b7e 1848 | baf8 43cc | 1eed 0100 | 0048 8382 | 5001 0000 | 01ba 0000 | 0000 41b8 | 0000 0000 
  0x000001ecb33e1e88: 0f1f 8000 

  0x000001ecb33e1e8c: ;   {static_call}
  0x000001ecb33e1e8c: 0000 00e8 

  0x000001ecb33e1e90: ; ImmutableOopMap {[216]=Oop }
                      ;*invokestatic _viewport {reexecute=0 rethrow=0 return_oop=0}
                      ; - com.mojang.blaze3d.pipeline.RenderTarget::_bindWrite@26 (line 198)
                      ; - com.mojang.blaze3d.pipeline.RenderTarget::bindWrite@21 (line 190)
                      ; - net.minecraft.client.Minecraft::runTick@338 (line 1185)
  0x000001ecb33e1e90: 8c6a db06 

  0x000001ecb33e1e94: ;   {other}
  0x000001ecb33e1e94: 0f1f 8400 | 843e 001d 

  0x000001ecb33e1e9c: ;   {metadata(method data for {method} {0x000001ed0c798a18} 'runTick' '(Z)V' in 'net/minecraft/client/Minecraft')}
  0x000001ecb33e1e9c: 49b8 0080 | cd1e ed01 | 0000 4983 | 80c8 0900 

  0x000001ecb33e1eac: ;   {metadata(method data for {method} {0x000001ed1e709ba0} 'setupNoFog' '()V' in 'net/minecraft/client/renderer/FogRenderer')}
  0x000001ecb33e1eac: 0001 49b8 | b8d7 cd1e | ed01 0000 | 418b 90cc | 0000 0083 | c202 4189 | 90cc 0000 | 0081 e2fe 
  0x000001ecb33e1ecc: ff1f 0085 | d20f 84de 

  0x000001ecb33e1ed4: ;   {metadata(method data for {method} {0x000001ed1e709ba0} 'setupNoFog' '()V' in 'net/minecraft/client/renderer/FogRenderer')}
  0x000001ecb33e1ed4: 7e00 0049 | b8b8 d7cd | 1eed 0100 | 0049 8380 | 1001 0000 

  0x000001ecb33e1ee8: ;   {metadata(method data for {method} {0x000001ed1d241100} 'setShaderFogStart' '(F)V' in 'com/mojang/blaze3d/systems/RenderSystem')}
  0x000001ecb33e1ee8: 0149 b810 | d9cd 1eed | 0100 0041 | 8b90 cc00 | 0000 83c2 | 0241 8990 | cc00 0000 | 81e2 feff 
  0x000001ecb33e1f08: 1f00 85d2 | 0f84 c47e 

  0x000001ecb33e1f10: ;   {metadata(method data for {method} {0x000001ed1d241100} 'setShaderFogStart' '(F)V' in 'com/mojang/blaze3d/systems/RenderSystem')}
  0x000001ecb33e1f10: 0000 49b8 | 10d9 cd1e | ed01 0000 | 4983 8010 | 0100 0001 

  0x000001ecb33e1f24: ;   {metadata(method data for {method} {0x000001ed1d23f130} 'assertOnRenderThread' '()V' in 'com/mojang/blaze3d/systems/RenderSystem')}
  0x000001ecb33e1f24: 49b8 8002 | 571e ed01 | 0000 418b | 90cc 0000 | 0083 c202 | 4189 90cc | 0000 0081 | e2fe ff1f 
  0x000001ecb33e1f44: 0085 d20f | 84aa 7e00 

  0x000001ecb33e1f4c: ;   {metadata(method data for {method} {0x000001ed1d23f130} 'assertOnRenderThread' '()V' in 'com/mojang/blaze3d/systems/RenderSystem')}
  0x000001ecb33e1f4c: 0049 b880 | 0257 1eed | 0100 0049 | 8380 1001 

  0x000001ecb33e1f5c: ;   {metadata(method data for {method} {0x000001ed1d23ef08} 'isOnRenderThread' '()Z' in 'com/mojang/blaze3d/systems/RenderSystem')}
  0x000001ecb33e1f5c: 0000 0149 | b8f0 0057 | 1eed 0100 | 0041 8b90 | cc00 0000 | 83c2 0241 | 8990 cc00 | 0000 81e2 
  0x000001ecb33e1f7c: feff 1f00 | 85d2 0f84 | 907e 0000 

  0x000001ecb33e1f88: ;   {metadata(method data for {method} {0x000001ed1d23ef08} 'isOnRenderThread' '()Z' in 'com/mojang/blaze3d/systems/RenderSystem')}
  0x000001ecb33e1f88: 49b8 f000 | 571e ed01 | 0000 4983 | 8010 0100 

  0x000001ecb33e1f98: ;   {oop(a 'java/lang/Class'{0x000000070a534608} = 'com/mojang/blaze3d/systems/RenderSystem')}
  0x000001ecb33e1f98: 0001 49b8 | 0846 530a | 0700 0000 | 458b 407c | 49c1 e003 | 498b 9788 | 0300 0048 | 8b12 493b 
  0x000001ecb33e1fb8: ;   {metadata(method data for {method} {0x000001ed1d23ef08} 'isOnRenderThread' '()Z' in 'com/mojang/blaze3d/systems/RenderSystem')}
  0x000001ecb33e1fb8: d048 baf0 | 0057 1eed | 0100 0048 | be20 0100 | 0000 0000 | 0075 0a48 | be30 0100 | 0000 0000 
  0x000001ecb33e1fd8: 0048 8b3c | 3248 8d7f | 0148 893c | 320f 851a 

  0x000001ecb33e1fe8: ;   {metadata(method data for {method} {0x000001ed1d23ef08} 'isOnRenderThread' '()Z' in 'com/mojang/blaze3d/systems/RenderSystem')}
  0x000001ecb33e1fe8: 0000 0048 | baf0 0057 | 1eed 0100 | 00ff 8240 | 0100 00ba | 0100 0000 | e905 0000 | 00ba 0000 
  0x000001ecb33e2008: 0000 83e2 

  0x000001ecb33e200c: ;   {metadata(method data for {method} {0x000001ed1d23f130} 'assertOnRenderThread' '()V' in 'com/mojang/blaze3d/systems/RenderSystem')}
  0x000001ecb33e200c: 0185 d248 | ba80 0257 | 1eed 0100 | 0048 be30 | 0100 0000 | 0000 0074 | 0a48 be20 | 0100 0000 
  0x000001ecb33e202c: 0000 0048 | 8b3c 3248 | 8d7f 0148 | 893c 320f | 84f8 7100 

  0x000001ecb33e2040: ;   {oop(a 'java/lang/Class'{0x000000070a534608} = 'com/mojang/blaze3d/systems/RenderSystem')}
  0x000001ecb33e2040: 0048 ba08 | 4653 0a07 | 0000 00c7 | 82e4 0000 | 00ff ff7f | 7f48 8b94 | 24d8 0000 | 008b b2b8 
  0x000001ecb33e2060: 0100 0048 | c1e6 0348 | 85f6 0f84 | 2900 0000 

  0x000001ecb33e2070: ;   {metadata('net/minecraft/util/profiling/InactiveProfiler')}
  0x000001ecb33e2070: 48b9 c072 | c9cb ec01 | 0000 8b46 | 0849 ba00 | 0000 caec | 0100 0049 | 03c2 483b | 4838 0f85 
  0x000001ecb33e2090: a57d 0000 | e900 0000 | 0048 8bfe 

  0x000001ecb33e209c: ; implicit exception: dispatches to 0x000001ecb33e9e3e
                      ;   {metadata(method data for {method} {0x000001ed0c798a18} 'runTick' '(Z)V' in 'net/minecraft/client/Minecraft')}
  0x000001ecb33e209c: 483b 0648 | bf00 80cd | 1eed 0100 

  0x000001ecb33e20a8: ;   {metadata('net/minecraft/util/profiling/InactiveProfiler')}
  0x000001ecb33e20a8: 0049 bac0 | 72c9 cbec | 0100 004c | 8997 e809 | 0000 4883 | 87f0 0900 

  0x000001ecb33e20c0: ;   {metadata(method data for {method} {0x000001ed1d2bf608} 'push' '(Ljava/lang/String;)V' in 'net/minecraft/util/profiling/InactiveProfiler')}
  0x000001ecb33e20c0: 0001 48be | 9098 811e | ed01 0000 | 8bbe cc00 | 0000 83c7 | 0289 becc | 0000 0081 | e7fe ff1f 
  0x000001ecb33e20e0: 0085 ff0f | 845a 7d00 

  0x000001ecb33e20e8: ;   {metadata(method data for {method} {0x000001ed0c798a18} 'runTick' '(Z)V' in 'net/minecraft/client/Minecraft')}
  0x000001ecb33e20e8: 0048 be00 | 80cd 1eed | 0100 0048 | 8386 100a 

  0x000001ecb33e20f8: ;   {metadata(method data for {method} {0x000001ed1d2400a8} 'enableCull' '()V' in 'com/mojang/blaze3d/systems/RenderSystem')}
  0x000001ecb33e20f8: 0000 0148 | be88 a2cc | 1eed 0100 | 008b becc | 0000 0083 | c702 89be | cc00 0000 | 81e7 feff 
  0x000001ecb33e2118: 1f00 85ff | 0f84 427d 

  0x000001ecb33e2120: ;   {metadata(method data for {method} {0x000001ed1d2400a8} 'enableCull' '()V' in 'com/mojang/blaze3d/systems/RenderSystem')}
  0x000001ecb33e2120: 0000 48be | 88a2 cc1e | ed01 0000 | 4883 8610 | 0100 0001 

  0x000001ecb33e2134: ;   {metadata(method data for {method} {0x000001ed1d23f130} 'assertOnRenderThread' '()V' in 'com/mojang/blaze3d/systems/RenderSystem')}
  0x000001ecb33e2134: 48be 8002 | 571e ed01 | 0000 8bbe | cc00 0000 | 83c7 0289 | becc 0000 | 0081 e7fe | ff1f 0085 
  0x000001ecb33e2154: ff0f 842a 

  0x000001ecb33e2158: ;   {metadata(method data for {method} {0x000001ed1d23f130} 'assertOnRenderThread' '()V' in 'com/mojang/blaze3d/systems/RenderSystem')}
  0x000001ecb33e2158: 7d00 0048 | be80 0257 | 1eed 0100 | 0048 8386 | 1001 0000 

  0x000001ecb33e216c: ;   {metadata(method data for {method} {0x000001ed1d23ef08} 'isOnRenderThread' '()Z' in 'com/mojang/blaze3d/systems/RenderSystem')}
  0x000001ecb33e216c: 0148 bef0 | 0057 1eed | 0100 008b | becc 0000 | 0083 c702 | 89be cc00 | 0000 81e7 | feff 1f00 
  0x000001ecb33e218c: 85ff 0f84 | 127d 0000 

  0x000001ecb33e2194: ;   {metadata(method data for {method} {0x000001ed1d23ef08} 'isOnRenderThread' '()Z' in 'com/mojang/blaze3d/systems/RenderSystem')}
  0x000001ecb33e2194: 48be f000 | 571e ed01 | 0000 4883 | 8610 0100 | 0001 498b | b788 0300 | 0048 8b36 

  0x000001ecb33e21b0: ;   {metadata(method data for {method} {0x000001ed1d23ef08} 'isOnRenderThread' '()Z' in 'com/mojang/blaze3d/systems/RenderSystem')}
  0x000001ecb33e21b0: 493b f048 | bef0 0057 | 1eed 0100 | 0048 bf20 | 0100 0000 | 0000 0075 | 0a48 bf30 | 0100 0000 
  0x000001ecb33e21d0: 0000 0048 | 8b1c 3e48 | 8d5b 0148 | 891c 3e0f | 851a 0000 

  0x000001ecb33e21e4: ;   {metadata(method data for {method} {0x000001ed1d23ef08} 'isOnRenderThread' '()Z' in 'com/mojang/blaze3d/systems/RenderSystem')}
  0x000001ecb33e21e4: 0048 bef0 | 0057 1eed | 0100 00ff | 8640 0100 | 00be 0100 | 0000 e905 | 0000 00be | 0000 0000 
  0x000001ecb33e2204: 83e6 0185 

  0x000001ecb33e2208: ;   {metadata(method data for {method} {0x000001ed1d23f130} 'assertOnRenderThread' '()V' in 'com/mojang/blaze3d/systems/RenderSystem')}
  0x000001ecb33e2208: f648 be80 | 0257 1eed | 0100 0048 | bf30 0100 | 0000 0000 | 0074 0a48 | bf20 0100 | 0000 0000 
  0x000001ecb33e2228: 0048 8b1c | 3e48 8d5b | 0148 891c | 3e0f 841e 

  0x000001ecb33e2238: ;   {metadata(method data for {method} {0x000001ed1d2400a8} 'enableCull' '()V' in 'com/mojang/blaze3d/systems/RenderSystem')}
  0x000001ecb33e2238: 6f00 0048 | be88 a2cc | 1eed 0100 | 0048 8386 | 2001 0000 

  0x000001ecb33e224c: ;   {metadata(method data for {method} {0x000001ed1d606030} '_enableCull' '()V' in 'com/mojang/blaze3d/platform/GlStateManager')}
  0x000001ecb33e224c: 0148 bef0 | a3cc 1eed | 0100 008b | becc 0000 | 0083 c702 | 89be cc00 | 0000 81e7 | feff 1f00 
  0x000001ecb33e226c: 85ff 0f84 | 537c 0000 

  0x000001ecb33e2274: ;   {metadata(method data for {method} {0x000001ed1d606030} '_enableCull' '()V' in 'com/mojang/blaze3d/platform/GlStateManager')}
  0x000001ecb33e2274: 48be f0a3 | cc1e ed01 | 0000 4883 | 8610 0100 

  0x000001ecb33e2284: ;   {metadata(method data for {method} {0x000001ed1d23f130} 'assertOnRenderThread' '()V' in 'com/mojang/blaze3d/systems/RenderSystem')}
  0x000001ecb33e2284: 0001 48be | 8002 571e | ed01 0000 | 8bbe cc00 | 0000 83c7 | 0289 becc | 0000 0081 | e7fe ff1f 
  0x000001ecb33e22a4: 0085 ff0f | 843b 7c00 

  0x000001ecb33e22ac: ;   {metadata(method data for {method} {0x000001ed1d23f130} 'assertOnRenderThread' '()V' in 'com/mojang/blaze3d/systems/RenderSystem')}
  0x000001ecb33e22ac: 0048 be80 | 0257 1eed | 0100 0048 | 8386 1001 

  0x000001ecb33e22bc: ;   {metadata(method data for {method} {0x000001ed1d23ef08} 'isOnRenderThread' '()Z' in 'com/mojang/blaze3d/systems/RenderSystem')}
  0x000001ecb33e22bc: 0000 0148 | bef0 0057 | 1eed 0100 | 008b becc | 0000 0083 | c702 89be | cc00 0000 | 81e7 feff 
  0x000001ecb33e22dc: 1f00 85ff | 0f84 237c 

  0x000001ecb33e22e4: ;   {metadata(method data for {method} {0x000001ed1d23ef08} 'isOnRenderThread' '()Z' in 'com/mojang/blaze3d/systems/RenderSystem')}
  0x000001ecb33e22e4: 0000 48be | f000 571e | ed01 0000 | 4883 8610 | 0100 0001 | 498b b788 | 0300 0048 | 8b36 493b 
  0x000001ecb33e2304: ;   {metadata(method data for {method} {0x000001ed1d23ef08} 'isOnRenderThread' '()Z' in 'com/mojang/blaze3d/systems/RenderSystem')}
  0x000001ecb33e2304: f049 b8f0 | 0057 1eed | 0100 0048 | be20 0100 | 0000 0000 | 0075 0a48 | be30 0100 | 0000 0000 
  0x000001ecb33e2324: 0049 8b3c | 3048 8d7f | 0149 893c | 300f 851c 

  0x000001ecb33e2334: ;   {metadata(method data for {method} {0x000001ed1d23ef08} 'isOnRenderThread' '()Z' in 'com/mojang/blaze3d/systems/RenderSystem')}
  0x000001ecb33e2334: 0000 0049 | b8f0 0057 | 1eed 0100 | 0041 ff80 | 4001 0000 | 41b8 0100 | 0000 e906 | 0000 0041 
  0x000001ecb33e2354: b800 0000 | 0041 83e0 | 0145 85c0 

  0x000001ecb33e2360: ;   {metadata(method data for {method} {0x000001ed1d23f130} 'assertOnRenderThread' '()V' in 'com/mojang/blaze3d/systems/RenderSystem')}
  0x000001ecb33e2360: 49b8 8002 | 571e ed01 | 0000 48be | 3001 0000 | 0000 0000 | 740a 48be | 2001 0000 | 0000 0000 
  0x000001ecb33e2380: 498b 3c30 | 488d 7f01 | 4989 3c30 | 0f84 e76c 

  0x000001ecb33e2390: ;   {oop(a 'com/mojang/blaze3d/platform/GlStateManager$CullState'{0x000000070a548d78})}
  0x000001ecb33e2390: 0000 49b8 | 788d 540a | 0700 0000 

  0x000001ecb33e239c: ; implicit exception: dispatches to 0x000001ecb33e9f2a
  0x000001ecb33e239c: 418b 7010 | 48c1 e603 

  0x000001ecb33e23a4: ; implicit exception: dispatches to 0x000001ecb33e9f2f
  0x000001ecb33e23a4: 483b 064c 

  0x000001ecb33e23a8: ;   {metadata(method data for {method} {0x000001ed1d606030} '_enableCull' '()V' in 'com/mojang/blaze3d/platform/GlStateManager')}
  0x000001ecb33e23a8: 8bc6 48bf | f0a3 cc1e | ed01 0000 

  0x000001ecb33e23b4: ;   {metadata('com/mojang/blaze3d/platform/GlStateManager$BooleanState')}
  0x000001ecb33e23b4: 49ba a82e | cecb ec01 | 0000 4c89 | 9730 0100 | 0048 8387 | 3801 0000 

  0x000001ecb33e23cc: ;   {metadata(method data for {method} {0x000001ed1d60a2b0} 'enable' '()V' in 'com/mojang/blaze3d/platform/GlStateManager$BooleanState')}
  0x000001ecb33e23cc: 0149 b838 | aa83 1eed | 0100 0041 | 8bb8 cc00 | 0000 83c7 | 0241 89b8 | cc00 0000 | 81e7 feff 
  0x000001ecb33e23ec: 1f00 85ff | 0f84 3e7b | 0000 4c8b 

  0x000001ecb33e23f8: ;   {metadata(method data for {method} {0x000001ed1d60a2b0} 'enable' '()V' in 'com/mojang/blaze3d/platform/GlStateManager$BooleanState')}
  0x000001ecb33e23f8: c648 bf38 | aa83 1eed 

  0x000001ecb33e2400: ;   {metadata('com/mojang/blaze3d/platform/GlStateManager$BooleanState')}
  0x000001ecb33e2400: 0100 0049 | baa8 2ece | cbec 0100 | 004c 8997 | 2001 0000 | 4883 8728 | 0100 0001 | 41b8 0100 
  0x000001ecb33e2420: 0000 488b 

  0x000001ecb33e2424: ;   {optimized virtual_call}
  0x000001ecb33e2424: d666 90e8 

  0x000001ecb33e2428: ; ImmutableOopMap {[216]=Oop }
                      ;*invokevirtual setEnabled {reexecute=0 rethrow=0 return_oop=0}
                      ; - com.mojang.blaze3d.platform.GlStateManager$BooleanState::enable@2 (line 769)
                      ; - com.mojang.blaze3d.platform.GlStateManager::_enableCull@9 (line 438)
                      ; - com.mojang.blaze3d.systems.RenderSystem::enableCull@3 (line 235)
                      ; - net.minecraft.client.Minecraft::runTick@356 (line 1188)
  0x000001ecb33e2428: 34b0 d506 

  0x000001ecb33e242c: ;   {other}
  0x000001ecb33e242c: 0f1f 8400 | 1c44 001e | 488b 9424 | d800 0000 | 8bb2 b801 | 0000 48c1 | e603 4885 | f60f 8429 
  0x000001ecb33e244c: ;   {metadata('net/minecraft/util/profiling/InactiveProfiler')}
  0x000001ecb33e244c: 0000 0048 | b9c0 72c9 | cbec 0100 | 008b 4608 | 49ba 0000 | 00ca ec01 | 0000 4903 | c248 3b48 
  0x000001ecb33e246c: 380f 85e2 | 7a00 00e9 | 0000 0000 | 488b fe48 

  0x000001ecb33e247c: ;   {metadata(method data for {method} {0x000001ed0c798a18} 'runTick' '(Z)V' in 'net/minecraft/client/Minecraft')}
  0x000001ecb33e247c: 3b06 48bf | 0080 cd1e | ed01 0000 

  0x000001ecb33e2488: ;   {metadata('net/minecraft/util/profiling/InactiveProfiler')}
  0x000001ecb33e2488: 49ba c072 | c9cb ec01 | 0000 4c89 | 9730 0a00 | 0048 8387 | 380a 0000 

  0x000001ecb33e24a0: ;   {metadata(method data for {method} {0x000001ed1d2bf8c8} 'popPush' '(Ljava/lang/String;)V' in 'net/minecraft/util/profiling/InactiveProfiler')}
  0x000001ecb33e24a0: 0148 beb8 | 7183 1eed | 0100 008b | becc 0000 | 0083 c702 | 89be cc00 | 0000 81e7 | feff 1f00 
  0x000001ecb33e24c0: 85ff 0f84 | 977a 0000 | 8bb2 d000 | 0000 48c1 | e603 483b | 0648 8bfe 

  0x000001ecb33e24d8: ;   {metadata(method data for {method} {0x000001ed0c798a18} 'runTick' '(Z)V' in 'net/minecraft/client/Minecraft')}
  0x000001ecb33e24d8: 48bb 0080 | cd1e ed01 

  0x000001ecb33e24e0: ;   {metadata('net/minecraft/client/MouseHandler')}
  0x000001ecb33e24e0: 0000 49ba | 3811 d0cb | ec01 0000 | 4c89 9368 | 0a00 0048 | 8383 700a | 0000 0148 

  0x000001ecb33e24fc: ;   {optimized virtual_call}
  0x000001ecb33e24fc: 8bd6 90e8 

  0x000001ecb33e2500: ; ImmutableOopMap {[216]=Oop }
                      ;*invokevirtual handleAccumulatedMovement {reexecute=0 rethrow=0 return_oop=0}
                      ; - net.minecraft.client.Minecraft::runTick@375 (line 1190)
  0x000001ecb33e2500: dc5f 0c00 

  0x000001ecb33e2504: ;   {other}
  0x000001ecb33e2504: 0f1f 8400 | f444 001f | 488b 9424 | d800 0000 | 8bb2 b801 | 0000 48c1 | e603 4885 | f60f 8429 
  0x000001ecb33e2524: ;   {metadata('net/minecraft/util/profiling/InactiveProfiler')}
  0x000001ecb33e2524: 0000 0049 | b8c0 72c9 | cbec 0100 | 008b 4e08 | 49ba 0000 | 00ca ec01 | 0000 4903 | ca4c 3b41 
  0x000001ecb33e2544: 380f 853a | 7a00 00e9 | 0000 0000 | 488b fe48 

  0x000001ecb33e2554: ;   {metadata(method data for {method} {0x000001ed0c798a18} 'runTick' '(Z)V' in 'net/minecraft/client/Minecraft')}
  0x000001ecb33e2554: 3b06 48bf | 0080 cd1e | ed01 0000 

  0x000001ecb33e2560: ;   {metadata('net/minecraft/util/profiling/InactiveProfiler')}
  0x000001ecb33e2560: 49ba c072 | c9cb ec01 | 0000 4c89 | 97a0 0a00 | 0048 8387 | a80a 0000 

  0x000001ecb33e2578: ;   {metadata(method data for {method} {0x000001ed1d2bf818} 'pop' '()V' in 'net/minecraft/util/profiling/InactiveProfiler')}
  0x000001ecb33e2578: 0148 bea8 | 3282 1eed | 0100 008b | becc 0000 | 0083 c702 | 89be cc00 | 0000 81e7 | feff 1f00 
  0x000001ecb33e2598: 85ff 0f84 | ef79 0000 | 0fbe 7271 

  0x000001ecb33e25a4: ;   {metadata(method data for {method} {0x000001ed0c798a18} 'runTick' '(Z)V' in 'net/minecraft/client/Minecraft')}
  0x000001ecb33e25a4: 85f6 48be | 0080 cd1e | ed01 0000 | 48bf c80a | 0000 0000 | 0000 750a | 48bf d80a | 0000 0000 
  0x000001ecb33e25c4: 0000 488b | 043e 488d | 4001 4889 | 043e 0f85 | ec0b 0000 | 448b 8294 | 0000 0049 

  0x000001ecb33e25e0: ;   {metadata(method data for {method} {0x000001ed0c798a18} 'runTick' '(Z)V' in 'net/minecraft/client/Minecraft')}
  0x000001ecb33e25e0: c1e0 0348 | be00 80cd | 1eed 0100 | 0048 8386 | e80a 0000 

  0x000001ecb33e25f4: ;   {metadata(method data for {method} {0x000001ed1e241e58} 'fireRenderFramePre' '(Lnet/minecraft/client/DeltaTracker;)V' in 'net/neoforged/neoforge/client/ClientHooks')}
  0x000001ecb33e25f4: 0148 be48 | e3cd 1eed | 0100 008b | becc 0000 | 0083 c702 | 89be cc00 | 0000 81e7 | feff 1f00 
  0x000001ecb33e2614: 85ff 0f84 | 9479 0000 

  0x000001ecb33e261c: ;   {metadata('net/neoforged/neoforge/client/event/RenderFrameEvent$Pre')}
  0x000001ecb33e261c: 48ba b8ce | f4cb ec01 | 0000 498b | 87b8 0100 | 0048 8d78 | 1849 3bbf | c801 0000 | 0f87 9379 
  0x000001ecb33e263c: 0000 4989 | bfb8 0100 | 0048 c700 | 0100 0000 | 488b ca49 | ba00 0000 | caec 0100 | 0049 2bca 
  0x000001ecb33e265c: 8948 0848 | 33c9 8948 | 0c48 33c9 | 4889 4810 | 4889 8424 | 4801 0000 

  0x000001ecb33e2674: ;   {metadata(method data for {method} {0x000001ed1e241e58} 'fireRenderFramePre' '(Lnet/minecraft/client/DeltaTracker;)V' in 'net/neoforged/neoforge/client/ClientHooks')}
  0x000001ecb33e2674: 488b d048 | be48 e3cd | 1eed 0100 | 0048 8386 | 1001 0000 

  0x000001ecb33e2688: ;   {metadata(method data for {method} {0x000001ed1e257ec0} '<init>' '(Lnet/minecraft/client/DeltaTracker;)V' in 'net/neoforged/neoforge/client/event/RenderFrameEvent$Pre')}
  0x000001ecb33e2688: 0148 bae0 | e4cd 1eed | 0100 008b | b2cc 0000 | 0083 c602 | 89b2 cc00 | 0000 81e6 | feff 1f00 
  0x000001ecb33e26a8: 85f6 0f84 | 2e79 0000 

  0x000001ecb33e26b0: ;   {metadata(method data for {method} {0x000001ed1e257ec0} '<init>' '(Lnet/minecraft/client/DeltaTracker;)V' in 'net/neoforged/neoforge/client/event/RenderFrameEvent$Pre')}
  0x000001ecb33e26b0: 488b d048 | bee0 e4cd | 1eed 0100 | 0048 8386 | 1001 0000 

  0x000001ecb33e26c4: ;   {metadata(method data for {method} {0x000001ed1e258148} '<init>' '(Lnet/minecraft/client/DeltaTracker;)V' in 'net/neoforged/neoforge/client/event/RenderFrameEvent')}
  0x000001ecb33e26c4: 0148 ba28 | e6cd 1eed | 0100 008b | b2cc 0000 | 0083 c602 | 89b2 cc00 | 0000 81e6 | feff 1f00 
  0x000001ecb33e26e4: 85f6 0f84 | 1379 0000 

  0x000001ecb33e26ec: ;   {metadata(method data for {method} {0x000001ed1e258148} '<init>' '(Lnet/minecraft/client/DeltaTracker;)V' in 'net/neoforged/neoforge/client/event/RenderFrameEvent')}
  0x000001ecb33e26ec: 488b d048 | be28 e6cd | 1eed 0100 | 0048 8386 | 1001 0000 

  0x000001ecb33e2700: ;   {metadata(method data for {method} {0x000001ed0d40cb60} '<init>' '()V' in 'net/neoforged/bus/api/Event')}
  0x000001ecb33e2700: 0148 ba78 | 6d7d 1eed | 0100 008b | b2cc 0000 | 0083 c602 | 89b2 cc00 | 0000 81e6 | feff 1f00 
  0x000001ecb33e2720: 85f6 0f84 | f878 0000 

  0x000001ecb33e2728: ;   {metadata(method data for {method} {0x000001ed0d40cb60} '<init>' '()V' in 'net/neoforged/bus/api/Event')}
  0x000001ecb33e2728: 488b d048 | be78 6d7d | 1eed 0100 | 0048 8386 | 1001 0000 

  0x000001ecb33e273c: ;   {metadata(method data for {method} {0x000001ecca479298} '<init>' '()V' in 'java/lang/Object')}
  0x000001ecb33e273c: 0148 baf0 | f100 0bed | 0100 008b | b2cc 0000 | 0083 c602 | 89b2 cc00 | 0000 81e6 | feff 1f00 
  0x000001ecb33e275c: 85f6 0f84 | dd78 0000 | 410f be57 | 4085 d20f | 85f1 7800 | 004d 8bd0 | 49c1 ea03 | 4489 5010 
  0x000001ecb33e277c: 488b d049 | 33d0 48c1 | ea15 4883 | fa00 0f85 | f178 0000 

  0x000001ecb33e2790: ;   {oop(a 'net/neoforged/bus/EventBus'{0x000000070a530518})}
  0x000001ecb33e2790: 49b8 1805 | 530a 0700 | 0000 498b 

  0x000001ecb33e279c: ;   {metadata(method data for {method} {0x000001ed1e241e58} 'fireRenderFramePre' '(Lnet/minecraft/client/DeltaTracker;)V' in 'net/neoforged/neoforge/client/ClientHooks')}
  0x000001ecb33e279c: d048 be48 | e3cd 1eed 

  0x000001ecb33e27a4: ;   {metadata('net/neoforged/bus/EventBus')}
  0x000001ecb33e27a4: 0100 0049 | ba08 b8b9 | cbec 0100 | 004c 8996 | 3001 0000 | 4883 8638 | 0100 0001 

  0x000001ecb33e27c0: ;   {metadata(method data for {method} {0x000001ed1d21c0e8} 'post' '(Lnet/neoforged/bus/api/Event;)Lnet/neoforged/bus/api/Event;' in 'net/neoforged/bus/EventBus')}
  0x000001ecb33e27c0: 48ba e821 | 741e ed01 | 0000 8bb2 | cc00 0000 | 83c6 0289 | b2cc 0000 | 0081 e6fe | ff1f 0085 
  0x000001ecb33e27e0: f60f 84b2 | 7800 0045 | 0fbe 400c 

  0x000001ecb33e27ec: ;   {metadata(method data for {method} {0x000001ed1d21c0e8} 'post' '(Lnet/neoforged/bus/api/Event;)Lnet/neoforged/bus/api/Event;' in 'net/neoforged/bus/EventBus')}
  0x000001ecb33e27ec: 4585 c049 | b8e8 2174 | 1eed 0100 | 0048 ba20 | 0100 0000 | 0000 0075 | 0a48 ba10 | 0100 0000 
  0x000001ecb33e280c: 0000 0049 | 8b34 1048 | 8d76 0149 | 8934 100f | 85e3 0200 

  0x000001ecb33e2820: ;   {oop(a 'net/neoforged/bus/EventBus'{0x000000070a530518})}
  0x000001ecb33e2820: 0048 be18 | 0553 0a07 | 0000 004c 

  0x000001ecb33e282c: ;   {metadata(method data for {method} {0x000001ed1d21c0e8} 'post' '(Lnet/neoforged/bus/api/Event;)Lnet/neoforged/bus/api/Event;' in 'net/neoforged/bus/EventBus')}
  0x000001ecb33e282c: 8bc6 48bf | e821 741e | ed01 0000 | 4883 8730 | 0100 0001 | 4c8b c048 | 8bd6 4889 | b424 5001 
  0x000001ecb33e284c: ;   {optimized virtual_call}
  0x000001ecb33e284c: 0000 90e8 

  0x000001ecb33e2850: ; ImmutableOopMap {[216]=Oop [328]=Oop [336]=Oop }
                      ;*invokevirtual doPostChecks {reexecute=0 rethrow=0 return_oop=0}
                      ; - net.neoforged.bus.EventBus::post@11 (line 313)
                      ; - net.neoforged.neoforge.client.ClientHooks::fireRenderFramePre@11 (line 1051)
                      ; - net.minecraft.client.Minecraft::runTick@398 (line 1193)
  0x000001ecb33e2850: ec67 db06 

  0x000001ecb33e2854: ;   {other}
  0x000001ecb33e2854: 0f1f 8400 | 4448 0020 | 488b 8424 | 4801 0000 

  0x000001ecb33e2864: ;   {metadata(method data for {method} {0x000001ed1d21c0e8} 'post' '(Lnet/neoforged/bus/api/Event;)Lnet/neoforged/bus/api/Event;' in 'net/neoforged/bus/EventBus')}
  0x000001ecb33e2864: 49b8 e821 | 741e ed01 | 0000 4983 | 8068 0100 | 0001 488b | 8424 4801 | 0000 448b | 4008 49ba 
  0x000001ecb33e2884: 0000 00ca | ec01 0000 | 4d03 c24d | 8b40 704d | 8b00 488b | b424 5001 

  0x000001ecb33e289c: ;   {metadata(method data for {method} {0x000001ed1d21c0e8} 'post' '(Lnet/neoforged/bus/api/Event;)Lnet/neoforged/bus/api/Event;' in 'net/neoforged/bus/EventBus')}
  0x000001ecb33e289c: 0000 48ba | e821 741e | ed01 0000 | 4883 82a0 | 0100 0001 | 488b 9424 | 5001 0000 | 0f1f 8000 
  0x000001ecb33e28bc: ;   {optimized virtual_call}
  0x000001ecb33e28bc: 0000 00e8 

  0x000001ecb33e28c0: ; ImmutableOopMap {[216]=Oop [328]=Oop }
                      ;*invokevirtual getListenerList {reexecute=0 rethrow=0 return_oop=0}
                      ; - net.neoforged.bus.EventBus::post@21 (line 315)
                      ; - net.neoforged.neoforge.client.ClientHooks::fireRenderFramePre@11 (line 1051)
                      ; - net.minecraft.client.Minecraft::runTick@398 (line 1193)
  0x000001ecb33e28c0: 7c45 db06 

  0x000001ecb33e28c4: ;   {other}
  0x000001ecb33e28c4: 0f1f 8400 | b448 0021 

  0x000001ecb33e28cc: ; implicit exception: dispatches to 0x000001ecb33ea0bf
  0x000001ecb33e28cc: 483b 0048 

  0x000001ecb33e28d0: ;   {metadata(method data for {method} {0x000001ed1d21c0e8} 'post' '(Lnet/neoforged/bus/api/Event;)Lnet/neoforged/bus/api/Event;' in 'net/neoforged/bus/EventBus')}
  0x000001ecb33e28d0: 8bd0 48be | e821 741e | ed01 0000 

  0x000001ecb33e28dc: ;   {metadata('net/neoforged/bus/ListenerList')}
  0x000001ecb33e28dc: 49ba e043 | d3cb ec01 | 0000 4c89 | 96e8 0100 | 0048 8386 | f001 0000 

  0x000001ecb33e28f4: ;   {metadata(method data for {method} {0x000001ed1da3d8c0} 'getListeners' '()[Lnet/neoforged/bus/api/EventListener;' in 'net/neoforged/bus/ListenerList')}
  0x000001ecb33e28f4: 0148 ba98 | f33e 1eed | 0100 008b | b2cc 0000 | 0083 c602 | 89b2 cc00 | 0000 81e6 | feff 1f00 
  0x000001ecb33e2914: 85f6 0f84 | a877 0000 

  0x000001ecb33e291c: ;   {metadata(method data for {method} {0x000001ed1da3d8c0} 'getListeners' '()[Lnet/neoforged/bus/api/EventListener;' in 'net/neoforged/bus/ListenerList')}
  0x000001ecb33e291c: 488b d048 | be98 f33e | 1eed 0100 

  0x000001ecb33e2928: ;   {metadata('net/neoforged/bus/ListenerList')}
  0x000001ecb33e2928: 0049 bae0 | 43d3 cbec | 0100 004c | 8996 2001 | 0000 4883 | 8628 0100 | 0001 0fbe | 500c 83e2 
  0x000001ecb33e2948: ;   {metadata(method data for {method} {0x000001ed1da3d8c0} 'getListeners' '()[Lnet/neoforged/bus/api/EventListener;' in 'net/neoforged/bus/ListenerList')}
  0x000001ecb33e2948: 0185 d248 | ba98 f33e | 1eed 0100 | 0048 be48 | 0100 0000 | 0000 0074 | 0a48 be58 | 0100 0000 
  0x000001ecb33e2968: 0000 0048 | 8b3c 3248 | 8d7f 0148 | 893c 320f | 8437 0000 | 0048 8bd0 

  0x000001ecb33e2980: ;   {metadata(method data for {method} {0x000001ed1da3d8c0} 'getListeners' '()[Lnet/neoforged/bus/api/EventListener;' in 'net/neoforged/bus/ListenerList')}
  0x000001ecb33e2980: 48be 98f3 | 3e1e ed01 | 0000 4883 | 8668 0100 | 0001 488b | d048 8984 | 2458 0100 

  0x000001ecb33e299c: ;   {optimized virtual_call}
  0x000001ecb33e299c: 0066 90e8 

  0x000001ecb33e29a0: ; ImmutableOopMap {[216]=Oop [328]=Oop [344]=Oop }
                      ;*invokevirtual buildCache {reexecute=0 rethrow=0 return_oop=0}
                      ; - net.neoforged.bus.ListenerList::getListeners@8 (line 89)
                      ; - net.neoforged.bus.EventBus::post@24 (line 315)
                      ; - net.neoforged.neoforge.client.ClientHooks::fireRenderFramePre@11 (line 1051)
                      ; - net.minecraft.client.Minecraft::runTick@398 (line 1193)
  0x000001ecb33e29a0: dcc0 fe05 

  0x000001ecb33e29a4: ;   {other}
  0x000001ecb33e29a4: 0f1f 8400 | 9449 0022 | 488b 8424 | 5801 0000 | 448b 4010 | 49c1 e003 

  0x000001ecb33e29bc: ; implicit exception: dispatches to 0x000001ecb33ea0e5
  0x000001ecb33e29bc: 493b 004d 

  0x000001ecb33e29c0: ;   {metadata(method data for {method} {0x000001ed1da3d8c0} 'getListeners' '()[Lnet/neoforged/bus/api/EventListener;' in 'net/neoforged/bus/ListenerList')}
  0x000001ecb33e29c0: 8bc8 48ba | 98f3 3e1e | ed01 0000 | 4883 82a0 | 0100 0001 | 458b 400c | 49c1 e003 | 4d85 c075 
  0x000001ecb33e29e0: ;   {metadata(method data for {method} {0x000001ed1da3d8c0} 'getListeners' '()[Lnet/neoforged/bus/api/EventListener;' in 'net/neoforged/bus/ListenerList')}
  0x000001ecb33e29e0: 1648 ba98 | f33e 1eed | 0100 0080 | 8ad1 0100 | 0001 e9cf 

  0x000001ecb33e29f4: ;   {metadata('net/neoforged/bus/api/EventListener'[])}
  0x000001ecb33e29f4: 0000 0048 | be90 1bd2 | cbec 0100 | 0041 8b50 | 0849 ba00 | 0000 caec | 0100 0049 | 03d2 483b 
  0x000001ecb33e2a14: 7240 0f85 | 8e00 0000 

  0x000001ecb33e2a1c: ;   {metadata(method data for {method} {0x000001ed1da3d8c0} 'getListeners' '()[Lnet/neoforged/bus/api/EventListener;' in 'net/neoforged/bus/ListenerList')}
  0x000001ecb33e2a1c: 48ba 98f3 | 3e1e ed01 | 0000 418b | 7008 49ba | 0000 00ca | ec01 0000 | 4903 f248 | 3bb2 e801 
  0x000001ecb33e2a3c: 0000 750d | 4883 82f0 | 0100 0001 | e979 0000 | 0048 3bb2 | f801 0000 | 750d 4883 | 8200 0200 
  0x000001ecb33e2a5c: 0001 e963 | 0000 0048 | 83ba e801 | 0000 0075 | 1748 89b2 | e801 0000 | 48c7 82f0 | 0100 0001 
  0x000001ecb33e2a7c: 0000 00e9 | 4200 0000 | 4883 baf8 | 0100 0000 | 7517 4889 | b2f8 0100 | 0048 c782 | 0002 0000 
  0x000001ecb33e2a9c: 0100 0000 | e921 0000 | 00e9 1c00 

  0x000001ecb33e2aa8: ;   {metadata(method data for {method} {0x000001ed1da3d8c0} 'getListeners' '()[Lnet/neoforged/bus/api/EventListener;' in 'net/neoforged/bus/ListenerList')}
  0x000001ecb33e2aa8: 0000 48ba | 98f3 3e1e | ed01 0000 | 4883 aad8 | 0100 0001 | e929 7600 | 00e9 0000 | 0000 4d8b 
  0x000001ecb33e2ac8: c848 8b84 | 2448 0100 

  0x000001ecb33e2ad0: ;   {oop(a 'net/neoforged/bus/EventBus'{0x000000070a530518})}
  0x000001ecb33e2ad0: 0048 ba18 | 0553 0a07 | 0000 004c 

  0x000001ecb33e2adc: ;   {metadata(method data for {method} {0x000001ed1d21c0e8} 'post' '(Lnet/neoforged/bus/api/Event;)Lnet/neoforged/bus/api/Event;' in 'net/neoforged/bus/EventBus')}
  0x000001ecb33e2adc: 8bc2 48be | e821 741e | ed01 0000 | 4883 8610 | 0200 0001 | 4c8b c00f 

  0x000001ecb33e2af4: ;   {optimized virtual_call}
  0x000001ecb33e2af4: 1f40 00e8 

  0x000001ecb33e2af8: ; ImmutableOopMap {[216]=Oop }
                      ;*invokevirtual post {reexecute=0 rethrow=0 return_oop=0}
                      ; - net.neoforged.bus.EventBus::post@27 (line 315)
                      ; - net.neoforged.neoforge.client.ClientHooks::fireRenderFramePre@11 (line 1051)
                      ; - net.minecraft.client.Minecraft::runTick@398 (line 1193)
  0x000001ecb33e2af8: e454 dc06 

  0x000001ecb33e2afc: ;   {other}
  0x000001ecb33e2afc: 0f1f 8400 | ec4a 0023 | 488b 9424 | d800 0000 | 448b 82b8 | 0100 0049 | c1e0 034d | 85c0 0f84 
  0x000001ecb33e2b1c: 2a00 0000 

  0x000001ecb33e2b20: ;   {metadata('net/minecraft/util/profiling/InactiveProfiler')}
  0x000001ecb33e2b20: 48bb c072 | c9cb ec01 | 0000 418b | 7808 49ba | 0000 00ca | ec01 0000 | 4903 fa48 | 3b5f 380f 
  0x000001ecb33e2b40: 85ae 7500 | 00e9 0000 | 0000 4d8b | c849 3b00 

  0x000001ecb33e2b50: ;   {metadata(method data for {method} {0x000001ed0c798a18} 'runTick' '(Z)V' in 'net/minecraft/client/Minecraft')}
  0x000001ecb33e2b50: 49b9 0080 | cd1e ed01 

  0x000001ecb33e2b58: ;   {metadata('net/minecraft/util/profiling/InactiveProfiler')}
  0x000001ecb33e2b58: 0000 49ba | c072 c9cb | ec01 0000 | 4d89 9108 | 0b00 0049 | 8381 100b 

  0x000001ecb33e2b70: ;   {metadata(method data for {method} {0x000001ed1d2bf8c8} 'popPush' '(Ljava/lang/String;)V' in 'net/minecraft/util/profiling/InactiveProfiler')}
  0x000001ecb33e2b70: 0000 0149 | b8b8 7183 | 1eed 0100 | 0045 8b88 | cc00 0000 | 4183 c102 | 4589 88cc | 0000 0041 
  0x000001ecb33e2b90: 81e1 feff | 1f00 4585 | c90f 845e | 7500 008b | b2b8 0000 | 0048 c1e6 | 0344 8b82 | 9400 0000 
  0x000001ecb33e2bb0: 49c1 e003 

  0x000001ecb33e2bb4: ; implicit exception: dispatches to 0x000001ecb33ea11e
  0x000001ecb33e2bb4: 483b 064c 

  0x000001ecb33e2bb8: ;   {metadata(method data for {method} {0x000001ed0c798a18} 'runTick' '(Z)V' in 'net/minecraft/client/Minecraft')}
  0x000001ecb33e2bb8: 8bce 48bf | 0080 cd1e | ed01 0000 

  0x000001ecb33e2bc4: ;   {metadata('net/minecraft/client/renderer/GameRenderer')}
  0x000001ecb33e2bc4: 49ba 08e6 | f1cb ec01 | 0000 4c89 | 9740 0b00 | 0048 8387 | 480b 0000 | 0144 8b8c | 24e0 0000 
  0x000001ecb33e2be4: 0048 8bd6 | 0f1f 8000 

  0x000001ecb33e2bec: ;   {optimized virtual_call}
  0x000001ecb33e2bec: 0000 00e8 

  0x000001ecb33e2bf0: ; ImmutableOopMap {[216]=Oop }
                      ;*invokevirtual render {reexecute=0 rethrow=0 return_oop=0}
                      ; - net.minecraft.client.Minecraft::runTick@422 (line 1195)
  0x000001ecb33e2bf0: ec10 0d00 

  0x000001ecb33e2bf4: ;   {other}
  0x000001ecb33e2bf4: 0f1f 8400 | e44b 0024 | 488b 9424 | d800 0000 | 8bb2 b801 | 0000 48c1 | e603 4885 | f60f 8429 
  0x000001ecb33e2c14: ;   {metadata('net/minecraft/util/profiling/InactiveProfiler')}
  0x000001ecb33e2c14: 0000 0049 | b8c0 72c9 | cbec 0100 | 008b 4e08 | 49ba 0000 | 00ca ec01 | 0000 4903 | ca4c 3b41 
  0x000001ecb33e2c34: 380f 85e8 | 7400 00e9 | 0000 0000 | 488b fe48 

  0x000001ecb33e2c44: ;   {metadata(method data for {method} {0x000001ed0c798a18} 'runTick' '(Z)V' in 'net/minecraft/client/Minecraft')}
  0x000001ecb33e2c44: 3b06 48bf | 0080 cd1e | ed01 0000 

  0x000001ecb33e2c50: ;   {metadata('net/minecraft/util/profiling/InactiveProfiler')}
  0x000001ecb33e2c50: 49ba c072 | c9cb ec01 | 0000 4c89 | 9778 0b00 | 0048 8387 | 800b 0000 

  0x000001ecb33e2c68: ;   {metadata(method data for {method} {0x000001ed1d2bf818} 'pop' '()V' in 'net/minecraft/util/profiling/InactiveProfiler')}
  0x000001ecb33e2c68: 0148 bea8 | 3282 1eed | 0100 008b | becc 0000 | 0083 c702 | 89be cc00 | 0000 81e7 | feff 1f00 
  0x000001ecb33e2c88: 85ff 0f84 | 9d74 0000 | 448b 8294 | 0000 0049 

  0x000001ecb33e2c98: ;   {metadata(method data for {method} {0x000001ed0c798a18} 'runTick' '(Z)V' in 'net/minecraft/client/Minecraft')}
  0x000001ecb33e2c98: c1e0 0348 | be00 80cd | 1eed 0100 | 0048 8386 | a00b 0000 

  0x000001ecb33e2cac: ;   {metadata(method data for {method} {0x000001ed1e241f10} 'fireRenderFramePost' '(Lnet/minecraft/client/DeltaTracker;)V' in 'net/neoforged/neoforge/client/ClientHooks')}
  0x000001ecb33e2cac: 0148 be80 | e7cd 1eed | 0100 008b | becc 0000 | 0083 c702 | 89be cc00 | 0000 81e7 | feff 1f00 
  0x000001ecb33e2ccc: 85ff 0f84 | 7a74 0000 

  0x000001ecb33e2cd4: ;   {metadata('net/neoforged/neoforge/client/event/RenderFrameEvent$Post')}
  0x000001ecb33e2cd4: 48ba 50d9 | f4cb ec01 | 0000 498b | 87b8 0100 | 0048 8d78 | 1849 3bbf | c801 0000 | 0f87 7974 
  0x000001ecb33e2cf4: 0000 4989 | bfb8 0100 | 0048 c700 | 0100 0000 | 488b ca49 | ba00 0000 | caec 0100 | 0049 2bca 
  0x000001ecb33e2d14: 8948 0848 | 33c9 8948 | 0c48 33c9 | 4889 4810 | 4889 8424 | 6001 0000 

  0x000001ecb33e2d2c: ;   {metadata(method data for {method} {0x000001ed1e241f10} 'fireRenderFramePost' '(Lnet/minecraft/client/DeltaTracker;)V' in 'net/neoforged/neoforge/client/ClientHooks')}
  0x000001ecb33e2d2c: 488b d048 | be80 e7cd | 1eed 0100 | 0048 8386 | 1001 0000 

  0x000001ecb33e2d40: ;   {metadata(method data for {method} {0x000001ed1e2594f8} '<init>' '(Lnet/minecraft/client/DeltaTracker;)V' in 'net/neoforged/neoforge/client/event/RenderFrameEvent$Post')}
  0x000001ecb33e2d40: 0148 ba18 | e9cd 1eed | 0100 008b | b2cc 0000 | 0083 c602 | 89b2 cc00 | 0000 81e6 | feff 1f00 
  0x000001ecb33e2d60: 85f6 0f84 | 1474 0000 

  0x000001ecb33e2d68: ;   {metadata(method data for {method} {0x000001ed1e2594f8} '<init>' '(Lnet/minecraft/client/DeltaTracker;)V' in 'net/neoforged/neoforge/client/event/RenderFrameEvent$Post')}
  0x000001ecb33e2d68: 488b d048 | be18 e9cd | 1eed 0100 | 0048 8386 | 1001 0000 

  0x000001ecb33e2d7c: ;   {metadata(method data for {method} {0x000001ed1e258148} '<init>' '(Lnet/minecraft/client/DeltaTracker;)V' in 'net/neoforged/neoforge/client/event/RenderFrameEvent')}
  0x000001ecb33e2d7c: 0148 ba28 | e6cd 1eed | 0100 008b | b2cc 0000 | 0083 c602 | 89b2 cc00 | 0000 81e6 | feff 1f00 
  0x000001ecb33e2d9c: 85f6 0f84 | f973 0000 

  0x000001ecb33e2da4: ;   {metadata(method data for {method} {0x000001ed1e258148} '<init>' '(Lnet/minecraft/client/DeltaTracker;)V' in 'net/neoforged/neoforge/client/event/RenderFrameEvent')}
  0x000001ecb33e2da4: 488b d048 | be28 e6cd | 1eed 0100 | 0048 8386 | 1001 0000 

  0x000001ecb33e2db8: ;   {metadata(method data for {method} {0x000001ed0d40cb60} '<init>' '()V' in 'net/neoforged/bus/api/Event')}
  0x000001ecb33e2db8: 0148 ba78 | 6d7d 1eed | 0100 008b | b2cc 0000 | 0083 c602 | 89b2 cc00 | 0000 81e6 | feff 1f00 
  0x000001ecb33e2dd8: 85f6 0f84 | de73 0000 

  0x000001ecb33e2de0: ;   {metadata(method data for {method} {0x000001ed0d40cb60} '<init>' '()V' in 'net/neoforged/bus/api/Event')}
  0x000001ecb33e2de0: 488b d048 | be78 6d7d | 1eed 0100 | 0048 8386 | 1001 0000 

  0x000001ecb33e2df4: ;   {metadata(method data for {method} {0x000001ecca479298} '<init>' '()V' in 'java/lang/Object')}
  0x000001ecb33e2df4: 0148 baf0 | f100 0bed | 0100 008b | b2cc 0000 | 0083 c602 | 89b2 cc00 | 0000 81e6 | feff 1f00 
  0x000001ecb33e2e14: 85f6 0f84 | c373 0000 | 410f be57 | 4085 d20f | 85d7 7300 | 004d 8bd0 | 49c1 ea03 | 4489 5010 
  0x000001ecb33e2e34: 488b d049 | 33d0 48c1 | ea15 4883 | fa00 0f85 | d773 0000 

  0x000001ecb33e2e48: ;   {oop(a 'net/neoforged/bus/EventBus'{0x000000070a530518})}
  0x000001ecb33e2e48: 49b8 1805 | 530a 0700 | 0000 498b 

  0x000001ecb33e2e54: ;   {metadata(method data for {method} {0x000001ed1e241f10} 'fireRenderFramePost' '(Lnet/minecraft/client/DeltaTracker;)V' in 'net/neoforged/neoforge/client/ClientHooks')}
  0x000001ecb33e2e54: d048 be80 | e7cd 1eed 

  0x000001ecb33e2e5c: ;   {metadata('net/neoforged/bus/EventBus')}
  0x000001ecb33e2e5c: 0100 0049 | ba08 b8b9 | cbec 0100 | 004c 8996 | 3001 0000 | 4883 8638 | 0100 0001 

  0x000001ecb33e2e78: ;   {metadata(method data for {method} {0x000001ed1d21c0e8} 'post' '(Lnet/neoforged/bus/api/Event;)Lnet/neoforged/bus/api/Event;' in 'net/neoforged/bus/EventBus')}
  0x000001ecb33e2e78: 48ba e821 | 741e ed01 | 0000 8bb2 | cc00 0000 | 83c6 0289 | b2cc 0000 | 0081 e6fe | ff1f 0085 
  0x000001ecb33e2e98: f60f 8498 | 7300 0045 | 0fbe 400c 

  0x000001ecb33e2ea4: ;   {metadata(method data for {method} {0x000001ed1d21c0e8} 'post' '(Lnet/neoforged/bus/api/Event;)Lnet/neoforged/bus/api/Event;' in 'net/neoforged/bus/EventBus')}
  0x000001ecb33e2ea4: 4585 c049 | b8e8 2174 | 1eed 0100 | 0048 ba20 | 0100 0000 | 0000 0075 | 0a48 ba10 | 0100 0000 
  0x000001ecb33e2ec4: 0000 0049 | 8b34 1048 | 8d76 0149 | 8934 100f | 85e3 0200 

  0x000001ecb33e2ed8: ;   {oop(a 'net/neoforged/bus/EventBus'{0x000000070a530518})}
  0x000001ecb33e2ed8: 0048 be18 | 0553 0a07 | 0000 004c 

  0x000001ecb33e2ee4: ;   {metadata(method data for {method} {0x000001ed1d21c0e8} 'post' '(Lnet/neoforged/bus/api/Event;)Lnet/neoforged/bus/api/Event;' in 'net/neoforged/bus/EventBus')}
  0x000001ecb33e2ee4: 8bc6 48bf | e821 741e | ed01 0000 | 4883 8730 | 0100 0001 | 4c8b c048 | 8bd6 4889 | b424 6801 
  0x000001ecb33e2f04: ;   {optimized virtual_call}
  0x000001ecb33e2f04: 0000 90e8 

  0x000001ecb33e2f08: ; ImmutableOopMap {[216]=Oop [352]=Oop [360]=Oop }
                      ;*invokevirtual doPostChecks {reexecute=0 rethrow=0 return_oop=0}
                      ; - net.neoforged.bus.EventBus::post@11 (line 313)
                      ; - net.neoforged.neoforge.client.ClientHooks::fireRenderFramePost@11 (line 1062)
                      ; - net.minecraft.client.Minecraft::runTick@438 (line 1197)
  0x000001ecb33e2f08: 3461 db06 

  0x000001ecb33e2f0c: ;   {other}
  0x000001ecb33e2f0c: 0f1f 8400 | fc4e 0025 | 488b 8424 | 6001 0000 

  0x000001ecb33e2f1c: ;   {metadata(method data for {method} {0x000001ed1d21c0e8} 'post' '(Lnet/neoforged/bus/api/Event;)Lnet/neoforged/bus/api/Event;' in 'net/neoforged/bus/EventBus')}
  0x000001ecb33e2f1c: 49b8 e821 | 741e ed01 | 0000 4983 | 8068 0100 | 0001 488b | 8424 6001 | 0000 448b | 4008 49ba 
  0x000001ecb33e2f3c: 0000 00ca | ec01 0000 | 4d03 c24d | 8b40 704d | 8b00 488b | b424 6801 

  0x000001ecb33e2f54: ;   {metadata(method data for {method} {0x000001ed1d21c0e8} 'post' '(Lnet/neoforged/bus/api/Event;)Lnet/neoforged/bus/api/Event;' in 'net/neoforged/bus/EventBus')}
  0x000001ecb33e2f54: 0000 48ba | e821 741e | ed01 0000 | 4883 82a0 | 0100 0001 | 488b 9424 | 6801 0000 | 0f1f 8000 
  0x000001ecb33e2f74: ;   {optimized virtual_call}
  0x000001ecb33e2f74: 0000 00e8 

  0x000001ecb33e2f78: ; ImmutableOopMap {[216]=Oop [352]=Oop }
                      ;*invokevirtual getListenerList {reexecute=0 rethrow=0 return_oop=0}
                      ; - net.neoforged.bus.EventBus::post@21 (line 315)
                      ; - net.neoforged.neoforge.client.ClientHooks::fireRenderFramePost@11 (line 1062)
                      ; - net.minecraft.client.Minecraft::runTick@438 (line 1197)
  0x000001ecb33e2f78: c43e db06 

  0x000001ecb33e2f7c: ;   {other}
  0x000001ecb33e2f7c: 0f1f 8400 | 6c4f 0026 

  0x000001ecb33e2f84: ; implicit exception: dispatches to 0x000001ecb33ea258
  0x000001ecb33e2f84: 483b 0048 

  0x000001ecb33e2f88: ;   {metadata(method data for {method} {0x000001ed1d21c0e8} 'post' '(Lnet/neoforged/bus/api/Event;)Lnet/neoforged/bus/api/Event;' in 'net/neoforged/bus/EventBus')}
  0x000001ecb33e2f88: 8bd0 48be | e821 741e | ed01 0000 

  0x000001ecb33e2f94: ;   {metadata('net/neoforged/bus/ListenerList')}
  0x000001ecb33e2f94: 49ba e043 | d3cb ec01 | 0000 4c89 | 96e8 0100 | 0048 8386 | f001 0000 

  0x000001ecb33e2fac: ;   {metadata(method data for {method} {0x000001ed1da3d8c0} 'getListeners' '()[Lnet/neoforged/bus/api/EventListener;' in 'net/neoforged/bus/ListenerList')}
  0x000001ecb33e2fac: 0148 ba98 | f33e 1eed | 0100 008b | b2cc 0000 | 0083 c602 | 89b2 cc00 | 0000 81e6 | feff 1f00 
  0x000001ecb33e2fcc: 85f6 0f84 | 8972 0000 

  0x000001ecb33e2fd4: ;   {metadata(method data for {method} {0x000001ed1da3d8c0} 'getListeners' '()[Lnet/neoforged/bus/api/EventListener;' in 'net/neoforged/bus/ListenerList')}
  0x000001ecb33e2fd4: 488b d048 | be98 f33e | 1eed 0100 

  0x000001ecb33e2fe0: ;   {metadata('net/neoforged/bus/ListenerList')}
  0x000001ecb33e2fe0: 0049 bae0 | 43d3 cbec | 0100 004c | 8996 2001 | 0000 4883 | 8628 0100 | 0001 0fbe | 500c 83e2 
  0x000001ecb33e3000: ;   {metadata(method data for {method} {0x000001ed1da3d8c0} 'getListeners' '()[Lnet/neoforged/bus/api/EventListener;' in 'net/neoforged/bus/ListenerList')}
  0x000001ecb33e3000: 0185 d248 | ba98 f33e | 1eed 0100 | 0048 be48 | 0100 0000 | 0000 0074 | 0a48 be58 | 0100 0000 
  0x000001ecb33e3020: 0000 0048 | 8b3c 3248 | 8d7f 0148 | 893c 320f | 8437 0000 | 0048 8bd0 

  0x000001ecb33e3038: ;   {metadata(method data for {method} {0x000001ed1da3d8c0} 'getListeners' '()[Lnet/neoforged/bus/api/EventListener;' in 'net/neoforged/bus/ListenerList')}
  0x000001ecb33e3038: 48be 98f3 | 3e1e ed01 | 0000 4883 | 8668 0100 | 0001 488b | d048 8984 | 2470 0100 

  0x000001ecb33e3054: ;   {optimized virtual_call}
  0x000001ecb33e3054: 0066 90e8 

  0x000001ecb33e3058: ; ImmutableOopMap {[216]=Oop [352]=Oop [368]=Oop }
                      ;*invokevirtual buildCache {reexecute=0 rethrow=0 return_oop=0}
                      ; - net.neoforged.bus.ListenerList::getListeners@8 (line 89)
                      ; - net.neoforged.bus.EventBus::post@24 (line 315)
                      ; - net.neoforged.neoforge.client.ClientHooks::fireRenderFramePost@11 (line 1062)
                      ; - net.minecraft.client.Minecraft::runTick@438 (line 1197)
  0x000001ecb33e3058: 24ba fe05 

  0x000001ecb33e305c: ;   {other}
  0x000001ecb33e305c: 0f1f 8400 | 4c50 0027 | 488b 8424 | 7001 0000 | 448b 4010 | 49c1 e003 

  0x000001ecb33e3074: ; implicit exception: dispatches to 0x000001ecb33ea27e
  0x000001ecb33e3074: 493b 004d 

  0x000001ecb33e3078: ;   {metadata(method data for {method} {0x000001ed1da3d8c0} 'getListeners' '()[Lnet/neoforged/bus/api/EventListener;' in 'net/neoforged/bus/ListenerList')}
  0x000001ecb33e3078: 8bc8 48ba | 98f3 3e1e | ed01 0000 | 4883 82a0 | 0100 0001 | 458b 400c | 49c1 e003 | 4d85 c075 
  0x000001ecb33e3098: ;   {metadata(method data for {method} {0x000001ed1da3d8c0} 'getListeners' '()[Lnet/neoforged/bus/api/EventListener;' in 'net/neoforged/bus/ListenerList')}
  0x000001ecb33e3098: 1648 ba98 | f33e 1eed | 0100 0080 | 8ad1 0100 | 0001 e9cf 

  0x000001ecb33e30ac: ;   {metadata('net/neoforged/bus/api/EventListener'[])}
  0x000001ecb33e30ac: 0000 0048 | be90 1bd2 | cbec 0100 | 0041 8b50 | 0849 ba00 | 0000 caec | 0100 0049 | 03d2 483b 
  0x000001ecb33e30cc: 7240 0f85 | 8e00 0000 

  0x000001ecb33e30d4: ;   {metadata(method data for {method} {0x000001ed1da3d8c0} 'getListeners' '()[Lnet/neoforged/bus/api/EventListener;' in 'net/neoforged/bus/ListenerList')}
  0x000001ecb33e30d4: 48ba 98f3 | 3e1e ed01 | 0000 418b | 7008 49ba | 0000 00ca | ec01 0000 | 4903 f248 | 3bb2 e801 
  0x000001ecb33e30f4: 0000 750d | 4883 82f0 | 0100 0001 | e979 0000 | 0048 3bb2 | f801 0000 | 750d 4883 | 8200 0200 
  0x000001ecb33e3114: 0001 e963 | 0000 0048 | 83ba e801 | 0000 0075 | 1748 89b2 | e801 0000 | 48c7 82f0 | 0100 0001 
  0x000001ecb33e3134: 0000 00e9 | 4200 0000 | 4883 baf8 | 0100 0000 | 7517 4889 | b2f8 0100 | 0048 c782 | 0002 0000 
  0x000001ecb33e3154: 0100 0000 | e921 0000 | 00e9 1c00 

  0x000001ecb33e3160: ;   {metadata(method data for {method} {0x000001ed1da3d8c0} 'getListeners' '()[Lnet/neoforged/bus/api/EventListener;' in 'net/neoforged/bus/ListenerList')}
  0x000001ecb33e3160: 0000 48ba | 98f3 3e1e | ed01 0000 | 4883 aad8 | 0100 0001 | e90a 7100 | 00e9 0000 | 0000 4d8b 
  0x000001ecb33e3180: c848 8b84 | 2460 0100 

  0x000001ecb33e3188: ;   {oop(a 'net/neoforged/bus/EventBus'{0x000000070a530518})}
  0x000001ecb33e3188: 0048 ba18 | 0553 0a07 | 0000 004c 

  0x000001ecb33e3194: ;   {metadata(method data for {method} {0x000001ed1d21c0e8} 'post' '(Lnet/neoforged/bus/api/Event;)Lnet/neoforged/bus/api/Event;' in 'net/neoforged/bus/EventBus')}
  0x000001ecb33e3194: 8bc2 48be | e821 741e | ed01 0000 | 4883 8610 | 0200 0001 | 4c8b c00f 

  0x000001ecb33e31ac: ;   {optimized virtual_call}
  0x000001ecb33e31ac: 1f40 00e8 

  0x000001ecb33e31b0: ; ImmutableOopMap {[216]=Oop }
                      ;*invokevirtual post {reexecute=0 rethrow=0 return_oop=0}
                      ; - net.neoforged.bus.EventBus::post@27 (line 315)
                      ; - net.neoforged.neoforge.client.ClientHooks::fireRenderFramePost@11 (line 1062)
                      ; - net.minecraft.client.Minecraft::runTick@438 (line 1197)
  0x000001ecb33e31b0: 2c4e dc06 

  0x000001ecb33e31b4: ;   {other}
  0x000001ecb33e31b4: 0f1f 8400 | a451 0028 | 488b 9424 | d800 0000 | 8bb2 c001 | 0000 48c1 | e603 4885 

  0x000001ecb33e31d0: ;   {metadata(method data for {method} {0x000001ed0c798a18} 'runTick' '(Z)V' in 'net/minecraft/client/Minecraft')}
  0x000001ecb33e31d0: f648 be00 | 80cd 1eed | 0100 0048 | bfb0 0b00 | 0000 0000 | 0074 0a48 | bfc0 0b00 | 0000 0000 
  0x000001ecb33e31f0: 0048 8b04 | 3e48 8d40 | 0148 8904 | 3e0f 8435 | 0e00 008b | b2b8 0100 | 0048 c1e6 | 0348 85f6 
  0x000001ecb33e3210: 0f84 2900 

  0x000001ecb33e3214: ;   {metadata('net/minecraft/util/profiling/InactiveProfiler')}
  0x000001ecb33e3214: 0000 48bb | c072 c9cb | ec01 0000 | 8b4e 0849 | ba00 0000 | caec 0100 | 0049 03ca | 483b 5938 
  0x000001ecb33e3234: 0f85 5270 | 0000 e900 | 0000 0048 | 8bfe 483b 

  0x000001ecb33e3244: ;   {metadata(method data for {method} {0x000001ed0c798a18} 'runTick' '(Z)V' in 'net/minecraft/client/Minecraft')}
  0x000001ecb33e3244: 0648 bf00 | 80cd 1eed 

  0x000001ecb33e324c: ;   {metadata('net/minecraft/util/profiling/InactiveProfiler')}
  0x000001ecb33e324c: 0100 0049 | bac0 72c9 | cbec 0100 | 004c 8997 | e00b 0000 | 4883 87e8 | 0b00 0001 

  0x000001ecb33e3268: ;   {metadata(method data for {method} {0x000001ed1d2bf608} 'push' '(Ljava/lang/String;)V' in 'net/minecraft/util/profiling/InactiveProfiler')}
  0x000001ecb33e3268: 48be 9098 | 811e ed01 | 0000 8bbe | cc00 0000 | 83c7 0289 | becc 0000 | 0081 e7fe | ff1f 0085 
  0x000001ecb33e3288: ff0f 8407 | 7000 004c | 8bc2 660f | 1f44 0000 

  0x000001ecb33e3298: ;   {no_reloc}
  0x000001ecb33e3298: e929 7000 | 0000 0000 | 0000 498b | 87b8 0100 | 0048 8d78 | 2849 3bbf | c801 0000 | 0f87 1670 
  0x000001ecb33e32b8: 0000 4989 | bfb8 0100 | 0048 c700 | 0100 0000 | 488b ca49 | ba00 0000 | caec 0100 | 0049 2bca 
  0x000001ecb33e32d8: 8948 0848 | 33c9 8948 | 0c48 33c9 | 4889 4810 | 4889 4818 | 4889 4820 | 4889 8424 | 8801 0000 
  0x000001ecb33e32f8: 418b 9098 | 0000 0048 | c1e2 0348 | 3b02 488b 

  0x000001ecb33e3308: ;   {metadata(method data for {method} {0x000001ed0c798a18} 'runTick' '(Z)V' in 'net/minecraft/client/Minecraft')}
  0x000001ecb33e3308: f248 bf00 | 80cd 1eed 

  0x000001ecb33e3310: ;   {metadata('net/minecraft/client/renderer/RenderBuffers')}
  0x000001ecb33e3310: 0100 0049 | ba10 bef5 | cbec 0100 | 004c 8997 | 180c 0000 | 4883 8720 | 0c00 0001 | 448b 4a14 
  0x000001ecb33e3330: 49c1 e103 

  0x000001ecb33e3334: ;   {metadata(method data for {method} {0x000001ed0c798a18} 'runTick' '(Z)V' in 'net/minecraft/client/Minecraft')}
  0x000001ecb33e3334: 488b d048 | be00 80cd | 1eed 0100 | 0048 8386 | 400c 0000 

  0x000001ecb33e3348: ;   {metadata(method data for {method} {0x000001ed0c783dd8} '<init>' '(Lnet/minecraft/client/Minecraft;Lnet/minecraft/client/renderer/MultiBufferSource$BufferSource;)V' in 'net/minecraft/client/gui/GuiGraphics')}
  0x000001ecb33e3348: 0148 ba60 | eacd 1eed | 0100 008b | b2cc 0000 | 0083 c602 | 89b2 cc00 | 0000 81e6 | feff 1f00 
  0x000001ecb33e3368: 85f6 0f84 | 726f 0000 

  0x000001ecb33e3370: ;   {metadata('com/mojang/blaze3d/vertex/PoseStack')}
  0x000001ecb33e3370: 48ba e843 | e8cb ec01 | 0000 498b | 87b8 0100 | 0048 8d78 | 1049 3bbf | c801 0000 | 0f87 716f 
  0x000001ecb33e3390: 0000 4989 | bfb8 0100 | 0048 c700 | 0100 0000 | 488b ca49 | ba00 0000 | caec 0100 | 0049 2bca 
  0x000001ecb33e33b0: 8948 0848 | 33c9 8948 | 0c48 33c9 

  0x000001ecb33e33bc: ;   {metadata(method data for {method} {0x000001ed0c783dd8} '<init>' '(Lnet/minecraft/client/Minecraft;Lnet/minecraft/client/renderer/MultiBufferSource$BufferSource;)V' in 'net/minecraft/client/gui/GuiGraphics')}
  0x000001ecb33e33bc: 488b d048 | be60 eacd | 1eed 0100 | 0048 8386 | 1001 0000 

  0x000001ecb33e33d0: ;   {metadata(method data for {method} {0x000001ed1df01870} '<init>' '()V' in 'com/mojang/blaze3d/vertex/PoseStack')}
  0x000001ecb33e33d0: 0148 bac8 | ebcd 1eed | 0100 008b | b2cc 0000 | 0083 c602 | 89b2 cc00 | 0000 81e6 | feff 1f00 
  0x000001ecb33e33f0: 85f6 0f84 | 186f 0000 

  0x000001ecb33e33f8: ;   {metadata(method data for {method} {0x000001ed1df01870} '<init>' '()V' in 'com/mojang/blaze3d/vertex/PoseStack')}
  0x000001ecb33e33f8: 488b d048 | bec8 ebcd | 1eed 0100 | 0048 8386 | 1001 0000 

  0x000001ecb33e340c: ;   {metadata(method data for {method} {0x000001ecca479298} '<init>' '()V' in 'java/lang/Object')}
  0x000001ecb33e340c: 0148 baf0 | f100 0bed | 0100 008b | b2cc 0000 | 0083 c602 | 89b2 cc00 | 0000 81e6 | feff 1f00 
  0x000001ecb33e342c: 85f6 0f84 | fd6e 0000 

  0x000001ecb33e3434: ;   {metadata(method data for {method} {0x000001ed1df01870} '<init>' '()V' in 'com/mojang/blaze3d/vertex/PoseStack')}
  0x000001ecb33e3434: 48ba c8eb | cd1e ed01 | 0000 4883 | 8220 0100 

  0x000001ecb33e3444: ;   {metadata(method data for {method} {0x000001ed0ea5f8b8} 'newArrayDeque' '()Ljava/util/ArrayDeque;' in 'com/google/common/collect/Queues')}
  0x000001ecb33e3444: 0001 48ba | f009 cd1e | ed01 0000 | 8bb2 cc00 | 0000 83c6 | 0289 b2cc | 0000 0081 | e6fe ff1f 
  0x000001ecb33e3464: 0085 f60f | 84e5 6e00 

  0x000001ecb33e346c: ;   {metadata('java/util/ArrayDeque')}
  0x000001ecb33e346c: 0048 ba00 | e120 caec | 0100 0048 | 8984 2478 | 0100 0049 | 8b87 b801 | 0000 488d | 7818 493b 
  0x000001ecb33e348c: bfc8 0100 | 000f 87dc | 6e00 0049 | 89bf b801 | 0000 48c7 | 0001 0000 | 0048 8bca | 49ba 0000 
  0x000001ecb33e34ac: 00ca ec01 | 0000 492b | ca89 4808 | 4833 c989 | 480c 4833 | c948 8948 | 1048 8bd8 

  0x000001ecb33e34c8: ;   {metadata(method data for {method} {0x000001ed0ea5f8b8} 'newArrayDeque' '()Ljava/util/ArrayDeque;' in 'com/google/common/collect/Queues')}
  0x000001ecb33e34c8: 48ba f009 | cd1e ed01 | 0000 4883 | 8210 0100 

  0x000001ecb33e34d8: ;   {metadata(method data for {method} {0x000001ecca2101d0} '<init>' '()V' in 'java/util/ArrayDeque')}
  0x000001ecb33e34d8: 0001 48bb | e8c1 1d0b | ed01 0000 | 8b93 cc00 | 0000 83c2 | 0289 93cc | 0000 0081 | e2fe ff1f 
  0x000001ecb33e34f8: 0085 d20f | 847f 6e00 | 0048 8bd8 

  0x000001ecb33e3504: ;   {metadata(method data for {method} {0x000001ecca2101d0} '<init>' '()V' in 'java/util/ArrayDeque')}
  0x000001ecb33e3504: 48ba e8c1 | 1d0b ed01 | 0000 4883 | 8210 0100 

  0x000001ecb33e3514: ;   {metadata(method data for {method} {0x000001ecca05aa48} '<init>' '()V' in 'java/util/AbstractCollection')}
  0x000001ecb33e3514: 0001 48bb | a8af 010b | ed01 0000 | 8b93 cc00 | 0000 83c2 | 0289 93cc | 0000 0081 | e2fe ff1f 
  0x000001ecb33e3534: 0085 d20f | 8464 6e00 | 0048 8bd8 

  0x000001ecb33e3540: ;   {metadata(method data for {method} {0x000001ecca05aa48} '<init>' '()V' in 'java/util/AbstractCollection')}
  0x000001ecb33e3540: 48ba a8af | 010b ed01 | 0000 4883 | 8210 0100 

  0x000001ecb33e3550: ;   {metadata(method data for {method} {0x000001ecca479298} '<init>' '()V' in 'java/lang/Object')}
  0x000001ecb33e3550: 0001 48bb | f0f1 000b | ed01 0000 | 8b93 cc00 | 0000 83c2 | 0289 93cc | 0000 0081 | e2fe ff1f 
  0x000001ecb33e3570: 0085 d20f | 8449 6e00 | 00bb 1100 

  0x000001ecb33e357c: ;   {metadata('java/lang/Object'[])}
  0x000001ecb33e357c: 0000 48ba | 4012 00ca | ec01 0000 | 4c8b f048 | 63db 488b | fb48 81fb | ffff ff00 | 0f87 456e 
  0x000001ecb33e359c: 0000 48be | 1700 0000 | 0000 0000 | 488d 349e | 4883 e6f8 | 498b 87b8 | 0100 0048 | 8d34 3049 
  0x000001ecb33e35bc: 3bb7 c801 | 0000 0f87 | 1b6e 0000 | 4989 b7b8 | 0100 0048 | 2bf0 48c7 | 0001 0000 | 0048 8bca 
  0x000001ecb33e35dc: 49ba 0000 | 00ca ec01 | 0000 492b | ca89 4808 | 8958 0c48 | 83ee 1048 | 85f6 0f84 | 1100 0000 
  0x000001ecb33e35fc: 4833 db48 | c1ee 0348 | 895c f008 | 48ff ce75 | f641 0fbe | 5740 85d2 | 0f85 d36d | 0000 4c8b 
  0x000001ecb33e361c: d049 c1ea | 0345 8956 | 1449 8bd6 | 4833 d048 | c1ea 1548 | 83fa 000f | 85d4 6d00 

  0x000001ecb33e3638: ;   {metadata(method data for {method} {0x000001ecca0afc30} 'linkToTargetMethod' '(Ljava/lang/Object;)Ljava/lang/Object;' in 'java/lang/invoke/Invokers$Holder')}
  0x000001ecb33e3638: 0048 ba90 | 9e08 0bed | 0100 0048 | 8d92 e801 

  0x000001ecb33e3648: ;   {oop(a 'java/lang/invoke/BoundMethodHandle$Species_L'{0x000000070b1b37a0})}
  0x000001ecb33e3648: 0000 48be | a037 1b0b | 0700 0000 | 4885 f675 | 0af6 0201 | 7505 f048 

  0x000001ecb33e3660: ;   {metadata(method data for {method} {0x000001ed1df01870} '<init>' '()V' in 'com/mojang/blaze3d/vertex/PoseStack')}
  0x000001ecb33e3660: 830a 0148 | bac8 ebcd | 1eed 0100 | 0048 8382 | 3001 0000 

  0x000001ecb33e3674: ;   {metadata(method data for {method} {0x000001ecca0afc30} 'linkToTargetMethod' '(Ljava/lang/Object;)Ljava/lang/Object;' in 'java/lang/invoke/Invokers$Holder')}
  0x000001ecb33e3674: 0148 ba90 | 9e08 0bed | 0100 008b | bacc 0000 | 0083 c702 | 89ba cc00 | 0000 81e7 | feff 1f00 
  0x000001ecb33e3694: 85ff 0f84 | 896d 0000 

  0x000001ecb33e369c: ;   {metadata(method data for {method} {0x000001ed0b400a28} 'invoke' '(Ljava/lang/Object;)Ljava/lang/Object;' in 'java/lang/invoke/LambdaForm$MH+0x000001eccb000800')}
  0x000001ecb33e369c: 48ba 480c | 400b ed01 | 0000 488d | 92a0 0100 | 0048 85f6 | 750a f602 | 0175 05f0 | 4883 0a01 
  0x000001ecb33e36bc: ;   {metadata(method data for {method} {0x000001ecca0afc30} 'linkToTargetMethod' '(Ljava/lang/Object;)Ljava/lang/Object;' in 'java/lang/invoke/Invokers$Holder')}
  0x000001ecb33e36bc: 48ba 909e | 080b ed01 | 0000 4883 | 8248 0100 

  0x000001ecb33e36cc: ;   {metadata(method data for {method} {0x000001ed0b400a28} 'invoke' '(Ljava/lang/Object;)Ljava/lang/Object;' in 'java/lang/invoke/LambdaForm$MH+0x000001eccb000800')}
  0x000001ecb33e36cc: 0001 48ba | 480c 400b | ed01 0000 | 8bb2 cc00 | 0000 83c6 | 0289 b2cc | 0000 0081 | e6fe ff1f 
  0x000001ecb33e36ec: 0085 f60f | 8451 6d00 

  0x000001ecb33e36f4: ;   {metadata(method data for {method} {0x000001ecca0afc30} 'linkToTargetMethod' '(Ljava/lang/Object;)Ljava/lang/Object;' in 'java/lang/invoke/Invokers$Holder')}
  0x000001ecb33e36f4: 0048 ba90 | 9e08 0bed | 0100 0048 | 8d92 8001 

  0x000001ecb33e3704: ;   {oop(a 'com/mojang/blaze3d/vertex/PoseStack$$Lambda+0x000001eccc055c70'{0x000000070b1b37c8})}
  0x000001ecb33e3704: 0000 48be | c837 1b0b | 0700 0000 | 4885 f675 | 0af6 0201 | 7505 f048 

  0x000001ecb33e371c: ;   {metadata(method data for {method} {0x000001ed1df01870} '<init>' '()V' in 'com/mojang/blaze3d/vertex/PoseStack')}
  0x000001ecb33e371c: 830a 0148 | bac8 ebcd | 1eed 0100 | 0048 8d92 | 4001 0000 | 4885 f675 | 0cf6 0201 | 7547 f048 
  0x000001ecb33e373c: 830a 01eb 

  0x000001ecb33e3740: ;   {metadata('com/mojang/blaze3d/vertex/PoseStack$$Lambda+0x000001eccc055c70')}
  0x000001ecb33e3740: 4048 bf70 | 5c05 ccec | 0100 004c | 8bd7 4833 | 3a48 f7c7 | fcff ffff | 7427 40f6 | c702 7521 
  0x000001ecb33e3760: 48f7 02fe | ffff ff74 | 1549 8bfa | 4833 3a48 | f7c7 fcff | ffff 7409 | 4883 0a02 | eb03 4889 
  0x000001ecb33e3780: ;   {metadata(method data for {method} {0x000001ed1df01870} '<init>' '()V' in 'com/mojang/blaze3d/vertex/PoseStack')}
  0x000001ecb33e3780: 3a48 bac8 | ebcd 1eed | 0100 0048 | 8382 5001 

  0x000001ecb33e3790: ;   {metadata(method data for {method} {0x000001ed0ce5db40} 'make' '(Ljava/lang/Object;Ljava/util/function/Consumer;)Ljava/lang/Object;' in 'net/minecraft/Util')}
  0x000001ecb33e3790: 0000 0148 | bae0 77e2 | 0eed 0100 | 008b bacc | 0000 0083 | c702 89ba | cc00 0000 | 81e7 feff 
  0x000001ecb33e37b0: 1f00 85ff | 0f84 ad6c 

  0x000001ecb33e37b8: ;   {metadata(method data for {method} {0x000001ed0ce5db40} 'make' '(Ljava/lang/Object;Ljava/util/function/Consumer;)Ljava/lang/Object;' in 'net/minecraft/Util')}
  0x000001ecb33e37b8: 0000 48ba | e077 e20e | ed01 0000 

  0x000001ecb33e37c4: ;   {metadata('com/mojang/blaze3d/vertex/PoseStack$$Lambda+0x000001eccc055c70')}
  0x000001ecb33e37c4: 49ba 705c | 05cc ec01 | 0000 4c89 | 9220 0100 | 0048 8382 | 2801 0000 

  0x000001ecb33e37dc: ;   {metadata(method data for {method} {0x000001ed1e7376e0} 'accept' '(Ljava/lang/Object;)V' in 'com/mojang/blaze3d/vertex/PoseStack$$Lambda+0x000001eccc055c70')}
  0x000001ecb33e37dc: 0148 baa0 | edcd 1eed | 0100 008b | b2cc 0000 | 0083 c602 | 89b2 cc00 | 0000 81e6 | feff 1f00 
  0x000001ecb33e37fc: 85f6 0f84 | 846c 0000 

  0x000001ecb33e3804: ;   {metadata(method data for {method} {0x000001ed1e7376e0} 'accept' '(Ljava/lang/Object;)V' in 'com/mojang/blaze3d/vertex/PoseStack$$Lambda+0x000001eccc055c70')}
  0x000001ecb33e3804: 48ba a0ed | cd1e ed01 | 0000 4883 | 8248 0100 | 0001 498b | d64c 898c | 2490 0100 | 004c 89b4 
  0x000001ecb33e3824: 2480 0100 | 0066 0f1f 

  0x000001ecb33e382c: ;   {static_call}
  0x000001ecb33e382c: 4400 00e8 

  0x000001ecb33e3830: ; ImmutableOopMap {[216]=Oop [376]=Oop [384]=Oop [392]=Oop [400]=Oop }
                      ;*invokestatic lambda$new$0 {reexecute=0 rethrow=0 return_oop=0}
                      ; - com.mojang.blaze3d.vertex.PoseStack$$Lambda/0x000001eccc055c70::accept@4
                      ; - net.minecraft.Util::make@2 (line 461)
                      ; - com.mojang.blaze3d.vertex.PoseStack::<init>@13 (line 17)
                      ; - net.minecraft.client.gui.GuiGraphics::<init>@6 (line 78)
                      ; - net.minecraft.client.Minecraft::runTick@472 (line 1202)
  0x000001ecb33e3830: 4cb8 fe05 

  0x000001ecb33e3834: ;   {other}
  0x000001ecb33e3834: 0f1f 8400 | 2458 0029 | 450f be47 | 4045 85c0 | 488b 8424 | 7801 0000 | 0f85 576c | 0000 4c8b 
  0x000001ecb33e3854: 8424 8001 | 0000 4d8b | d049 c1ea | 0344 8950 | 0c4c 8bc8 | 4d33 c849 | c1e9 1549 | 83f9 000f 
  0x000001ecb33e3874: 8550 6c00 | 004c 8b84 | 2488 0100 

  0x000001ecb33e3880: ;   {metadata(method data for {method} {0x000001ed0c783dd8} '<init>' '(Lnet/minecraft/client/Minecraft;Lnet/minecraft/client/renderer/MultiBufferSource$BufferSource;)V' in 'net/minecraft/client/gui/GuiGraphics')}
  0x000001ecb33e3880: 0049 b960 | eacd 1eed | 0100 0049 | 8381 2001 | 0000 014c | 8b84 24d8 | 0000 004c | 8bc8 488b 
  0x000001ecb33e38a0: bc24 9001 | 0000 488b | 9424 8801 

  0x000001ecb33e38ac: ;   {optimized virtual_call}
  0x000001ecb33e38ac: 0000 90e8 

  0x000001ecb33e38b0: ; ImmutableOopMap {[216]=Oop [392]=Oop }
                      ;*invokespecial <init> {reexecute=0 rethrow=0 return_oop=0}
                      ; - net.minecraft.client.gui.GuiGraphics::<init>@10 (line 78)
                      ; - net.minecraft.client.Minecraft::runTick@472 (line 1202)
  0x000001ecb33e38b0: ccb1 fe05 

  0x000001ecb33e38b4: ;   {other}
  0x000001ecb33e38b4: 0f1f 8400 | a458 002a | 488b 9424 | d800 0000 | 448b 8ac0 | 0100 0049 | c1e1 034c 

  0x000001ecb33e38d0: ;   {metadata(method data for {method} {0x000001ed0c798a18} 'runTick' '(Z)V' in 'net/minecraft/client/Minecraft')}
  0x000001ecb33e38d0: 8bc2 48be | 0080 cd1e | ed01 0000 | 4883 8650 | 0c00 0001 | 4c8b 8424 | 8801 0000 | 488b f248 
  0x000001ecb33e38f0: 8bd6 0f1f 

  0x000001ecb33e38f4: ;   {optimized virtual_call}
  0x000001ecb33e38f4: 4400 00e8 

  0x000001ecb33e38f8: ; ImmutableOopMap {[216]=Oop [392]=Oop }
                      ;*invokevirtual renderFpsMeter {reexecute=0 rethrow=0 return_oop=0}
                      ; - net.minecraft.client.Minecraft::runTick@484 (line 1203)
  0x000001ecb33e38f8: 84b1 fe05 

  0x000001ecb33e38fc: ;   {other}
  0x000001ecb33e38fc: 0f1f 8400 | ec58 002b | 488b 8424 | 8801 0000 

  0x000001ecb33e390c: ;   {metadata(method data for {method} {0x000001ed0c798a18} 'runTick' '(Z)V' in 'net/minecraft/client/Minecraft')}
  0x000001ecb33e390c: 49b8 0080 | cd1e ed01 

  0x000001ecb33e3914: ;   {metadata('net/minecraft/client/gui/GuiGraphics')}
  0x000001ecb33e3914: 0000 49ba | b8b2 34cb | ec01 0000 | 4d89 9098 | 0c00 0049 | 8380 a00c 

  0x000001ecb33e392c: ;   {metadata(method data for {method} {0x000001ed0c7843e0} 'flush' '()V' in 'net/minecraft/client/gui/GuiGraphics')}
  0x000001ecb33e392c: 0000 0149 | b808 4ccc | 1eed 0100 | 0041 8b90 | cc00 0000 | 83c2 0241 | 8990 cc00 | 0000 81e2 
  0x000001ecb33e394c: feff 1f00 | 85d2 0f84 | 896b 0000 

  0x000001ecb33e3958: ;   {metadata(method data for {method} {0x000001ed0c7843e0} 'flush' '()V' in 'net/minecraft/client/gui/GuiGraphics')}
  0x000001ecb33e3958: 49b8 084c | cc1e ed01 | 0000 4983 | 8010 0100 

  0x000001ecb33e3968: ;   {metadata(method data for {method} {0x000001ed1d23f740} 'disableDepthTest' '()V' in 'com/mojang/blaze3d/systems/RenderSystem')}
  0x000001ecb33e3968: 0001 49b8 | a82e cc1e | ed01 0000 | 418b 90cc | 0000 0083 | c202 4189 | 90cc 0000 | 0081 e2fe 
  0x000001ecb33e3988: ff1f 0085 | d20f 846f 

  0x000001ecb33e3990: ;   {metadata(method data for {method} {0x000001ed1d23f740} 'disableDepthTest' '()V' in 'com/mojang/blaze3d/systems/RenderSystem')}
  0x000001ecb33e3990: 6b00 0049 | b8a8 2ecc | 1eed 0100 | 0049 8380 | 1001 0000 

  0x000001ecb33e39a4: ;   {metadata(method data for {method} {0x000001ed1d23f130} 'assertOnRenderThread' '()V' in 'com/mojang/blaze3d/systems/RenderSystem')}
  0x000001ecb33e39a4: 0149 b880 | 0257 1eed | 0100 0041 | 8b90 cc00 | 0000 83c2 | 0241 8990 | cc00 0000 | 81e2 feff 
  0x000001ecb33e39c4: 1f00 85d2 | 0f84 556b 

  0x000001ecb33e39cc: ;   {metadata(method data for {method} {0x000001ed1d23f130} 'assertOnRenderThread' '()V' in 'com/mojang/blaze3d/systems/RenderSystem')}
  0x000001ecb33e39cc: 0000 49b8 | 8002 571e | ed01 0000 | 4983 8010 | 0100 0001 

  0x000001ecb33e39e0: ;   {metadata(method data for {method} {0x000001ed1d23ef08} 'isOnRenderThread' '()Z' in 'com/mojang/blaze3d/systems/RenderSystem')}
  0x000001ecb33e39e0: 49b8 f000 | 571e ed01 | 0000 418b | 90cc 0000 | 0083 c202 | 4189 90cc | 0000 0081 | e2fe ff1f 
  0x000001ecb33e3a00: 0085 d20f | 843b 6b00 

  0x000001ecb33e3a08: ;   {metadata(method data for {method} {0x000001ed1d23ef08} 'isOnRenderThread' '()Z' in 'com/mojang/blaze3d/systems/RenderSystem')}
  0x000001ecb33e3a08: 0049 b8f0 | 0057 1eed | 0100 0049 | 8380 1001 

  0x000001ecb33e3a18: ;   {oop(a 'java/lang/Class'{0x000000070a534608} = 'com/mojang/blaze3d/systems/RenderSystem')}
  0x000001ecb33e3a18: 0000 0149 | b808 4653 | 0a07 0000 | 0045 8b40 | 7c49 c1e0 | 0349 8b97 | 8803 0000 | 488b 1249 
  0x000001ecb33e3a38: ;   {metadata(method data for {method} {0x000001ed1d23ef08} 'isOnRenderThread' '()Z' in 'com/mojang/blaze3d/systems/RenderSystem')}
  0x000001ecb33e3a38: 3bd0 48ba | f000 571e | ed01 0000 | 48be 2001 | 0000 0000 | 0000 750a | 48be 3001 | 0000 0000 
  0x000001ecb33e3a58: 0000 488b | 3c32 488d | 7f01 4889 | 3c32 0f85 | 1a00 0000 

  0x000001ecb33e3a6c: ;   {metadata(method data for {method} {0x000001ed1d23ef08} 'isOnRenderThread' '()Z' in 'com/mojang/blaze3d/systems/RenderSystem')}
  0x000001ecb33e3a6c: 48ba f000 | 571e ed01 | 0000 ff82 | 4001 0000 | ba01 0000 | 00e9 0500 | 0000 ba00 | 0000 0083 
  0x000001ecb33e3a8c: e201 85d2 

  0x000001ecb33e3a90: ;   {metadata(method data for {method} {0x000001ed1d23f130} 'assertOnRenderThread' '()V' in 'com/mojang/blaze3d/systems/RenderSystem')}
  0x000001ecb33e3a90: 48ba 8002 | 571e ed01 | 0000 48be | 3001 0000 | 0000 0000 | 740a 48be | 2001 0000 | 0000 0000 
  0x000001ecb33e3ab0: 488b 3c32 | 488d 7f01 | 4889 3c32 | 0f84 d754 

  0x000001ecb33e3ac0: ;   {metadata(method data for {method} {0x000001ed1d23f740} 'disableDepthTest' '()V' in 'com/mojang/blaze3d/systems/RenderSystem')}
  0x000001ecb33e3ac0: 0000 48ba | a82e cc1e | ed01 0000 | 4883 8220 | 0100 0001 

  0x000001ecb33e3ad4: ;   {metadata(method data for {method} {0x000001ed1d602f80} '_disableDepthTest' '()V' in 'com/mojang/blaze3d/platform/GlStateManager')}
  0x000001ecb33e3ad4: 48ba 1030 | cc1e ed01 | 0000 8bb2 | cc00 0000 | 83c6 0289 | b2cc 0000 | 0081 e6fe | ff1f 0085 
  0x000001ecb33e3af4: f60f 846a 

  0x000001ecb33e3af8: ;   {metadata(method data for {method} {0x000001ed1d602f80} '_disableDepthTest' '()V' in 'com/mojang/blaze3d/platform/GlStateManager')}
  0x000001ecb33e3af8: 6a00 0048 | ba10 30cc | 1eed 0100 | 0048 8382 | 1001 0000 

  0x000001ecb33e3b0c: ;   {metadata(method data for {method} {0x000001ed1d23f078} 'assertOnRenderThreadOrInit' '()V' in 'com/mojang/blaze3d/systems/RenderSystem')}
  0x000001ecb33e3b0c: 0148 ba78 | 7459 1eed | 0100 008b | b2cc 0000 | 0083 c602 | 89b2 cc00 | 0000 81e6 | feff 1f00 
  0x000001ecb33e3b2c: 85f6 0f84 | 526a 0000 

  0x000001ecb33e3b34: ;   {oop(a 'java/lang/Class'{0x000000070a534608} = 'com/mojang/blaze3d/systems/RenderSystem')}
  0x000001ecb33e3b34: 48ba 0846 | 530a 0700 | 0000 0fbe | 92f4 0000 

  0x000001ecb33e3b44: ;   {metadata(method data for {method} {0x000001ed1d23f078} 'assertOnRenderThreadOrInit' '()V' in 'com/mojang/blaze3d/systems/RenderSystem')}
  0x000001ecb33e3b44: 0085 d248 | ba78 7459 | 1eed 0100 | 0048 be10 | 0100 0000 | 0000 0075 | 0a48 be20 | 0100 0000 
  0x000001ecb33e3b64: 0000 0048 | 8b3c 3248 | 8d7f 0148 | 893c 320f | 85e5 0000 

  0x000001ecb33e3b78: ;   {metadata(method data for {method} {0x000001ed1d23f078} 'assertOnRenderThreadOrInit' '()V' in 'com/mojang/blaze3d/systems/RenderSystem')}
  0x000001ecb33e3b78: 0048 ba78 | 7459 1eed | 0100 0048 | 8382 3001 

  0x000001ecb33e3b88: ;   {metadata(method data for {method} {0x000001ed1d23ef08} 'isOnRenderThread' '()Z' in 'com/mojang/blaze3d/systems/RenderSystem')}
  0x000001ecb33e3b88: 0000 0148 | baf0 0057 | 1eed 0100 | 008b b2cc | 0000 0083 | c602 89b2 | cc00 0000 | 81e6 feff 
  0x000001ecb33e3ba8: 1f00 85f6 | 0f84 f569 

  0x000001ecb33e3bb0: ;   {metadata(method data for {method} {0x000001ed1d23ef08} 'isOnRenderThread' '()Z' in 'com/mojang/blaze3d/systems/RenderSystem')}
  0x000001ecb33e3bb0: 0000 48ba | f000 571e | ed01 0000 | 4883 8210 | 0100 0001 | 498b 9788 | 0300 0048 | 8b12 493b 
  0x000001ecb33e3bd0: ;   {metadata(method data for {method} {0x000001ed1d23ef08} 'isOnRenderThread' '()Z' in 'com/mojang/blaze3d/systems/RenderSystem')}
  0x000001ecb33e3bd0: d049 b8f0 | 0057 1eed | 0100 0048 | ba20 0100 | 0000 0000 | 0075 0a48 | ba30 0100 | 0000 0000 
  0x000001ecb33e3bf0: 0049 8b34 | 1048 8d76 | 0149 8934 | 100f 851c 

  0x000001ecb33e3c00: ;   {metadata(method data for {method} {0x000001ed1d23ef08} 'isOnRenderThread' '()Z' in 'com/mojang/blaze3d/systems/RenderSystem')}
  0x000001ecb33e3c00: 0000 0049 | b8f0 0057 | 1eed 0100 | 0041 ff80 | 4001 0000 | 41b8 0100 | 0000 e906 | 0000 0041 
  0x000001ecb33e3c20: b800 0000 | 0041 83e0 | 0145 85c0 

  0x000001ecb33e3c2c: ;   {metadata(method data for {method} {0x000001ed1d23f078} 'assertOnRenderThreadOrInit' '()V' in 'com/mojang/blaze3d/systems/RenderSystem')}
  0x000001ecb33e3c2c: 49b8 7874 | 591e ed01 | 0000 48ba | 5001 0000 | 0000 0000 | 740a 48ba | 4001 0000 | 0000 0000 
  0x000001ecb33e3c4c: 498b 3410 | 488d 7601 | 4989 3410 | 0f84 5b52 

  0x000001ecb33e3c5c: ;   {oop(a 'com/mojang/blaze3d/platform/GlStateManager$DepthState'{0x000000070a548da8})}
  0x000001ecb33e3c5c: 0000 49b8 | a88d 540a | 0700 0000 

  0x000001ecb33e3c68: ; implicit exception: dispatches to 0x000001ecb33ea5c8
  0x000001ecb33e3c68: 418b 5014 | 48c1 e203 

  0x000001ecb33e3c70: ; implicit exception: dispatches to 0x000001ecb33ea5cd
  0x000001ecb33e3c70: 483b 024c 

  0x000001ecb33e3c74: ;   {metadata(method data for {method} {0x000001ed1d602f80} '_disableDepthTest' '()V' in 'com/mojang/blaze3d/platform/GlStateManager')}
  0x000001ecb33e3c74: 8bc2 48be | 1030 cc1e | ed01 0000 | 4883 8638 | 0100 0001 

  0x000001ecb33e3c88: ;   {metadata(method data for {method} {0x000001ed1d60a200} 'disable' '()V' in 'com/mojang/blaze3d/platform/GlStateManager$BooleanState')}
  0x000001ecb33e3c88: 49b8 b09c | 831e ed01 | 0000 418b | b0cc 0000 | 0083 c602 | 4189 b0cc | 0000 0081 | e6fe ff1f 
  0x000001ecb33e3ca8: 0085 f60f | 8421 6900 | 004c 8bc2 

  0x000001ecb33e3cb4: ;   {metadata(method data for {method} {0x000001ed1d60a200} 'disable' '()V' in 'com/mojang/blaze3d/platform/GlStateManager$BooleanState')}
  0x000001ecb33e3cb4: 48be b09c | 831e ed01 

  0x000001ecb33e3cbc: ;   {metadata('com/mojang/blaze3d/platform/GlStateManager$BooleanState')}
  0x000001ecb33e3cbc: 0000 49ba | a82e cecb | ec01 0000 | 4c89 9620 | 0100 0048 | 8386 2801 | 0000 0141 | b800 0000 
  0x000001ecb33e3cdc: ;   {optimized virtual_call}
  0x000001ecb33e3cdc: 0066 90e8 

  0x000001ecb33e3ce0: ; ImmutableOopMap {[216]=Oop [392]=Oop }
                      ;*invokevirtual setEnabled {reexecute=0 rethrow=0 return_oop=0}
                      ; - com.mojang.blaze3d.platform.GlStateManager$BooleanState::disable@2 (line 765)
                      ; - com.mojang.blaze3d.platform.GlStateManager::_disableDepthTest@9 (line 65)
                      ; - com.mojang.blaze3d.systems.RenderSystem::disableDepthTest@3 (line 170)
                      ; - net.minecraft.client.gui.GuiGraphics::flush@0 (line 121)
                      ; - net.minecraft.client.Minecraft::runTick@489 (line 1204)
  0x000001ecb33e3ce0: 9cad fe05 

  0x000001ecb33e3ce4: ;   {other}
  0x000001ecb33e3ce4: 0f1f 8400 | d45c 002c | 488b 8424 | 8801 0000 | 8b50 1848 | c1e2 0348 | 3b02 488b 

  0x000001ecb33e3d00: ;   {metadata(method data for {method} {0x000001ed0c7843e0} 'flush' '()V' in 'net/minecraft/client/gui/GuiGraphics')}
  0x000001ecb33e3d00: f248 bf08 | 4ccc 1eed | 0100 0048 | 8387 3801 | 0000 010f 

  0x000001ecb33e3d14: ;   {optimized virtual_call}
  0x000001ecb33e3d14: 1f40 00e8 

  0x000001ecb33e3d18: ; ImmutableOopMap {[216]=Oop }
                      ;*invokevirtual endBatch {reexecute=0 rethrow=0 return_oop=0}
                      ; - net.minecraft.client.gui.GuiGraphics::flush@7 (line 122)
                      ; - net.minecraft.client.Minecraft::runTick@489 (line 1204)
  0x000001ecb33e3d18: 64ad fe05 

  0x000001ecb33e3d1c: ;   {other}
  0x000001ecb33e3d1c: 0f1f 8400 | 0c5d 002d 

  0x000001ecb33e3d24: ;   {metadata(method data for {method} {0x000001ed0c7843e0} 'flush' '()V' in 'net/minecraft/client/gui/GuiGraphics')}
  0x000001ecb33e3d24: 49b8 084c | cc1e ed01 | 0000 4983 | 8058 0100 

  0x000001ecb33e3d34: ;   {metadata(method data for {method} {0x000001ed1d23f7e0} 'enableDepthTest' '()V' in 'com/mojang/blaze3d/systems/RenderSystem')}
  0x000001ecb33e3d34: 0001 49b8 | 601e cc1e | ed01 0000 | 418b 90cc | 0000 0083 | c202 4189 | 90cc 0000 | 0081 e2fe 
  0x000001ecb33e3d54: ff1f 0085 | d20f 8499 

  0x000001ecb33e3d5c: ;   {metadata(method data for {method} {0x000001ed1d23f7e0} 'enableDepthTest' '()V' in 'com/mojang/blaze3d/systems/RenderSystem')}
  0x000001ecb33e3d5c: 6800 0049 | b860 1ecc | 1eed 0100 | 0049 8380 | 1001 0000 

  0x000001ecb33e3d70: ;   {metadata(method data for {method} {0x000001ed1d603028} '_enableDepthTest' '()V' in 'com/mojang/blaze3d/platform/GlStateManager')}
  0x000001ecb33e3d70: 0149 b8d0 | 1ccc 1eed | 0100 0041 | 8b90 cc00 | 0000 83c2 | 0241 8990 | cc00 0000 | 81e2 feff 
  0x000001ecb33e3d90: 1f00 85d2 | 0f84 7f68 

  0x000001ecb33e3d98: ;   {metadata(method data for {method} {0x000001ed1d603028} '_enableDepthTest' '()V' in 'com/mojang/blaze3d/platform/GlStateManager')}
  0x000001ecb33e3d98: 0000 49b8 | d01c cc1e | ed01 0000 | 4983 8010 | 0100 0001 

  0x000001ecb33e3dac: ;   {metadata(method data for {method} {0x000001ed1d23f078} 'assertOnRenderThreadOrInit' '()V' in 'com/mojang/blaze3d/systems/RenderSystem')}
  0x000001ecb33e3dac: 49b8 7874 | 591e ed01 | 0000 418b | 90cc 0000 | 0083 c202 | 4189 90cc | 0000 0081 | e2fe ff1f 
  0x000001ecb33e3dcc: 0085 d20f | 8465 6800 

  0x000001ecb33e3dd4: ;   {oop(a 'java/lang/Class'{0x000000070a534608} = 'com/mojang/blaze3d/systems/RenderSystem')}
  0x000001ecb33e3dd4: 0049 b808 | 4653 0a07 | 0000 0045 | 0fbe 80f4 | 0000 0045 

  0x000001ecb33e3de8: ;   {metadata(method data for {method} {0x000001ed1d23f078} 'assertOnRenderThreadOrInit' '()V' in 'com/mojang/blaze3d/systems/RenderSystem')}
  0x000001ecb33e3de8: 85c0 49b8 | 7874 591e | ed01 0000 | 48ba 1001 | 0000 0000 | 0000 750a | 48ba 2001 | 0000 0000 
  0x000001ecb33e3e08: 0000 498b | 3410 488d | 7601 4989 | 3410 0f85 | f900 0000 

  0x000001ecb33e3e1c: ;   {metadata(method data for {method} {0x000001ed1d23f078} 'assertOnRenderThreadOrInit' '()V' in 'com/mojang/blaze3d/systems/RenderSystem')}
  0x000001ecb33e3e1c: 49b8 7874 | 591e ed01 | 0000 4983 | 8030 0100 

  0x000001ecb33e3e2c: ;   {metadata(method data for {method} {0x000001ed1d23ef08} 'isOnRenderThread' '()Z' in 'com/mojang/blaze3d/systems/RenderSystem')}
  0x000001ecb33e3e2c: 0001 49b8 | f000 571e | ed01 0000 | 418b 90cc | 0000 0083 | c202 4189 | 90cc 0000 | 0081 e2fe 
  0x000001ecb33e3e4c: ff1f 0085 | d20f 8404 

  0x000001ecb33e3e54: ;   {metadata(method data for {method} {0x000001ed1d23ef08} 'isOnRenderThread' '()Z' in 'com/mojang/blaze3d/systems/RenderSystem')}
  0x000001ecb33e3e54: 6800 0049 | b8f0 0057 | 1eed 0100 | 0049 8380 | 1001 0000 

  0x000001ecb33e3e68: ;   {oop(a 'java/lang/Class'{0x000000070a534608} = 'com/mojang/blaze3d/systems/RenderSystem')}
  0x000001ecb33e3e68: 0149 b808 | 4653 0a07 | 0000 0045 | 8b40 7c49 | c1e0 0349 | 8b97 8803 | 0000 488b | 1249 3bd0 
  0x000001ecb33e3e88: ;   {metadata(method data for {method} {0x000001ed1d23ef08} 'isOnRenderThread' '()Z' in 'com/mojang/blaze3d/systems/RenderSystem')}
  0x000001ecb33e3e88: 49b8 f000 | 571e ed01 | 0000 48ba | 2001 0000 | 0000 0000 | 750a 48ba | 3001 0000 | 0000 0000 
  0x000001ecb33e3ea8: 498b 3410 | 488d 7601 | 4989 3410 | 0f85 1c00 

  0x000001ecb33e3eb8: ;   {metadata(method data for {method} {0x000001ed1d23ef08} 'isOnRenderThread' '()Z' in 'com/mojang/blaze3d/systems/RenderSystem')}
  0x000001ecb33e3eb8: 0000 49b8 | f000 571e | ed01 0000 | 41ff 8040 | 0100 0041 | b801 0000 | 00e9 0600 | 0000 41b8 
  0x000001ecb33e3ed8: 0000 0000 | 4183 e001 

  0x000001ecb33e3ee0: ;   {metadata(method data for {method} {0x000001ed1d23f078} 'assertOnRenderThreadOrInit' '()V' in 'com/mojang/blaze3d/systems/RenderSystem')}
  0x000001ecb33e3ee0: 4585 c049 | b878 7459 | 1eed 0100 | 0048 ba50 | 0100 0000 | 0000 0074 | 0a48 ba40 | 0100 0000 
  0x000001ecb33e3f00: 0000 0049 | 8b34 1048 | 8d76 0149 | 8934 100f | 84c4 4e00 

  0x000001ecb33e3f14: ;   {oop(a 'com/mojang/blaze3d/platform/GlStateManager$DepthState'{0x000000070a548da8})}
  0x000001ecb33e3f14: 0049 b8a8 | 8d54 0a07 | 0000 0041 | 8b50 1448 | c1e2 0348 | 3b02 4c8b 

  0x000001ecb33e3f2c: ;   {metadata(method data for {method} {0x000001ed1d603028} '_enableDepthTest' '()V' in 'com/mojang/blaze3d/platform/GlStateManager')}
  0x000001ecb33e3f2c: c248 bed0 | 1ccc 1eed | 0100 0048 | 8386 3801 

  0x000001ecb33e3f3c: ;   {metadata(method data for {method} {0x000001ed1d60a2b0} 'enable' '()V' in 'com/mojang/blaze3d/platform/GlStateManager$BooleanState')}
  0x000001ecb33e3f3c: 0000 0149 | b838 aa83 | 1eed 0100 | 0041 8bb0 | cc00 0000 | 83c6 0241 | 89b0 cc00 | 0000 81e6 
  0x000001ecb33e3f5c: feff 1f00 | 85f6 0f84 | 1967 0000 

  0x000001ecb33e3f68: ;   {metadata(method data for {method} {0x000001ed1d60a2b0} 'enable' '()V' in 'com/mojang/blaze3d/platform/GlStateManager$BooleanState')}
  0x000001ecb33e3f68: 4c8b c248 | be38 aa83 | 1eed 0100 

  0x000001ecb33e3f74: ;   {metadata('com/mojang/blaze3d/platform/GlStateManager$BooleanState')}
  0x000001ecb33e3f74: 0049 baa8 | 2ece cbec | 0100 004c | 8996 2001 | 0000 4883 | 8628 0100 | 0001 41b8 | 0100 0000 
  0x000001ecb33e3f94: ;   {optimized virtual_call}
  0x000001ecb33e3f94: 6666 90e8 

  0x000001ecb33e3f98: ; ImmutableOopMap {[216]=Oop }
                      ;*invokevirtual setEnabled {reexecute=0 rethrow=0 return_oop=0}
                      ; - com.mojang.blaze3d.platform.GlStateManager$BooleanState::enable@2 (line 769)
                      ; - com.mojang.blaze3d.platform.GlStateManager::_enableDepthTest@9 (line 70)
                      ; - com.mojang.blaze3d.systems.RenderSystem::enableDepthTest@0 (line 174)
                      ; - net.minecraft.client.gui.GuiGraphics::flush@10 (line 123)
                      ; - net.minecraft.client.Minecraft::runTick@489 (line 1204)
  0x000001ecb33e3f98: e4aa fe05 

  0x000001ecb33e3f9c: ;   {other}
  0x000001ecb33e3f9c: 0f1f 8400 | 8c5f 002e | 488b 9424 | d800 0000 | 8bb2 b801 | 0000 48c1 | e603 4885 | f60f 8429 
  0x000001ecb33e3fbc: ;   {metadata('net/minecraft/util/profiling/InactiveProfiler')}
  0x000001ecb33e3fbc: 0000 0048 | b9c0 72c9 | cbec 0100 | 008b 4608 | 49ba 0000 | 00ca ec01 | 0000 4903 | c248 3b48 
  0x000001ecb33e3fdc: 380f 85bf | 6600 00e9 | 0000 0000 | 488b fe48 

  0x000001ecb33e3fec: ;   {metadata(method data for {method} {0x000001ed0c798a18} 'runTick' '(Z)V' in 'net/minecraft/client/Minecraft')}
  0x000001ecb33e3fec: 3b06 48bf | 0080 cd1e | ed01 0000 

  0x000001ecb33e3ff8: ;   {metadata('net/minecraft/util/profiling/InactiveProfiler')}
  0x000001ecb33e3ff8: 49ba c072 | c9cb ec01 | 0000 4c89 | 97d0 0c00 | 0048 8387 | d80c 0000 

  0x000001ecb33e4010: ;   {metadata(method data for {method} {0x000001ed1d2bf818} 'pop' '()V' in 'net/minecraft/util/profiling/InactiveProfiler')}
  0x000001ecb33e4010: 0148 bea8 | 3282 1eed | 0100 008b | becc 0000 | 0083 c702 | 89be cc00 | 0000 81e7 | feff 1f00 
  0x000001ecb33e4030: 85ff 0f84 | 7466 0000 | 8bb2 b801 | 0000 48c1 | e603 4885 | f60f 8429 

  0x000001ecb33e4048: ;   {metadata('net/minecraft/util/profiling/InactiveProfiler')}
  0x000001ecb33e4048: 0000 0048 | b9c0 72c9 | cbec 0100 | 008b 4608 | 49ba 0000 | 00ca ec01 | 0000 4903 | c248 3b48 
  0x000001ecb33e4068: 380f 855e | 6600 00e9 | 0000 0000 | 488b fe48 

  0x000001ecb33e4078: ;   {metadata(method data for {method} {0x000001ed0c798a18} 'runTick' '(Z)V' in 'net/minecraft/client/Minecraft')}
  0x000001ecb33e4078: 3b06 48bf | 0080 cd1e | ed01 0000 

  0x000001ecb33e4084: ;   {metadata('net/minecraft/util/profiling/InactiveProfiler')}
  0x000001ecb33e4084: 49ba c072 | c9cb ec01 | 0000 4c89 | 9708 0d00 | 0048 8387 | 100d 0000 

  0x000001ecb33e409c: ;   {metadata(method data for {method} {0x000001ed1d2bf608} 'push' '(Ljava/lang/String;)V' in 'net/minecraft/util/profiling/InactiveProfiler')}
  0x000001ecb33e409c: 0148 be90 | 9881 1eed | 0100 008b | becc 0000 | 0083 c702 | 89be cc00 | 0000 81e7 | feff 1f00 
  0x000001ecb33e40bc: 85ff 0f84 | 1366 0000 | 8bb2 0c01 | 0000 48c1 | e603 483b 

  0x000001ecb33e40d0: ;   {metadata(method data for {method} {0x000001ed0c798a18} 'runTick' '(Z)V' in 'net/minecraft/client/Minecraft')}
  0x000001ecb33e40d0: 0648 bf00 | 80cd 1eed | 0100 008b | 7608 49ba | 0000 00ca | ec01 0000 | 4903 f248 | 3bb7 400d 
  0x000001ecb33e40f0: 0000 750d | 4883 8748 | 0d00 0001 | e960 0000 | 0048 3bb7 | 500d 0000 | 750d 4883 | 8758 0d00 
  0x000001ecb33e4110: 0001 e94a | 0000 0048 | 83bf 400d | 0000 0075 | 1748 89b7 | 400d 0000 | 48c7 8748 | 0d00 0001 
  0x000001ecb33e4130: 0000 00e9 | 2900 0000 | 4883 bf50 | 0d00 0000 | 7517 4889 | b750 0d00 | 0048 c787 | 580d 0000 
  0x000001ecb33e4150: 0100 0000 | e908 0000 | 0048 8387 | 300d 0000 

  0x000001ecb33e4160: ;   {metadata(method data for {method} {0x000001ed1d2517d0} 'unbindWrite' '()V' in 'com/mojang/blaze3d/pipeline/RenderTarget')}
  0x000001ecb33e4160: 0148 bef8 | 1acc 1eed | 0100 008b | becc 0000 | 0083 c702 | 89be cc00 | 0000 81e7 | feff 1f00 
  0x000001ecb33e4180: 85ff 0f84 | 7565 0000 

  0x000001ecb33e4188: ;   {metadata(method data for {method} {0x000001ed1d2517d0} 'unbindWrite' '()V' in 'com/mojang/blaze3d/pipeline/RenderTarget')}
  0x000001ecb33e4188: 48be f81a | cc1e ed01 | 0000 4883 | 8610 0100 

  0x000001ecb33e4198: ;   {metadata(method data for {method} {0x000001ed1d23ef08} 'isOnRenderThread' '()Z' in 'com/mojang/blaze3d/systems/RenderSystem')}
  0x000001ecb33e4198: 0001 48be | f000 571e | ed01 0000 | 8bbe cc00 | 0000 83c7 | 0289 becc | 0000 0081 | e7fe ff1f 
  0x000001ecb33e41b8: 0085 ff0f | 845d 6500 

  0x000001ecb33e41c0: ;   {metadata(method data for {method} {0x000001ed1d23ef08} 'isOnRenderThread' '()Z' in 'com/mojang/blaze3d/systems/RenderSystem')}
  0x000001ecb33e41c0: 0048 bef0 | 0057 1eed | 0100 0048 | 8386 1001 

  0x000001ecb33e41d0: ;   {oop(a 'java/lang/Class'{0x000000070a534608} = 'com/mojang/blaze3d/systems/RenderSystem')}
  0x000001ecb33e41d0: 0000 0148 | be08 4653 | 0a07 0000 | 008b 767c | 48c1 e603 | 498b bf88 | 0300 0048 | 8b3f 483b 
  0x000001ecb33e41f0: ;   {metadata(method data for {method} {0x000001ed1d23ef08} 'isOnRenderThread' '()Z' in 'com/mojang/blaze3d/systems/RenderSystem')}
  0x000001ecb33e41f0: fe48 bff0 | 0057 1eed | 0100 0048 | bb20 0100 | 0000 0000 | 0075 0a48 | bb30 0100 | 0000 0000 
  0x000001ecb33e4210: 0048 8b04 | 1f48 8d40 | 0148 8904 | 1f0f 851a 

  0x000001ecb33e4220: ;   {metadata(method data for {method} {0x000001ed1d23ef08} 'isOnRenderThread' '()Z' in 'com/mojang/blaze3d/systems/RenderSystem')}
  0x000001ecb33e4220: 0000 0048 | bff0 0057 | 1eed 0100 | 00ff 8740 | 0100 00bf | 0100 0000 | e905 0000 | 00bf 0000 
  0x000001ecb33e4240: 0000 83e7 

  0x000001ecb33e4244: ;   {metadata(method data for {method} {0x000001ed1d2517d0} 'unbindWrite' '()V' in 'com/mojang/blaze3d/pipeline/RenderTarget')}
  0x000001ecb33e4244: 0185 ff48 | bff8 1acc | 1eed 0100 | 0048 bb20 | 0100 0000 | 0000 0075 | 0a48 bb30 | 0100 0000 
  0x000001ecb33e4264: 0000 0048 | 8b04 1f48 | 8d40 0148 | 8904 1f0f | 8548 0200 | 000f 1f80 | 0000 0000 

  0x000001ecb33e4280: ;   {no_reloc}
  0x000001ecb33e4280: e9c9 6400 | 0090 9090 | 9090 488b 

  0x000001ecb33e428c: ;   {static_call}
  0x000001ecb33e428c: d666 90e8 

  0x000001ecb33e4290: ; ImmutableOopMap {[216]=Oop }
                      ;*invokedynamic {reexecute=0 rethrow=0 return_oop=0}
                      ; - com.mojang.blaze3d.pipeline.RenderTarget::unbindWrite@6 (line 204)
                      ; - net.minecraft.client.Minecraft::runTick@517 (line 1209)
  0x000001ecb33e4290: ecad fe05 

  0x000001ecb33e4294: ;   {other}
  0x000001ecb33e4294: 0f1f 8400 | 8462 002f 

  0x000001ecb33e429c: ;   {metadata(method data for {method} {0x000001ed1d2517d0} 'unbindWrite' '()V' in 'com/mojang/blaze3d/pipeline/RenderTarget')}
  0x000001ecb33e429c: 49b8 f81a | cc1e ed01 | 0000 4d8d | 8050 0100 | 0048 85c0 | 750d 41f6 | 0001 754c | f049 8308 
  0x000001ecb33e42bc: 01eb 458b | 5008 49ba | 0000 00ca | ec01 0000 | 4903 d24c | 8bd2 4933 | 1048 f7c2 | fcff ffff 
  0x000001ecb33e42dc: 7426 f6c2 | 0275 2149 | f700 feff | ffff 7415 | 498b d249 | 3310 48f7 | c2fc ffff | ff74 0949 
  0x000001ecb33e42fc: 8308 02eb | 0349 8910 

  0x000001ecb33e4304: ;   {metadata(method data for {method} {0x000001ed1d2517d0} 'unbindWrite' '()V' in 'com/mojang/blaze3d/pipeline/RenderTarget')}
  0x000001ecb33e4304: 49b8 f81a | cc1e ed01 | 0000 4983 | 8060 0100 

  0x000001ecb33e4314: ;   {metadata(method data for {method} {0x000001ed1d23f290} 'recordRenderCall' '(Lcom/mojang/blaze3d/pipeline/RenderCall;)V' in 'com/mojang/blaze3d/systems/RenderSystem')}
  0x000001ecb33e4314: 0001 49b8 | 08f6 821e | ed01 0000 | 418b 90cc | 0000 0083 | c202 4189 | 90cc 0000 | 0081 e2fe 
  0x000001ecb33e4334: ff1f 0085 | d20f 8419 

  0x000001ecb33e433c: ;   {oop(a 'java/util/concurrent/ConcurrentLinkedQueue'{0x000000070a534fb0})}
  0x000001ecb33e433c: 6400 0048 | bab0 4f53 | 0a07 0000 | 004c 8bc2 

  0x000001ecb33e434c: ;   {metadata(method data for {method} {0x000001ed1d23f290} 'recordRenderCall' '(Lcom/mojang/blaze3d/pipeline/RenderCall;)V' in 'com/mojang/blaze3d/systems/RenderSystem')}
  0x000001ecb33e434c: 48be 08f6 | 821e ed01 | 0000 458b | 4008 49ba | 0000 00ca | ec01 0000 | 4d03 c24c | 3b86 2001 
  0x000001ecb33e436c: 0000 750d | 4883 8628 | 0100 0001 | e960 0000 | 004c 3b86 | 3001 0000 | 750d 4883 | 8638 0100 
  0x000001ecb33e438c: 0001 e94a | 0000 0048 | 83be 2001 | 0000 0075 | 174c 8986 | 2001 0000 | 48c7 8628 | 0100 0001 
  0x000001ecb33e43ac: 0000 00e9 | 2900 0000 | 4883 be30 | 0100 0000 | 7517 4c89 | 8630 0100 | 0048 c786 | 3801 0000 
  0x000001ecb33e43cc: 0100 0000 | e908 0000 | 0048 8386 | 1001 0000 

  0x000001ecb33e43dc: ;   {metadata(method data for {method} {0x000001ed0b293550} 'add' '(Ljava/lang/Object;)Z' in 'java/util/concurrent/ConcurrentLinkedQueue')}
  0x000001ecb33e43dc: 0149 b8e8 | 64d8 0ced | 0100 0041 | 8bb0 cc00 | 0000 83c6 | 0241 89b0 | cc00 0000 | 81e6 feff 
  0x000001ecb33e43fc: 1f00 85f6 | 0f84 7363 | 0000 4c8b 

  0x000001ecb33e4408: ;   {metadata(method data for {method} {0x000001ed0b293550} 'add' '(Ljava/lang/Object;)Z' in 'java/util/concurrent/ConcurrentLinkedQueue')}
  0x000001ecb33e4408: c248 bee8 | 64d8 0ced | 0100 0045 | 8b40 0849 | ba00 0000 | caec 0100 | 004d 03c2 | 4c3b 8620 
  0x000001ecb33e4428: 0100 0075 | 0d48 8386 | 2801 0000 | 01e9 6000 | 0000 4c3b | 8630 0100 | 0075 0d48 | 8386 3801 
  0x000001ecb33e4448: 0000 01e9 | 4a00 0000 | 4883 be20 | 0100 0000 | 7517 4c89 | 8620 0100 | 0048 c786 | 2801 0000 
  0x000001ecb33e4468: 0100 0000 | e929 0000 | 0048 83be | 3001 0000 | 0075 174c | 8986 3001 | 0000 48c7 | 8638 0100 
  0x000001ecb33e4488: 0001 0000 | 00e9 0800 | 0000 4883 | 8610 0100 | 0001 4c8b 

  0x000001ecb33e449c: ;   {optimized virtual_call}
  0x000001ecb33e449c: c066 90e8 

  0x000001ecb33e44a0: ; ImmutableOopMap {[216]=Oop }
                      ;*invokevirtual offer {reexecute=0 rethrow=0 return_oop=0}
                      ; - java.util.concurrent.ConcurrentLinkedQueue::add@2 (line 283)
                      ; - com.mojang.blaze3d.systems.RenderSystem::recordRenderCall@4 (line 128)
                      ; - com.mojang.blaze3d.pipeline.RenderTarget::unbindWrite@11 (line 204)
                      ; - net.minecraft.client.Minecraft::runTick@517 (line 1209)
  0x000001ecb33e44a0: dca5 fe05 

  0x000001ecb33e44a4: ;   {other}
  0x000001ecb33e44a4: 0f1f 8400 | 9464 0030 

  0x000001ecb33e44ac: ;   {metadata(method data for {method} {0x000001ed1d2517d0} 'unbindWrite' '()V' in 'com/mojang/blaze3d/pipeline/RenderTarget')}
  0x000001ecb33e44ac: 48ba f81a | cc1e ed01 | 0000 ff82 | 7001 0000 | e913 0200 

  0x000001ecb33e44c0: ;   {metadata(method data for {method} {0x000001ed1d2517d0} 'unbindWrite' '()V' in 'com/mojang/blaze3d/pipeline/RenderTarget')}
  0x000001ecb33e44c0: 0048 baf8 | 1acc 1eed | 0100 0048 | 8382 8801 

  0x000001ecb33e44d0: ;   {metadata(method data for {method} {0x000001ed1d605160} '_glBindFramebuffer' '(II)V' in 'com/mojang/blaze3d/platform/GlStateManager')}
  0x000001ecb33e44d0: 0000 0148 | bae0 8a89 | 1eed 0100 | 0044 8b82 | cc00 0000 | 4183 c002 | 4489 82cc | 0000 0041 
  0x000001ecb33e44f0: 81e0 feff | 1f00 4585 | c00f 849b 

  0x000001ecb33e44fc: ;   {metadata(method data for {method} {0x000001ed1d605160} '_glBindFramebuffer' '(II)V' in 'com/mojang/blaze3d/platform/GlStateManager')}
  0x000001ecb33e44fc: 6200 0048 | bae0 8a89 | 1eed 0100 | 0048 8382 | 1001 0000 

  0x000001ecb33e4510: ;   {metadata(method data for {method} {0x000001ed1d23f078} 'assertOnRenderThreadOrInit' '()V' in 'com/mojang/blaze3d/systems/RenderSystem')}
  0x000001ecb33e4510: 0148 ba78 | 7459 1eed | 0100 0044 | 8b82 cc00 | 0000 4183 | c002 4489 | 82cc 0000 | 0041 81e0 
  0x000001ecb33e4530: feff 1f00 | 4585 c00f | 847e 6200 

  0x000001ecb33e453c: ;   {oop(a 'java/lang/Class'{0x000000070a534608} = 'com/mojang/blaze3d/systems/RenderSystem')}
  0x000001ecb33e453c: 0048 ba08 | 4653 0a07 | 0000 000f | be92 f400 | 0000 85d2 

  0x000001ecb33e4550: ;   {metadata(method data for {method} {0x000001ed1d23f078} 'assertOnRenderThreadOrInit' '()V' in 'com/mojang/blaze3d/systems/RenderSystem')}
  0x000001ecb33e4550: 48ba 7874 | 591e ed01 | 0000 49b8 | 1001 0000 | 0000 0000 | 750a 49b8 | 2001 0000 | 0000 0000 
  0x000001ecb33e4570: 4a8b 3c02 | 488d 7f01 | 4a89 3c02 | 0f85 e500 

  0x000001ecb33e4580: ;   {metadata(method data for {method} {0x000001ed1d23f078} 'assertOnRenderThreadOrInit' '()V' in 'com/mojang/blaze3d/systems/RenderSystem')}
  0x000001ecb33e4580: 0000 48ba | 7874 591e | ed01 0000 | 4883 8230 | 0100 0001 

  0x000001ecb33e4594: ;   {metadata(method data for {method} {0x000001ed1d23ef08} 'isOnRenderThread' '()Z' in 'com/mojang/blaze3d/systems/RenderSystem')}
  0x000001ecb33e4594: 48ba f000 | 571e ed01 | 0000 448b | 82cc 0000 | 0041 83c0 | 0244 8982 | cc00 0000 | 4181 e0fe 
  0x000001ecb33e45b4: ff1f 0045 | 85c0 0f84 | 1c62 0000 

  0x000001ecb33e45c0: ;   {metadata(method data for {method} {0x000001ed1d23ef08} 'isOnRenderThread' '()Z' in 'com/mojang/blaze3d/systems/RenderSystem')}
  0x000001ecb33e45c0: 48ba f000 | 571e ed01 | 0000 4883 | 8210 0100 | 0001 498b | 9788 0300 | 0048 8b12 

  0x000001ecb33e45dc: ;   {metadata(method data for {method} {0x000001ed1d23ef08} 'isOnRenderThread' '()Z' in 'com/mojang/blaze3d/systems/RenderSystem')}
  0x000001ecb33e45dc: 483b d648 | baf0 0057 | 1eed 0100 | 0049 b820 | 0100 0000 | 0000 0075 | 0a49 b830 | 0100 0000 
  0x000001ecb33e45fc: 0000 004a | 8b34 0248 | 8d76 014a | 8934 020f | 851a 0000 

  0x000001ecb33e4610: ;   {metadata(method data for {method} {0x000001ed1d23ef08} 'isOnRenderThread' '()Z' in 'com/mojang/blaze3d/systems/RenderSystem')}
  0x000001ecb33e4610: 0048 baf0 | 0057 1eed | 0100 00ff | 8240 0100 | 00ba 0100 | 0000 e905 | 0000 00ba | 0000 0000 
  0x000001ecb33e4630: 83e2 0185 

  0x000001ecb33e4634: ;   {metadata(method data for {method} {0x000001ed1d23f078} 'assertOnRenderThreadOrInit' '()V' in 'com/mojang/blaze3d/systems/RenderSystem')}
  0x000001ecb33e4634: d248 ba78 | 7459 1eed | 0100 0049 | b850 0100 | 0000 0000 | 0074 0a49 | b840 0100 | 0000 0000 
  0x000001ecb33e4654: 004a 8b34 | 0248 8d76 | 014a 8934 | 020f 8492 

  0x000001ecb33e4664: ;   {metadata(method data for {method} {0x000001ed1d605160} '_glBindFramebuffer' '(II)V' in 'com/mojang/blaze3d/platform/GlStateManager')}
  0x000001ecb33e4664: 4600 0048 | bae0 8a89 | 1eed 0100 | 0048 8382 | 2001 0000 

  0x000001ecb33e4678: ;   {metadata(method data for {method} {0x000001ed1d867b88} 'glBindFramebuffer' '(II)V' in 'org/lwjgl/opengl/GL30')}
  0x000001ecb33e4678: 0148 ba80 | 3088 1eed | 0100 0044 | 8b82 cc00 | 0000 4183 | c002 4489 | 82cc 0000 | 0041 81e0 
  0x000001ecb33e4698: feff 1f00 | 4585 c00f | 8458 6100 

  0x000001ecb33e46a4: ;   {metadata(method data for {method} {0x000001ed1d867b88} 'glBindFramebuffer' '(II)V' in 'org/lwjgl/opengl/GL30')}
  0x000001ecb33e46a4: 0048 ba80 | 3088 1eed | 0100 0048 | 8382 1001 | 0000 01ba | 408d 0000 | 41b8 0000 | 0000 0f1f 
  0x000001ecb33e46c4: ;   {static_call}
  0x000001ecb33e46c4: 4400 00e8 

  0x000001ecb33e46c8: ; ImmutableOopMap {[216]=Oop }
                      ;*invokestatic glBindFramebuffer {reexecute=0 rethrow=0 return_oop=0}
                      ; - org.lwjgl.opengl.GL30::glBindFramebuffer@2 (line 1619)
                      ; - com.mojang.blaze3d.platform.GlStateManager::_glBindFramebuffer@5 (line 336)
                      ; - com.mojang.blaze3d.pipeline.RenderTarget::unbindWrite@20 (line 206)
                      ; - net.minecraft.client.Minecraft::runTick@517 (line 1209)
  0x000001ecb33e46c8: 145e 9606 

  0x000001ecb33e46cc: ;   {other}
  0x000001ecb33e46cc: 0f1f 8400 | bc66 0031 | 488b 9424 | d800 0000 | 8b9a 0c01 | 0000 48c1 | e303 448b | 8290 0000 
  0x000001ecb33e46ec: 0049 c1e0 | 0349 3b00 

  0x000001ecb33e46f4: ;   {metadata(method data for {method} {0x000001ed0c798a18} 'runTick' '(Z)V' in 'net/minecraft/client/Minecraft')}
  0x000001ecb33e46f4: 4d8b c848 | bf00 80cd | 1eed 0100 | 0048 8387 | 680d 0000 | 0145 8b48 | 3c49 8bf8 

  0x000001ecb33e4710: ;   {metadata(method data for {method} {0x000001ed0c798a18} 'runTick' '(Z)V' in 'net/minecraft/client/Minecraft')}
  0x000001ecb33e4710: 48b9 0080 | cd1e ed01 | 0000 4883 | 81a0 0d00 | 0001 418b | 7840 483b | 034c 8bc3 

  0x000001ecb33e472c: ;   {metadata(method data for {method} {0x000001ed0c798a18} 'runTick' '(Z)V' in 'net/minecraft/client/Minecraft')}
  0x000001ecb33e472c: 48b9 0080 | cd1e ed01 | 0000 458b | 4008 49ba | 0000 00ca | ec01 0000 | 4d03 c24c | 3b81 e80d 
  0x000001ecb33e474c: 0000 750d | 4883 81f0 | 0d00 0001 | e960 0000 | 004c 3b81 | f80d 0000 | 750d 4883 | 8100 0e00 
  0x000001ecb33e476c: 0001 e94a | 0000 0048 | 83b9 e80d | 0000 0075 | 174c 8981 | e80d 0000 | 48c7 81f0 | 0d00 0001 
  0x000001ecb33e478c: 0000 00e9 | 2900 0000 | 4883 b9f8 | 0d00 0000 | 7517 4c89 | 81f8 0d00 | 0048 c781 | 000e 0000 
  0x000001ecb33e47ac: 0100 0000 | e908 0000 | 0048 8381 | d80d 0000 

  0x000001ecb33e47bc: ;   {metadata(method data for {method} {0x000001ed1d2519a0} 'blitToScreen' '(II)V' in 'com/mojang/blaze3d/pipeline/RenderTarget')}
  0x000001ecb33e47bc: 0149 b8b8 | f2cd 1eed | 0100 0041 | 8b88 cc00 | 0000 83c1 | 0241 8988 | cc00 0000 | 81e1 feff 
  0x000001ecb33e47dc: 1f00 85c9 | 0f84 4260 | 0000 4c8b 

  0x000001ecb33e47e8: ;   {metadata(method data for {method} {0x000001ed1d2519a0} 'blitToScreen' '(II)V' in 'com/mojang/blaze3d/pipeline/RenderTarget')}
  0x000001ecb33e47e8: c348 b9b8 | f2cd 1eed | 0100 0045 | 8b40 0849 | ba00 0000 | caec 0100 | 004d 03c2 | 4c3b 8120 
  0x000001ecb33e4808: 0100 0075 | 0d48 8381 | 2801 0000 | 01e9 6000 | 0000 4c3b | 8130 0100 | 0075 0d48 | 8381 3801 
  0x000001ecb33e4828: 0000 01e9 | 4a00 0000 | 4883 b920 | 0100 0000 | 7517 4c89 | 8120 0100 | 0048 c781 | 2801 0000 
  0x000001ecb33e4848: 0100 0000 | e929 0000 | 0048 83b9 | 3001 0000 | 0075 174c | 8981 3001 | 0000 48c7 | 8138 0100 
  0x000001ecb33e4868: 0001 0000 | 00e9 0800 | 0000 4883 | 8110 0100 

  0x000001ecb33e4878: ;   {metadata(method data for {method} {0x000001ed1d251a70} 'blitToScreen' '(IIZ)V' in 'com/mojang/blaze3d/pipeline/RenderTarget')}
  0x000001ecb33e4878: 0001 49b8 | 50f4 cd1e | ed01 0000 | 418b 88cc | 0000 0083 | c102 4189 | 88cc 0000 | 0081 e1fe 
  0x000001ecb33e4898: ff1f 0085 | c90f 84a6 | 5f00 004c 

  0x000001ecb33e48a4: ;   {metadata(method data for {method} {0x000001ed1d251a70} 'blitToScreen' '(IIZ)V' in 'com/mojang/blaze3d/pipeline/RenderTarget')}
  0x000001ecb33e48a4: 8bc3 48b9 | 50f4 cd1e | ed01 0000 | 4883 8110 | 0100 0001 | 4d8b c14c | 8bcf bf01 | 0000 0048 
  0x000001ecb33e48c4: ;   {optimized virtual_call}
  0x000001ecb33e48c4: 8bd3 90e8 

  0x000001ecb33e48c8: ; ImmutableOopMap {[216]=Oop }
                      ;*invokevirtual _blitToScreen {reexecute=0 rethrow=0 return_oop=0}
                      ; - com.mojang.blaze3d.pipeline.RenderTarget::blitToScreen@4 (line 222)
                      ; - com.mojang.blaze3d.pipeline.RenderTarget::blitToScreen@4 (line 218)
                      ; - net.minecraft.client.Minecraft::runTick@538 (line 1210)
  0x000001ecb33e48c8: b4b9 0b00 

  0x000001ecb33e48cc: ;   {other}
  0x000001ecb33e48cc: 0f1f 8400 | bc68 0032 

  0x000001ecb33e48d4: ;   {metadata(method data for {method} {0x000001ed0c798a18} 'runTick' '(Z)V' in 'net/minecraft/client/Minecraft')}
  0x000001ecb33e48d4: 48ba 0080 | cd1e ed01 | 0000 4883 | 8210 0e00 

  0x000001ecb33e48e4: ;   {metadata(method data for {method} {0x000001ed0ce5c128} 'getNanos' '()J' in 'net/minecraft/Util')}
  0x000001ecb33e48e4: 0001 48ba | f0fb 821e | ed01 0000 | 8bb2 cc00 | 0000 83c6 | 0289 b2cc | 0000 0081 | e6fe ff1f 
  0x000001ecb33e4904: 0085 f60f | 845d 5f00 

  0x000001ecb33e490c: ;   {oop(a 'java/lang/Class'{0x000000070234b250} = 'net/minecraft/Util')}
  0x000001ecb33e490c: 0048 ba50 | b234 0207 | 0000 008b | 928c 0000 | 0048 c1e2 | 0348 3b02 

  0x000001ecb33e4924: ;   {metadata(method data for {method} {0x000001ed0ce5c128} 'getNanos' '()J' in 'net/minecraft/Util')}
  0x000001ecb33e4924: 488b f248 | bff0 fb82 | 1eed 0100 | 008b 7608 | 49ba 0000 | 00ca ec01 | 0000 4903 | f248 3bb7 
  0x000001ecb33e4944: 2001 0000 | 750d 4883 | 8728 0100 | 0001 e960 | 0000 0048 | 3bb7 3001 | 0000 750d | 4883 8738 
  0x000001ecb33e4964: 0100 0001 | e94a 0000 | 0048 83bf | 2001 0000 | 0075 1748 | 89b7 2001 | 0000 48c7 | 8728 0100 
  0x000001ecb33e4984: 0001 0000 | 00e9 2900 | 0000 4883 | bf30 0100 | 0000 7517 | 4889 b730 | 0100 0048 | c787 3801 
  0x000001ecb33e49a4: 0000 0100 | 0000 e908 | 0000 0048 | 8387 1001 | 0000 0166 | 0f1f 4400 | 0048 b818 | 9bcd cbec 
  0x000001ecb33e49c4: ;   {virtual_call}
  0x000001ecb33e49c4: 0100 00e8 

  0x000001ecb33e49c8: ; ImmutableOopMap {[216]=Oop }
                      ;*invokeinterface getAsLong {reexecute=0 rethrow=0 return_oop=0}
                      ; - net.minecraft.Util::getNanos@3 (line 138)
                      ; - net.minecraft.client.Minecraft::runTick@542 (line 1211)
  0x000001ecb33e49c8: 5463 d306 

  0x000001ecb33e49cc: ;   {other}
  0x000001ecb33e49cc: 0f1f 8400 | bc69 0033 | 488b 9c24 | 2801 0000 | 482b c348 | 8b94 24d8 | 0000 0048 | 8942 388b 
  0x000001ecb33e49ec: b424 3801 | 0000 85f6 

  0x000001ecb33e49f4: ;   {metadata(method data for {method} {0x000001ed0c798a18} 'runTick' '(Z)V' in 'net/minecraft/client/Minecraft')}
  0x000001ecb33e49f4: 48bf 0080 | cd1e ed01 | 0000 48bb | 200e 0000 | 0000 0000 | 740a 48bb | 300e 0000 | 0000 0000 
  0x000001ecb33e4a14: 488b 041f | 488d 4001 | 4889 041f | 89b4 2438 | 0100 000f | 84e7 0100 

  0x000001ecb33e4a2c: ;   {static_call}
  0x000001ecb33e4a2c: 0066 90e8 

  0x000001ecb33e4a30: ; ImmutableOopMap {[216]=Oop }
                      ;*invokestatic getInstance {reexecute=0 rethrow=0 return_oop=0}
                      ; - net.minecraft.client.Minecraft::runTick@556 (line 1213)
  0x000001ecb33e4a30: 4ca6 fe05 

  0x000001ecb33e4a34: ;   {other}
  0x000001ecb33e4a34: 0f1f 8400 | 246a 0034 | 0f1f 4000 

  0x000001ecb33e4a40: ;   {no_reloc}
  0x000001ecb33e4a40: e95a 5e00 | 0090 9090 | 9090 488b | 9424 d800 | 0000 4889 | 8424 9801 | 0000 0f1f 

  0x000001ecb33e4a5c: ;   {static_call}
  0x000001ecb33e4a5c: 4400 00e8 

  0x000001ecb33e4a60: ; ImmutableOopMap {[216]=Oop [408]=Oop }
                      ;*invokedynamic {reexecute=0 rethrow=0 return_oop=0}
                      ; - net.minecraft.client.Minecraft::runTick@560 (line 1213)
  0x000001ecb33e4a60: 1ca6 fe05 

  0x000001ecb33e4a64: ;   {other}
  0x000001ecb33e4a64: 0f1f 8400 | 546a 0035 

  0x000001ecb33e4a6c: ;   {metadata(method data for {method} {0x000001ed0c798a18} 'runTick' '(Z)V' in 'net/minecraft/client/Minecraft')}
  0x000001ecb33e4a6c: 49b8 0080 | cd1e ed01 | 0000 4d8d | 8070 0e00 | 0048 85c0 | 750d 41f6 | 0001 754c | f049 8308 
  0x000001ecb33e4a8c: 01eb 458b | 5008 49ba | 0000 00ca | ec01 0000 | 4903 d24c | 8bd2 4933 | 1048 f7c2 | fcff ffff 
  0x000001ecb33e4aac: 7426 f6c2 | 0275 2149 | f700 feff | ffff 7415 | 498b d249 | 3310 48f7 | c2fc ffff | ff74 0949 
  0x000001ecb33e4acc: 8308 02eb | 0349 8910 | 4c8b 8424 | 9801 0000 

  0x000001ecb33e4adc: ; implicit exception: dispatches to 0x000001ecb33ea8a9
  0x000001ecb33e4adc: 493b 0049 

  0x000001ecb33e4ae0: ;   {metadata(method data for {method} {0x000001ed0c798a18} 'runTick' '(Z)V' in 'net/minecraft/client/Minecraft')}
  0x000001ecb33e4ae0: 8bd0 48be | 0080 cd1e | ed01 0000 | 4883 8680 | 0e00 0001 

  0x000001ecb33e4af4: ;   {metadata(method data for {method} {0x000001ecca0ea7e0} 'ifPresent' '(Ljava/util/function/Consumer;)V' in 'java/util/Optional')}
  0x000001ecb33e4af4: 48ba 00b3 | 080b ed01 | 0000 8bb2 | cc00 0000 | 83c6 0289 | b2cc 0000 | 0081 e6fe | ff1f 0085 
  0x000001ecb33e4b14: f60f 8493 | 5d00 0045 | 8b40 0c49 | c1e0 034d 

  0x000001ecb33e4b24: ;   {metadata(method data for {method} {0x000001ecca0ea7e0} 'ifPresent' '(Ljava/util/function/Consumer;)V' in 'java/util/Optional')}
  0x000001ecb33e4b24: 85c0 48ba | 00b3 080b | ed01 0000 | 48be 1001 | 0000 0000 | 0000 740a | 48be 2001 | 0000 0000 
  0x000001ecb33e4b44: 0000 488b | 3c32 488d | 7f01 4889 | 3c32 0f84 | b400 0000 

  0x000001ecb33e4b58: ; implicit exception: dispatches to 0x000001ecb33ea8cf
  0x000001ecb33e4b58: 483b 0048 

  0x000001ecb33e4b5c: ;   {metadata(method data for {method} {0x000001ecca0ea7e0} 'ifPresent' '(Ljava/util/function/Consumer;)V' in 'java/util/Optional')}
  0x000001ecb33e4b5c: 8bd0 48be | 00b3 080b | ed01 0000 | 8b52 0849 | ba00 0000 | caec 0100 | 0049 03d2 | 483b 9640 
  0x000001ecb33e4b7c: 0100 0075 | 0d48 8386 | 4801 0000 | 01e9 6000 | 0000 483b | 9650 0100 | 0075 0d48 | 8386 5801 
  0x000001ecb33e4b9c: 0000 01e9 | 4a00 0000 | 4883 be40 | 0100 0000 | 7517 4889 | 9640 0100 | 0048 c786 | 4801 0000 
  0x000001ecb33e4bbc: 0100 0000 | e929 0000 | 0048 83be | 5001 0000 | 0075 1748 | 8996 5001 | 0000 48c7 | 8658 0100 
  0x000001ecb33e4bdc: 0001 0000 | 00e9 0800 | 0000 4883 | 8630 0100 | 0001 488b | d00f 1f40 | 0048 b8ff | ffff ffff 
  0x000001ecb33e4bfc: ;   {virtual_call}
  0x000001ecb33e4bfc: ffff ffe8 

  0x000001ecb33e4c00: ; ImmutableOopMap {[216]=Oop }
                      ;*invokeinterface accept {reexecute=0 rethrow=0 return_oop=0}
                      ; - java.util.Optional::ifPresent@12 (line 178)
                      ; - net.minecraft.client.Minecraft::runTick@565 (line 1213)
  0x000001ecb33e4c00: 7ca1 fe05 

  0x000001ecb33e4c04: ;   {other}
  0x000001ecb33e4c04: 0f1f 8400 | f46b 0036 | 488b 9424 | d800 0000 | 8bb2 b801 | 0000 48c1 | e603 4885 | f60f 8429 
  0x000001ecb33e4c24: ;   {metadata('net/minecraft/util/profiling/InactiveProfiler')}
  0x000001ecb33e4c24: 0000 0048 | b9c0 72c9 | cbec 0100 | 008b 4608 | 49ba 0000 | 00ca ec01 | 0000 4903 | c248 3b48 
  0x000001ecb33e4c44: 380f 8589 | 5c00 00e9 | 0000 0000 | 488b fe48 

  0x000001ecb33e4c54: ;   {metadata(method data for {method} {0x000001ed0c798a18} 'runTick' '(Z)V' in 'net/minecraft/client/Minecraft')}
  0x000001ecb33e4c54: 3b06 48bf | 0080 cd1e | ed01 0000 

  0x000001ecb33e4c60: ;   {metadata('net/minecraft/util/profiling/InactiveProfiler')}
  0x000001ecb33e4c60: 49ba c072 | c9cb ec01 | 0000 4c89 | 97c8 0e00 | 0048 8387 | d00e 0000 

  0x000001ecb33e4c78: ;   {metadata(method data for {method} {0x000001ed1d2bf8c8} 'popPush' '(Ljava/lang/String;)V' in 'net/minecraft/util/profiling/InactiveProfiler')}
  0x000001ecb33e4c78: 0148 beb8 | 7183 1eed | 0100 008b | becc 0000 | 0083 c702 | 89be cc00 | 0000 81e7 | feff 1f00 
  0x000001ecb33e4c98: 85ff 0f84 | 3e5c 0000 | 8bb2 9000 | 0000 48c1 | e603 4889 | b424 a801 | 0000 483b | 0648 8bfe 
  0x000001ecb33e4cb8: ;   {metadata(method data for {method} {0x000001ed0c798a18} 'runTick' '(Z)V' in 'net/minecraft/client/Minecraft')}
  0x000001ecb33e4cb8: 48bb 0080 | cd1e ed01 | 0000 4883 | 83f0 0e00 

  0x000001ecb33e4cc8: ;   {metadata(method data for {method} {0x000001ed1d464910} 'updateDisplay' '()V' in 'com/mojang/blaze3d/platform/Window')}
  0x000001ecb33e4cc8: 0001 48bf | 78fa cd1e | ed01 0000 | 8b9f cc00 | 0000 83c3 | 0289 9fcc | 0000 0081 | e3fe ff1f 
  0x000001ecb33e4ce8: 0085 db0f | 8413 5c00 | 0048 8b7e | 1048 89bc | 24a0 0100 

  0x000001ecb33e4cfc: ;   {metadata(method data for {method} {0x000001ed1d464910} 'updateDisplay' '()V' in 'com/mojang/blaze3d/platform/Window')}
  0x000001ecb33e4cfc: 0048 bb78 | facd 1eed | 0100 0048 | 8383 1001 

  0x000001ecb33e4d0c: ;   {metadata(method data for {method} {0x000001ed1d23f4d0} 'flipFrame' '(J)V' in 'com/mojang/blaze3d/systems/RenderSystem')}
  0x000001ecb33e4d0c: 0000 0148 | bb30 fccd | 1eed 0100 | 008b 83cc | 0000 0083 | c002 8983 | cc00 0000 | 25fe ff1f 
  0x000001ecb33e4d2c: 0085 c00f | 84f0 5b00 

  0x000001ecb33e4d34: ;   {metadata(method data for {method} {0x000001ed1d23f4d0} 'flipFrame' '(J)V' in 'com/mojang/blaze3d/systems/RenderSystem')}
  0x000001ecb33e4d34: 0048 bb30 | fccd 1eed | 0100 0048 | 8383 1001 

  0x000001ecb33e4d44: ;   {metadata(method data for {method} {0x000001ed1d23f348} 'pollEvents' '()V' in 'com/mojang/blaze3d/systems/RenderSystem')}
  0x000001ecb33e4d44: 0000 0148 | bb70 79c6 | 1eed 0100 | 008b 83cc | 0000 0083 | c002 8983 | cc00 0000 | 25fe ff1f 
  0x000001ecb33e4d64: 0085 c00f | 84d9 5b00 

  0x000001ecb33e4d6c: ;   {metadata(method data for {method} {0x000001ed1d23f348} 'pollEvents' '()V' in 'com/mojang/blaze3d/systems/RenderSystem')}
  0x000001ecb33e4d6c: 0048 bb70 | 79c6 1eed | 0100 0048 | 8383 1001 

  0x000001ecb33e4d7c: ;   {metadata(method data for {method} {0x000001ed0ce5c088} 'getMillis' '()J' in 'net/minecraft/Util')}
  0x000001ecb33e4d7c: 0000 0148 | bb90 f782 | 1eed 0100 | 008b 83cc | 0000 0083 | c002 8983 | cc00 0000 | 25fe ff1f 
  0x000001ecb33e4d9c: 0085 c00f | 84c2 5b00 

  0x000001ecb33e4da4: ;   {metadata(method data for {method} {0x000001ed0ce5c088} 'getMillis' '()J' in 'net/minecraft/Util')}
  0x000001ecb33e4da4: 0048 bb90 | f782 1eed | 0100 0048 | 8383 1001 

  0x000001ecb33e4db4: ;   {metadata(method data for {method} {0x000001ed0ce5c128} 'getNanos' '()J' in 'net/minecraft/Util')}
  0x000001ecb33e4db4: 0000 0148 | bbf0 fb82 | 1eed 0100 | 008b 83cc | 0000 0083 | c002 8983 | cc00 0000 | 25fe ff1f 
  0x000001ecb33e4dd4: 0085 c00f | 84ab 5b00 

  0x000001ecb33e4ddc: ;   {oop(a 'java/lang/Class'{0x000000070234b250} = 'net/minecraft/Util')}
  0x000001ecb33e4ddc: 0048 bb50 | b234 0207 | 0000 008b | 9b8c 0000 | 0048 c1e3 | 0348 3b03 

  0x000001ecb33e4df4: ;   {metadata(method data for {method} {0x000001ed0ce5c128} 'getNanos' '()J' in 'net/minecraft/Util')}
  0x000001ecb33e4df4: 488b c348 | b9f0 fb82 | 1eed 0100 | 008b 4008 | 49ba 0000 | 00ca ec01 | 0000 4903 | c248 3b81 
  0x000001ecb33e4e14: 2001 0000 | 750d 4883 | 8128 0100 | 0001 e960 | 0000 0048 | 3b81 3001 | 0000 750d | 4883 8138 
  0x000001ecb33e4e34: 0100 0001 | e94a 0000 | 0048 83b9 | 2001 0000 | 0075 1748 | 8981 2001 | 0000 48c7 | 8128 0100 
  0x000001ecb33e4e54: 0001 0000 | 00e9 2900 | 0000 4883 | b930 0100 | 0000 7517 | 4889 8130 | 0100 0048 | c781 3801 
  0x000001ecb33e4e74: 0000 0100 | 0000 e908 | 0000 0048 | 8381 1001 | 0000 0148 | 8bd3 6666 | 9048 b818 | 9bcd cbec 
  0x000001ecb33e4e94: ;   {virtual_call}
  0x000001ecb33e4e94: 0100 00e8 

  0x000001ecb33e4e98: ; ImmutableOopMap {[216]=Oop [424]=Oop }
                      ;*invokeinterface getAsLong {reexecute=0 rethrow=0 return_oop=0}
                      ; - net.minecraft.Util::getNanos@3 (line 138)
                      ; - net.minecraft.Util::getMillis@0 (line 134)
                      ; - com.mojang.blaze3d.systems.RenderSystem::pollEvents@3 (line 132)
                      ; - com.mojang.blaze3d.systems.RenderSystem::flipFrame@0 (line 143)
                      ; - com.mojang.blaze3d.platform.Window::updateDisplay@4 (line 290)
                      ; - net.minecraft.client.Minecraft::runTick@584 (line 1217)
  0x000001ecb33e4e98: 845e d306 

  0x000001ecb33e4e9c: ;   {other}
  0x000001ecb33e4e9c: 0f1f 8400 | 8c6e 0037 | 48b9 4042 | 0f00 0000 | 0000 488b | d048 8bf1 | 488b ce48 | 83fe 000f 
  0x000001ecb33e4ebc: 84ed 5a00 

  0x000001ecb33e4ec0: ;   {runtime_call}
  0x000001ecb33e4ec0: 0048 b810 | 9fff 33f9 | 7f00 00ff 

  0x000001ecb33e4ecc: ;   {other}
  0x000001ecb33e4ecc: d00f 1f84 | 0000 0000 

  0x000001ecb33e4ed4: ;   {oop(a 'java/util/concurrent/atomic/AtomicLong'{0x000000070a534710})}
  0x000001ecb33e4ed4: 0048 ba10 | 4753 0a07 | 0000 004c 

  0x000001ecb33e4ee0: ;   {metadata(method data for {method} {0x000001ed1d23f348} 'pollEvents' '()V' in 'com/mojang/blaze3d/systems/RenderSystem')}
  0x000001ecb33e4ee0: 8bc2 48be | 7079 c61e | ed01 0000 | 4883 8620 | 0100 0001 

  0x000001ecb33e4ef4: ;   {optimized virtual_call}
  0x000001ecb33e4ef4: 4c8b c0e8 

  0x000001ecb33e4ef8: ; ImmutableOopMap {[216]=Oop [424]=Oop }
                      ;*invokevirtual set {reexecute=0 rethrow=0 return_oop=0}
                      ; - com.mojang.blaze3d.systems.RenderSystem::pollEvents@6 (line 132)
                      ; - com.mojang.blaze3d.systems.RenderSystem::flipFrame@0 (line 143)
                      ; - com.mojang.blaze3d.platform.Window::updateDisplay@4 (line 290)
                      ; - net.minecraft.client.Minecraft::runTick@584 (line 1217)
  0x000001ecb33e4ef8: 44fd dc06 

  0x000001ecb33e4efc: ;   {other}
  0x000001ecb33e4efc: 0f1f 8400 | ec6e 0038 

  0x000001ecb33e4f04: ;   {oop(a 'java/util/concurrent/atomic/AtomicBoolean'{0x000000070a534700})}
  0x000001ecb33e4f04: 48ba 0047 | 530a 0700 

  0x000001ecb33e4f0c: ;   {metadata(method data for {method} {0x000001ed1d23f348} 'pollEvents' '()V' in 'com/mojang/blaze3d/systems/RenderSystem')}
  0x000001ecb33e4f0c: 0000 48be | 7079 c61e | ed01 0000 | 4883 8658 | 0100 0001 

  0x000001ecb33e4f20: ;   {metadata(method data for {method} {0x000001ed0b9d1400} 'set' '(Z)V' in 'java/util/concurrent/atomic/AtomicBoolean')}
  0x000001ecb33e4f20: 48ba 08d8 | da0c ed01 | 0000 8bb2 | cc00 0000 | 83c6 0289 | b2cc 0000 | 0081 e6fe | ff1f 0085 
  0x000001ecb33e4f40: f60f 846c 

  0x000001ecb33e4f44: ;   {metadata(method data for {method} {0x000001ed0b9d1400} 'set' '(Z)V' in 'java/util/concurrent/atomic/AtomicBoolean')}
  0x000001ecb33e4f44: 5a00 0048 | ba08 d8da | 0ced 0100 | 00ff 8220 

  0x000001ecb33e4f54: ;   {metadata(method data for {method} {0x000001ed0b9d1400} 'set' '(Z)V' in 'java/util/concurrent/atomic/AtomicBoolean')}
  0x000001ecb33e4f54: 0100 0048 | ba08 d8da | 0ced 0100 | 00ff 8230 

  0x000001ecb33e4f64: ;   {oop(a 'java/util/concurrent/atomic/AtomicBoolean'{0x000000070a534700})}
  0x000001ecb33e4f64: 0100 0048 | ba00 4753 | 0a07 0000 | 00be 0100 | 0000 8972 | 0cf0 8344 

  0x000001ecb33e4f7c: ;   {metadata(method data for {method} {0x000001ed1d23f348} 'pollEvents' '()V' in 'com/mojang/blaze3d/systems/RenderSystem')}
  0x000001ecb33e4f7c: 24c0 0048 | ba70 79c6 | 1eed 0100 | 0048 8382 | 9001 0000 

  0x000001ecb33e4f90: ;   {metadata(method data for {method} {0x000001ed0bd31f18} 'glfwPollEvents' '()V' in 'org/lwjgl/glfw/GLFW')}
  0x000001ecb33e4f90: 0148 ba40 | f20b 1eed | 0100 008b | b2cc 0000 | 0083 c602 | 89b2 cc00 | 0000 81e6 | feff 1f00 
  0x000001ecb33e4fb0: 85f6 0f84 | 215a 0000 

  0x000001ecb33e4fb8: ;   {metadata(method data for {method} {0x000001ed0bd31f18} 'glfwPollEvents' '()V' in 'org/lwjgl/glfw/GLFW')}
  0x000001ecb33e4fb8: 48ba 40f2 | 0b1e ed01 | 0000 4883 | 8210 0100 | 0001 48ba | 5075 bf49 | f97f 0000 

  0x000001ecb33e4fd4: ;   {static_call}
  0x000001ecb33e4fd4: 6666 90e8 

  0x000001ecb33e4fd8: ; ImmutableOopMap {[216]=Oop [424]=Oop }
                      ;*invokestatic invokeV {reexecute=0 rethrow=0 return_oop=0}
                      ; - org.lwjgl.glfw.GLFW::glfwPollEvents@5 (line 3438)
                      ; - com.mojang.blaze3d.systems.RenderSystem::pollEvents@16 (line 134)
                      ; - com.mojang.blaze3d.systems.RenderSystem::flipFrame@0 (line 143)
                      ; - com.mojang.blaze3d.platform.Window::updateDisplay@4 (line 290)
                      ; - net.minecraft.client.Minecraft::runTick@584 (line 1217)
  0x000001ecb33e4fd8: 04ac aa06 

  0x000001ecb33e4fdc: ;   {other}
  0x000001ecb33e4fdc: 0f1f 8400 | cc6f 0039 

  0x000001ecb33e4fe4: ;   {oop(a 'java/util/concurrent/atomic/AtomicBoolean'{0x000000070a534700})}
  0x000001ecb33e4fe4: 48be 0047 | 530a 0700 

  0x000001ecb33e4fec: ;   {metadata(method data for {method} {0x000001ed1d23f348} 'pollEvents' '()V' in 'com/mojang/blaze3d/systems/RenderSystem')}
  0x000001ecb33e4fec: 0000 48bf | 7079 c61e | ed01 0000 | 4883 87a0 | 0100 0001 

  0x000001ecb33e5000: ;   {metadata(method data for {method} {0x000001ed0b9d1400} 'set' '(Z)V' in 'java/util/concurrent/atomic/AtomicBoolean')}
  0x000001ecb33e5000: 48be 08d8 | da0c ed01 | 0000 8bbe | cc00 0000 | 83c7 0289 | becc 0000 | 0081 e7fe | ff1f 0085 
  0x000001ecb33e5020: ff0f 84d3 

  0x000001ecb33e5024: ;   {metadata(method data for {method} {0x000001ed0b9d1400} 'set' '(Z)V' in 'java/util/concurrent/atomic/AtomicBoolean')}
  0x000001ecb33e5024: 5900 0048 | be08 d8da | 0ced 0100 | 00ff 8610 

  0x000001ecb33e5034: ;   {oop(a 'java/util/concurrent/atomic/AtomicBoolean'{0x000000070a534700})}
  0x000001ecb33e5034: 0100 0048 | be00 4753 | 0a07 0000 | 00bf 0000 | 0000 897e | 0cf0 8344 

  0x000001ecb33e504c: ;   {metadata(method data for {method} {0x000001ed1d23f4d0} 'flipFrame' '(J)V' in 'com/mojang/blaze3d/systems/RenderSystem')}
  0x000001ecb33e504c: 24c0 0048 | be30 fccd | 1eed 0100 | 0048 8386 | 2001 0000 | 0166 0f1f 

  0x000001ecb33e5064: ;   {static_call}
  0x000001ecb33e5064: 4400 00e8 

  0x000001ecb33e5068: ; ImmutableOopMap {[216]=Oop [424]=Oop }
                      ;*invokestatic replayQueue {reexecute=0 rethrow=0 return_oop=0}
                      ; - com.mojang.blaze3d.systems.RenderSystem::flipFrame@3 (line 144)
                      ; - com.mojang.blaze3d.platform.Window::updateDisplay@4 (line 290)
                      ; - net.minecraft.client.Minecraft::runTick@584 (line 1217)
  0x000001ecb33e5068: 14a4 0b00 

  0x000001ecb33e506c: ;   {other}
  0x000001ecb33e506c: 0f1f 8400 | 5c70 003a 

  0x000001ecb33e5074: ;   {metadata(method data for {method} {0x000001ed1d23f4d0} 'flipFrame' '(J)V' in 'com/mojang/blaze3d/systems/RenderSystem')}
  0x000001ecb33e5074: 49b8 30fc | cd1e ed01 | 0000 4983 | 8030 0100 

  0x000001ecb33e5084: ;   {metadata(method data for {method} {0x000001ed1d247aa8} 'getInstance' '()Lcom/mojang/blaze3d/vertex/Tesselator;' in 'com/mojang/blaze3d/vertex/Tesselator')}
  0x000001ecb33e5084: 0001 49b8 | 3013 841e | ed01 0000 | 418b 90cc | 0000 0083 | c202 4189 | 90cc 0000 | 0081 e2fe 
  0x000001ecb33e50a4: ff1f 0085 | d20f 846c 

  0x000001ecb33e50ac: ;   {oop(a 'java/lang/Class'{0x000000070a534540} = 'com/mojang/blaze3d/vertex/Tesselator')}
  0x000001ecb33e50ac: 5900 0049 | b840 4553 | 0a07 0000 | 0045 8b40 | 7049 c1e0 | 034d 85c0 

  0x000001ecb33e50c4: ;   {metadata(method data for {method} {0x000001ed1d247aa8} 'getInstance' '()Lcom/mojang/blaze3d/vertex/Tesselator;' in 'com/mojang/blaze3d/vertex/Tesselator')}
  0x000001ecb33e50c4: 48ba 3013 | 841e ed01 | 0000 48be | 2001 0000 | 0000 0000 | 740a 48be | 1001 0000 | 0000 0000 
  0x000001ecb33e50e4: 488b 3c32 | 488d 7f01 | 4889 3c32 | 0f84 5b3b | 0000 493b | 0049 8bd0 

  0x000001ecb33e50fc: ;   {metadata(method data for {method} {0x000001ed1d23f4d0} 'flipFrame' '(J)V' in 'com/mojang/blaze3d/systems/RenderSystem')}
  0x000001ecb33e50fc: 48be 30fc | cd1e ed01 

  0x000001ecb33e5104: ;   {metadata('com/mojang/blaze3d/vertex/Tesselator')}
  0x000001ecb33e5104: 0000 49ba | 0000 c8cb | ec01 0000 | 4c89 9650 | 0100 0048 | 8386 5801 

  0x000001ecb33e511c: ;   {metadata(method data for {method} {0x000001ed1d247da8} 'clear' '()V' in 'com/mojang/blaze3d/vertex/Tesselator')}
  0x000001ecb33e511c: 0000 0148 | ba10 fecd | 1eed 0100 | 008b b2cc | 0000 0083 | c602 89b2 | cc00 0000 | 81e6 feff 
  0x000001ecb33e513c: 1f00 85f6 | 0f84 fb58 | 0000 418b | 700c 48c1 | e603 4889 | b424 b001 | 0000 483b | 064c 8bc6 
  0x000001ecb33e515c: ;   {metadata(method data for {method} {0x000001ed1d247da8} 'clear' '()V' in 'com/mojang/blaze3d/vertex/Tesselator')}
  0x000001ecb33e515c: 48ba 10fe | cd1e ed01 

  0x000001ecb33e5164: ;   {metadata('com/mojang/blaze3d/vertex/ByteBufferBuilder')}
  0x000001ecb33e5164: 0000 49ba | 1002 c8cb | ec01 0000 | 4c89 9220 | 0100 0048 | 8382 2801 

  0x000001ecb33e517c: ;   {metadata(method data for {method} {0x000001ed1d248b70} 'clear' '()V' in 'com/mojang/blaze3d/vertex/ByteBufferBuilder')}
  0x000001ecb33e517c: 0000 0149 | b858 2ece | 1eed 0100 | 0041 8b90 | cc00 0000 | 83c2 0241 | 8990 cc00 | 0000 81e2 
  0x000001ecb33e519c: feff 1f00 | 85d2 0f84 | bf58 0000 | 448b 4620 

  0x000001ecb33e51ac: ;   {metadata(method data for {method} {0x000001ed1d248b70} 'clear' '()V' in 'com/mojang/blaze3d/vertex/ByteBufferBuilder')}
  0x000001ecb33e51ac: 4585 c049 | b858 2ece | 1eed 0100 | 0048 ba10 | 0100 0000 | 0000 007e | 0a48 ba20 | 0100 0000 
  0x000001ecb33e51cc: 0000 0049 | 8b3c 1048 | 8d7f 0149 | 893c 100f | 8e53 0000 

  0x000001ecb33e51e0: ;   {oop(a 'org/apache/logging/slf4j/Log4jLogger'{0x000000070a4a4100})}
  0x000001ecb33e51e0: 0048 ba00 | 414a 0a07 | 0000 004c 

  0x000001ecb33e51ec: ;   {metadata(method data for {method} {0x000001ed1d248b70} 'clear' '()V' in 'com/mojang/blaze3d/vertex/ByteBufferBuilder')}
  0x000001ecb33e51ec: 8bc2 48bf | 582e ce1e | ed01 0000 

  0x000001ecb33e51f8: ;   {metadata('org/apache/logging/slf4j/Log4jLogger')}
  0x000001ecb33e51f8: 49ba 189e | 18cb ec01 | 0000 4c89 | 9740 0100 | 0048 8387 | 4801 0000 

  0x000001ecb33e5210: ;   {oop("Clearing BufferBuilder with unused batches"{0x00000007139e85c8})}
  0x000001ecb33e5210: 0149 b8c8 | 859e 1307 | 0000 000f 

  0x000001ecb33e521c: ;   {optimized virtual_call}
  0x000001ecb33e521c: 1f40 00e8 

  0x000001ecb33e5220: ; ImmutableOopMap {[216]=Oop [424]=Oop [432]=Oop }
                      ;*invokeinterface warn {reexecute=0 rethrow=0 return_oop=0}
                      ; - com.mojang.blaze3d.vertex.ByteBufferBuilder::clear@12 (line 75)
                      ; - com.mojang.blaze3d.vertex.Tesselator::clear@4 (line 43)
                      ; - com.mojang.blaze3d.systems.RenderSystem::flipFrame@9 (line 145)
                      ; - com.mojang.blaze3d.platform.Window::updateDisplay@4 (line 290)
                      ; - net.minecraft.client.Minecraft::runTick@584 (line 1217)
  0x000001ecb33e5220: 5c98 fe05 

  0x000001ecb33e5224: ;   {other}
  0x000001ecb33e5224: 0f1f 8400 | 1472 003b | 488b b424 | b001 0000 

  0x000001ecb33e5234: ;   {metadata(method data for {method} {0x000001ed1d248b70} 'clear' '()V' in 'com/mojang/blaze3d/vertex/ByteBufferBuilder')}
  0x000001ecb33e5234: 488b d648 | bf58 2ece | 1eed 0100 

  0x000001ecb33e5240: ;   {metadata('com/mojang/blaze3d/vertex/ByteBufferBuilder')}
  0x000001ecb33e5240: 0049 ba10 | 02c8 cbec | 0100 004c | 8997 7801 | 0000 4883 | 8780 0100 

  0x000001ecb33e5258: ;   {metadata(method data for {method} {0x000001ed1d248c40} 'discard' '()V' in 'com/mojang/blaze3d/vertex/ByteBufferBuilder')}
  0x000001ecb33e5258: 0001 48ba | 3830 ce1e | ed01 0000 | 8bba cc00 | 0000 83c7 | 0289 bacc | 0000 0081 | e7fe ff1f 
  0x000001ecb33e5278: 0085 ff0f | 8407 5800 | 0048 8bd6 

  0x000001ecb33e5284: ;   {metadata(method data for {method} {0x000001ed1d248c40} 'discard' '()V' in 'com/mojang/blaze3d/vertex/ByteBufferBuilder')}
  0x000001ecb33e5284: 48bf 3830 | ce1e ed01 | 0000 4883 | 8710 0100 | 0001 488b | d666 0f1f 

  0x000001ecb33e529c: ;   {optimized virtual_call}
  0x000001ecb33e529c: 4400 00e8 

  0x000001ecb33e52a0: ; ImmutableOopMap {[216]=Oop [424]=Oop [432]=Oop }
                      ;*invokevirtual checkOpen {reexecute=0 rethrow=0 return_oop=0}
                      ; - com.mojang.blaze3d.vertex.ByteBufferBuilder::discard@1 (line 82)
                      ; - com.mojang.blaze3d.vertex.ByteBufferBuilder::clear@18 (line 78)
                      ; - com.mojang.blaze3d.vertex.Tesselator::clear@4 (line 43)
                      ; - com.mojang.blaze3d.systems.RenderSystem::flipFrame@9 (line 145)
                      ; - com.mojang.blaze3d.platform.Window::updateDisplay@4 (line 290)
                      ; - net.minecraft.client.Minecraft::runTick@584 (line 1217)
  0x000001ecb33e52a0: 1c1e e106 

  0x000001ecb33e52a4: ;   {other}
  0x000001ecb33e52a4: 0f1f 8400 | 9472 003c | 488b b424 | b001 0000 | 8b56 2085 

  0x000001ecb33e52b8: ;   {metadata(method data for {method} {0x000001ed1d248c40} 'discard' '()V' in 'com/mojang/blaze3d/vertex/ByteBufferBuilder')}
  0x000001ecb33e52b8: d248 ba38 | 30ce 1eed | 0100 0048 | bf48 0100 | 0000 0000 | 007e 0a48 | bf58 0100 | 0000 0000 
  0x000001ecb33e52d8: 0048 8b1c | 3a48 8d5b | 0148 891c | 3a0f 8e38 | 0000 0048 

  0x000001ecb33e52ec: ;   {metadata(method data for {method} {0x000001ed1d248c40} 'discard' '()V' in 'com/mojang/blaze3d/vertex/ByteBufferBuilder')}
  0x000001ecb33e52ec: 8bd6 48bf | 3830 ce1e | ed01 0000 | 4883 8768 | 0100 0001 | 488b d60f 

  0x000001ecb33e5304: ;   {optimized virtual_call}
  0x000001ecb33e5304: 1f40 00e8 

  0x000001ecb33e5308: ; ImmutableOopMap {[216]=Oop [424]=Oop [432]=Oop }
                      ;*invokevirtual discardResults {reexecute=0 rethrow=0 return_oop=0}
                      ; - com.mojang.blaze3d.vertex.ByteBufferBuilder::discard@12 (line 84)
                      ; - com.mojang.blaze3d.vertex.ByteBufferBuilder::clear@18 (line 78)
                      ; - com.mojang.blaze3d.vertex.Tesselator::clear@4 (line 43)
                      ; - com.mojang.blaze3d.systems.RenderSystem::flipFrame@9 (line 145)
                      ; - com.mojang.blaze3d.platform.Window::updateDisplay@4 (line 290)
                      ; - net.minecraft.client.Minecraft::runTick@584 (line 1217)
  0x000001ecb33e5308: 7497 fe05 

  0x000001ecb33e530c: ;   {other}
  0x000001ecb33e530c: 0f1f 8400 | fc72 003d | 488b b424 | b001 0000 | c746 2000 

  0x000001ecb33e5320: ;   {metadata(method data for {method} {0x000001ed1d23f4d0} 'flipFrame' '(J)V' in 'com/mojang/blaze3d/systems/RenderSystem')}
  0x000001ecb33e5320: 0000 0048 | ba30 fccd | 1eed 0100 | 0048 8382 | 7801 0000 | 0148 8b94 | 24a0 0100 

  0x000001ecb33e533c: ;   {static_call}
  0x000001ecb33e533c: 0066 90e8 

  0x000001ecb33e5340: ; ImmutableOopMap {[216]=Oop [424]=Oop }
                      ;*invokestatic glfwSwapBuffers {reexecute=0 rethrow=0 return_oop=0}
                      ; - com.mojang.blaze3d.systems.RenderSystem::flipFrame@13 (line 146)
                      ; - com.mojang.blaze3d.platform.Window::updateDisplay@4 (line 290)
                      ; - net.minecraft.client.Minecraft::runTick@584 (line 1217)
  0x000001ecb33e5340: 9c2f bafe 

  0x000001ecb33e5344: ;   {other}
  0x000001ecb33e5344: 0f1f 8400 | 3473 003e 

  0x000001ecb33e534c: ;   {metadata(method data for {method} {0x000001ed1d23f4d0} 'flipFrame' '(J)V' in 'com/mojang/blaze3d/systems/RenderSystem')}
  0x000001ecb33e534c: 48ba 30fc | cd1e ed01 | 0000 4883 | 8288 0100 

  0x000001ecb33e535c: ;   {metadata(method data for {method} {0x000001ed1d23f348} 'pollEvents' '()V' in 'com/mojang/blaze3d/systems/RenderSystem')}
  0x000001ecb33e535c: 0001 48ba | 7079 c61e | ed01 0000 | 8bb2 cc00 | 0000 83c6 | 0289 b2cc | 0000 0081 | e6fe ff1f 
  0x000001ecb33e537c: 0085 f60f | 8424 5700 

  0x000001ecb33e5384: ;   {metadata(method data for {method} {0x000001ed1d23f348} 'pollEvents' '()V' in 'com/mojang/blaze3d/systems/RenderSystem')}
  0x000001ecb33e5384: 0048 ba70 | 79c6 1eed | 0100 0048 | 8382 1001 

  0x000001ecb33e5394: ;   {metadata(method data for {method} {0x000001ed0ce5c088} 'getMillis' '()J' in 'net/minecraft/Util')}
  0x000001ecb33e5394: 0000 0148 | ba90 f782 | 1eed 0100 | 008b b2cc | 0000 0083 | c602 89b2 | cc00 0000 | 81e6 feff 
  0x000001ecb33e53b4: 1f00 85f6 | 0f84 0c57 

  0x000001ecb33e53bc: ;   {metadata(method data for {method} {0x000001ed0ce5c088} 'getMillis' '()J' in 'net/minecraft/Util')}
  0x000001ecb33e53bc: 0000 48ba | 90f7 821e | ed01 0000 | 4883 8210 | 0100 0001 

  0x000001ecb33e53d0: ;   {metadata(method data for {method} {0x000001ed0ce5c128} 'getNanos' '()J' in 'net/minecraft/Util')}
  0x000001ecb33e53d0: 48ba f0fb | 821e ed01 | 0000 8bb2 | cc00 0000 | 83c6 0289 | b2cc 0000 | 0081 e6fe | ff1f 0085 
  0x000001ecb33e53f0: f60f 84f4 

  0x000001ecb33e53f4: ;   {oop(a 'java/lang/Class'{0x000000070234b250} = 'net/minecraft/Util')}
  0x000001ecb33e53f4: 5600 0048 | ba50 b234 | 0207 0000 | 008b 928c | 0000 0048 | c1e2 0348 | 3b02 488b 

  0x000001ecb33e5410: ;   {metadata(method data for {method} {0x000001ed0ce5c128} 'getNanos' '()J' in 'net/minecraft/Util')}
  0x000001ecb33e5410: f248 bff0 | fb82 1eed | 0100 008b | 7608 49ba | 0000 00ca | ec01 0000 | 4903 f248 | 3bb7 2001 
  0x000001ecb33e5430: 0000 750d | 4883 8728 | 0100 0001 | e960 0000 | 0048 3bb7 | 3001 0000 | 750d 4883 | 8738 0100 
  0x000001ecb33e5450: 0001 e94a | 0000 0048 | 83bf 2001 | 0000 0075 | 1748 89b7 | 2001 0000 | 48c7 8728 | 0100 0001 
  0x000001ecb33e5470: 0000 00e9 | 2900 0000 | 4883 bf30 | 0100 0000 | 7517 4889 | b730 0100 | 0048 c787 | 3801 0000 
  0x000001ecb33e5490: 0100 0000 | e908 0000 | 0048 8387 | 1001 0000 | 010f 1f40 | 0048 b818 | 9bcd cbec 

  0x000001ecb33e54ac: ;   {virtual_call}
  0x000001ecb33e54ac: 0100 00e8 

  0x000001ecb33e54b0: ; ImmutableOopMap {[216]=Oop [424]=Oop }
                      ;*invokeinterface getAsLong {reexecute=0 rethrow=0 return_oop=0}
                      ; - net.minecraft.Util::getNanos@3 (line 138)
                      ; - net.minecraft.Util::getMillis@0 (line 134)
                      ; - com.mojang.blaze3d.systems.RenderSystem::pollEvents@3 (line 132)
                      ; - com.mojang.blaze3d.systems.RenderSystem::flipFrame@16 (line 147)
                      ; - com.mojang.blaze3d.platform.Window::updateDisplay@4 (line 290)
                      ; - net.minecraft.client.Minecraft::runTick@584 (line 1217)
  0x000001ecb33e54b0: 6c58 d306 

  0x000001ecb33e54b4: ;   {other}
  0x000001ecb33e54b4: 0f1f 8400 | a474 003f | 48b9 4042 | 0f00 0000 | 0000 488b | d048 8bf1 | 488b ce48 | 83fe 000f 
  0x000001ecb33e54d4: 8438 5600 

  0x000001ecb33e54d8: ;   {runtime_call}
  0x000001ecb33e54d8: 0048 b810 | 9fff 33f9 | 7f00 00ff 

  0x000001ecb33e54e4: ;   {other}
  0x000001ecb33e54e4: d00f 1f84 | 0000 0000 

  0x000001ecb33e54ec: ;   {oop(a 'java/util/concurrent/atomic/AtomicLong'{0x000000070a534710})}
  0x000001ecb33e54ec: 0048 ba10 | 4753 0a07 | 0000 004c 

  0x000001ecb33e54f8: ;   {metadata(method data for {method} {0x000001ed1d23f348} 'pollEvents' '()V' in 'com/mojang/blaze3d/systems/RenderSystem')}
  0x000001ecb33e54f8: 8bc2 48be | 7079 c61e | ed01 0000 | 4883 8620 | 0100 0001 

  0x000001ecb33e550c: ;   {optimized virtual_call}
  0x000001ecb33e550c: 4c8b c0e8 

  0x000001ecb33e5510: ; ImmutableOopMap {[216]=Oop [424]=Oop }
                      ;*invokevirtual set {reexecute=0 rethrow=0 return_oop=0}
                      ; - com.mojang.blaze3d.systems.RenderSystem::pollEvents@6 (line 132)
                      ; - com.mojang.blaze3d.systems.RenderSystem::flipFrame@16 (line 147)
                      ; - com.mojang.blaze3d.platform.Window::updateDisplay@4 (line 290)
                      ; - net.minecraft.client.Minecraft::runTick@584 (line 1217)
  0x000001ecb33e5510: 2cf7 dc06 

  0x000001ecb33e5514: ;   {other}
  0x000001ecb33e5514: 0f1f 8400 | 0475 0040 

  0x000001ecb33e551c: ;   {oop(a 'java/util/concurrent/atomic/AtomicBoolean'{0x000000070a534700})}
  0x000001ecb33e551c: 48ba 0047 | 530a 0700 

  0x000001ecb33e5524: ;   {metadata(method data for {method} {0x000001ed1d23f348} 'pollEvents' '()V' in 'com/mojang/blaze3d/systems/RenderSystem')}
  0x000001ecb33e5524: 0000 48be | 7079 c61e | ed01 0000 | 4883 8658 | 0100 0001 

  0x000001ecb33e5538: ;   {metadata(method data for {method} {0x000001ed0b9d1400} 'set' '(Z)V' in 'java/util/concurrent/atomic/AtomicBoolean')}
  0x000001ecb33e5538: 48ba 08d8 | da0c ed01 | 0000 8bb2 | cc00 0000 | 83c6 0289 | b2cc 0000 | 0081 e6fe | ff1f 0085 
  0x000001ecb33e5558: f60f 84b7 

  0x000001ecb33e555c: ;   {metadata(method data for {method} {0x000001ed0b9d1400} 'set' '(Z)V' in 'java/util/concurrent/atomic/AtomicBoolean')}
  0x000001ecb33e555c: 5500 0048 | ba08 d8da | 0ced 0100 | 00ff 8220 

  0x000001ecb33e556c: ;   {metadata(method data for {method} {0x000001ed0b9d1400} 'set' '(Z)V' in 'java/util/concurrent/atomic/AtomicBoolean')}
  0x000001ecb33e556c: 0100 0048 | ba08 d8da | 0ced 0100 | 00ff 8230 

  0x000001ecb33e557c: ;   {oop(a 'java/util/concurrent/atomic/AtomicBoolean'{0x000000070a534700})}
  0x000001ecb33e557c: 0100 0048 | ba00 4753 | 0a07 0000 | 00be 0100 | 0000 8972 | 0cf0 8344 

  0x000001ecb33e5594: ;   {metadata(method data for {method} {0x000001ed1d23f348} 'pollEvents' '()V' in 'com/mojang/blaze3d/systems/RenderSystem')}
  0x000001ecb33e5594: 24c0 0048 | ba70 79c6 | 1eed 0100 | 0048 8382 | 9001 0000 

  0x000001ecb33e55a8: ;   {metadata(method data for {method} {0x000001ed0bd31f18} 'glfwPollEvents' '()V' in 'org/lwjgl/glfw/GLFW')}
  0x000001ecb33e55a8: 0148 ba40 | f20b 1eed | 0100 008b | b2cc 0000 | 0083 c602 | 89b2 cc00 | 0000 81e6 | feff 1f00 
  0x000001ecb33e55c8: 85f6 0f84 | 6755 0000 

  0x000001ecb33e55d0: ;   {metadata(method data for {method} {0x000001ed0bd31f18} 'glfwPollEvents' '()V' in 'org/lwjgl/glfw/GLFW')}
  0x000001ecb33e55d0: 48ba 40f2 | 0b1e ed01 | 0000 4883 | 8210 0100 | 0001 48ba | 5075 bf49 | f97f 0000 

  0x000001ecb33e55ec: ;   {static_call}
  0x000001ecb33e55ec: 6666 90e8 

  0x000001ecb33e55f0: ; ImmutableOopMap {[216]=Oop [424]=Oop }
                      ;*invokestatic invokeV {reexecute=0 rethrow=0 return_oop=0}
                      ; - org.lwjgl.glfw.GLFW::glfwPollEvents@5 (line 3438)
                      ; - com.mojang.blaze3d.systems.RenderSystem::pollEvents@16 (line 134)
                      ; - com.mojang.blaze3d.systems.RenderSystem::flipFrame@16 (line 147)
                      ; - com.mojang.blaze3d.platform.Window::updateDisplay@4 (line 290)
                      ; - net.minecraft.client.Minecraft::runTick@584 (line 1217)
  0x000001ecb33e55f0: eca5 aa06 

  0x000001ecb33e55f4: ;   {other}
  0x000001ecb33e55f4: 0f1f 8400 | e475 0041 

  0x000001ecb33e55fc: ;   {oop(a 'java/util/concurrent/atomic/AtomicBoolean'{0x000000070a534700})}
  0x000001ecb33e55fc: 49b8 0047 | 530a 0700 

  0x000001ecb33e5604: ;   {metadata(method data for {method} {0x000001ed1d23f348} 'pollEvents' '()V' in 'com/mojang/blaze3d/systems/RenderSystem')}
  0x000001ecb33e5604: 0000 48ba | 7079 c61e | ed01 0000 | 4883 82a0 | 0100 0001 

  0x000001ecb33e5618: ;   {metadata(method data for {method} {0x000001ed0b9d1400} 'set' '(Z)V' in 'java/util/concurrent/atomic/AtomicBoolean')}
  0x000001ecb33e5618: 49b8 08d8 | da0c ed01 | 0000 418b | 90cc 0000 | 0083 c202 | 4189 90cc | 0000 0081 | e2fe ff1f 
  0x000001ecb33e5638: 0085 d20f | 8417 5500 

  0x000001ecb33e5640: ;   {metadata(method data for {method} {0x000001ed0b9d1400} 'set' '(Z)V' in 'java/util/concurrent/atomic/AtomicBoolean')}
  0x000001ecb33e5640: 0049 b808 | d8da 0ced | 0100 0041 | ff80 1001 

  0x000001ecb33e5650: ;   {oop(a 'java/util/concurrent/atomic/AtomicBoolean'{0x000000070a534700})}
  0x000001ecb33e5650: 0000 49b8 | 0047 530a | 0700 0000 | ba00 0000 | 0041 8950 | 0cf0 8344 | 24c0 0048 | 8bb4 24a8 
  0x000001ecb33e5670: 0100 0044 | 0fbe 4650 | 0fbe 5651 

  0x000001ecb33e567c: ;   {metadata(method data for {method} {0x000001ed1d464910} 'updateDisplay' '()V' in 'com/mojang/blaze3d/platform/Window')}
  0x000001ecb33e567c: 443b c248 | ba78 facd | 1eed 0100 | 0048 bf20 | 0100 0000 | 0000 0074 | 0a48 bf30 | 0100 0000 
  0x000001ecb33e569c: 0000 0048 | 8b1c 3a48 | 8d5b 0148 | 891c 3a0f | 8433 0000 | 0041 83e0 | 0144 8846 | 5144 0fbe 
  0x000001ecb33e56bc: 4653 488b 

  0x000001ecb33e56c0: ;   {metadata(method data for {method} {0x000001ed1d464910} 'updateDisplay' '()V' in 'com/mojang/blaze3d/platform/Window')}
  0x000001ecb33e56c0: d648 bf78 | facd 1eed | 0100 0048 | 8387 4001 | 0000 0148 

  0x000001ecb33e56d4: ;   {optimized virtual_call}
  0x000001ecb33e56d4: 8bd6 90e8 

  0x000001ecb33e56d8: ; ImmutableOopMap {[216]=Oop }
                      ;*invokevirtual updateFullscreen {reexecute=0 rethrow=0 return_oop=0}
                      ; - com.mojang.blaze3d.platform.Window::updateDisplay@31 (line 293)
                      ; - net.minecraft.client.Minecraft::runTick@584 (line 1217)
  0x000001ecb33e56d8: a493 fe05 

  0x000001ecb33e56dc: ;   {other}
  0x000001ecb33e56dc: 0f1f 8400 | cc76 0042 | 488b 9424 | d800 0000 

  0x000001ecb33e56ec: ;   {metadata(method data for {method} {0x000001ed0c798a18} 'runTick' '(Z)V' in 'net/minecraft/client/Minecraft')}
  0x000001ecb33e56ec: 488b f248 | bf00 80cd | 1eed 0100 | 0048 8387 | 280f 0000 

  0x000001ecb33e5700: ;   {metadata(method data for {method} {0x000001ed0c799280} 'getFramerateLimit' '()I' in 'net/minecraft/client/Minecraft')}
  0x000001ecb33e5700: 0148 beb0 | 34ce 1eed | 0100 008b | becc 0000 | 0083 c702 | 89be cc00 | 0000 81e7 | feff 1f00 
  0x000001ecb33e5720: 85ff 0f84 | 5154 0000 | 8bb2 7c01 | 0000 48c1 | e603 4885 

  0x000001ecb33e5734: ;   {metadata(method data for {method} {0x000001ed0c799280} 'getFramerateLimit' '()I' in 'net/minecraft/client/Minecraft')}
  0x000001ecb33e5734: f648 beb0 | 34ce 1eed | 0100 0048 | bf10 0100 | 0000 0000 | 0075 0a48 | bf20 0100 | 0000 0000 
  0x000001ecb33e5754: 0048 8b1c | 3e48 8d5b | 0148 891c | 3e0f 8588 | 0000 008b | b298 0100 | 0048 c1e6 | 0348 85f6 
  0x000001ecb33e5774: ;   {metadata(method data for {method} {0x000001ed0c799280} 'getFramerateLimit' '()I' in 'net/minecraft/client/Minecraft')}
  0x000001ecb33e5774: 48be b034 | ce1e ed01 | 0000 48bf | 3001 0000 | 0000 0000 | 750a 48bf | 4001 0000 | 0000 0000 
  0x000001ecb33e5794: 488b 1c3e | 488d 5b01 | 4889 1c3e | 0f85 3f00 | 0000 8bb2 | 9c01 0000 | 48c1 e603 

  0x000001ecb33e57b0: ;   {metadata(method data for {method} {0x000001ed0c799280} 'getFramerateLimit' '()I' in 'net/minecraft/client/Minecraft')}
  0x000001ecb33e57b0: 4885 f648 | beb0 34ce | 1eed 0100 | 0048 bf60 | 0100 0000 | 0000 0074 | 0a48 bf50 | 0100 0000 
  0x000001ecb33e57d0: 0000 0048 | 8b1c 3e48 | 8d5b 0148 | 891c 3e0f | 840a 0000 | 00be 3c00 | 0000 e935 | 0000 008b 
  0x000001ecb33e57f0: b290 0000 | 0048 c1e6 | 0348 3b06 

  0x000001ecb33e57fc: ;   {metadata(method data for {method} {0x000001ed0c799280} 'getFramerateLimit' '()I' in 'net/minecraft/client/Minecraft')}
  0x000001ecb33e57fc: 488b fe48 | bbb0 34ce | 1eed 0100 | 0048 8383 | 7001 0000 | 018b 764c 

  0x000001ecb33e5814: ;   {metadata(method data for {method} {0x000001ed0c799280} 'getFramerateLimit' '()I' in 'net/minecraft/client/Minecraft')}
  0x000001ecb33e5814: 48bf b034 | ce1e ed01 | 0000 ff87 | a801 0000 | 81fe 0401 

  0x000001ecb33e5828: ;   {metadata(method data for {method} {0x000001ed0c798a18} 'runTick' '(Z)V' in 'net/minecraft/client/Minecraft')}
  0x000001ecb33e5828: 0000 48bf | 0080 cd1e | ed01 0000 | 48bb 700f | 0000 0000 | 0000 7c0a | 48bb 600f | 0000 0000 
  0x000001ecb33e5848: 0000 488b | 041f 488d | 4001 4889 | 041f 0f8c | 0c00 0000 | 89b4 243c | 0100 00e9 | 3400 0000 
  0x000001ecb33e5868: ;   {metadata(method data for {method} {0x000001ed0c798a18} 'runTick' '(Z)V' in 'net/minecraft/client/Minecraft')}
  0x000001ecb33e5868: 48bf 0080 | cd1e ed01 | 0000 4883 | 8780 0f00 | 0001 488b | d689 b424 | 3c01 0000 

  0x000001ecb33e5884: ;   {static_call}
  0x000001ecb33e5884: 6666 90e8 

  0x000001ecb33e5888: ; ImmutableOopMap {[216]=Oop }
                      ;*invokestatic limitDisplayFPS {reexecute=0 rethrow=0 return_oop=0}
                      ; - net.minecraft.client.Minecraft::runTick@603 (line 1220)
  0x000001ecb33e5888: 5484 e106 

  0x000001ecb33e588c: ;   {other}
  0x000001ecb33e588c: 0f1f 8400 | 7c78 0043 | 488b 9424 | d800 0000 | 8bb2 b801 | 0000 48c1 | e603 4885 | f60f 8429 
  0x000001ecb33e58ac: ;   {metadata('net/minecraft/util/profiling/InactiveProfiler')}
  0x000001ecb33e58ac: 0000 0048 | b9c0 72c9 | cbec 0100 | 008b 4608 | 49ba 0000 | 00ca ec01 | 0000 4903 | c248 3b48 
  0x000001ecb33e58cc: 380f 85cc | 5200 00e9 | 0000 0000 | 488b fe48 

  0x000001ecb33e58dc: ;   {metadata(method data for {method} {0x000001ed0c798a18} 'runTick' '(Z)V' in 'net/minecraft/client/Minecraft')}
  0x000001ecb33e58dc: 3b06 48bf | 0080 cd1e | ed01 0000 

  0x000001ecb33e58e8: ;   {metadata('net/minecraft/util/profiling/InactiveProfiler')}
  0x000001ecb33e58e8: 49ba c072 | c9cb ec01 | 0000 4c89 | 97a0 0f00 | 0048 8387 | a80f 0000 

  0x000001ecb33e5900: ;   {metadata(method data for {method} {0x000001ed1d2bf8c8} 'popPush' '(Ljava/lang/String;)V' in 'net/minecraft/util/profiling/InactiveProfiler')}
  0x000001ecb33e5900: 0148 beb8 | 7183 1eed | 0100 008b | becc 0000 | 0083 c702 | 89be cc00 | 0000 81e7 | feff 1f00 
  0x000001ecb33e5920: 85ff 0f84 | 8152 0000 

  0x000001ecb33e5928: ;   {metadata(method data for {method} {0x000001ed0c798a18} 'runTick' '(Z)V' in 'net/minecraft/client/Minecraft')}
  0x000001ecb33e5928: 48be 0080 | cd1e ed01 | 0000 4883 | 86c8 0f00 

  0x000001ecb33e5938: ;   {metadata(method data for {method} {0x000001ecca432a18} 'yield' '()V' in 'java/lang/Thread')}
  0x000001ecb33e5938: 0001 48be | 7034 d10c | ed01 0000 | 8bbe cc00 | 0000 83c7 | 0289 becc | 0000 0081 | e7fe ff1f 
  0x000001ecb33e5958: 0085 ff0f | 8469 5200 

  0x000001ecb33e5960: ;   {metadata(method data for {method} {0x000001ecca432a18} 'yield' '()V' in 'java/lang/Thread')}
  0x000001ecb33e5960: 0048 be70 | 34d1 0ced | 0100 0048 | 8386 1001 | 0000 0149 | 8bb7 8803 | 0000 488b | 3648 85f6 
  0x000001ecb33e5980: ;   {metadata(method data for {method} {0x000001ecca432a18} 'yield' '()V' in 'java/lang/Thread')}
  0x000001ecb33e5980: 7516 48b8 | 7034 d10c | ed01 0000 | 8088 1901 | 0000 01e9 | cc00 0000 

  0x000001ecb33e5998: ;   {metadata('java/lang/VirtualThread')}
  0x000001ecb33e5998: 48b9 989e | 02ca ec01 | 0000 8b5e | 0849 ba00 | 0000 caec | 0100 0049 | 03da 483b | cb0f 858d 
  0x000001ecb33e59b8: ;   {metadata(method data for {method} {0x000001ecca432a18} 'yield' '()V' in 'java/lang/Thread')}
  0x000001ecb33e59b8: 0000 0048 | b870 34d1 | 0ced 0100 | 008b 4e08 | 49ba 0000 | 00ca ec01 | 0000 4903 | ca48 3b88 
  0x000001ecb33e59d8: 3001 0000 | 750d 4883 | 8038 0100 | 0001 e97e | 0000 0048 | 3b88 4001 | 0000 750d | 4883 8048 
  0x000001ecb33e59f8: 0100 0001 | e968 0000 | 0048 83b8 | 3001 0000 | 0075 1748 | 8988 3001 | 0000 48c7 | 8038 0100 
  0x000001ecb33e5a18: 0001 0000 | 00e9 4700 | 0000 4883 | b840 0100 | 0000 7517 | 4889 8840 | 0100 0048 | c780 4801 
  0x000001ecb33e5a38: 0000 0100 | 0000 e926 | 0000 00e9 | 2100 0000 

  0x000001ecb33e5a48: ;   {metadata(method data for {method} {0x000001ecca432a18} 'yield' '()V' in 'java/lang/Thread')}
  0x000001ecb33e5a48: 48b8 7034 | d10c ed01 | 0000 4883 | a820 0100 | 0001 e905 | 0000 00e9 | 0500 0000 | 4833 ffeb 
  0x000001ecb33e5a68: 0a48 bf01 | 0000 0000 | 0000 0085 

  0x000001ecb33e5a74: ;   {metadata(method data for {method} {0x000001ecca432a18} 'yield' '()V' in 'java/lang/Thread')}
  0x000001ecb33e5a74: ff48 bf70 | 34d1 0ced | 0100 0048 | bb58 0100 | 0000 0000 | 0074 0a48 | bb68 0100 | 0000 0000 
  0x000001ecb33e5a94: 0048 8b04 | 1f48 8d40 | 0148 8904 | 1f0f 84a2 | 0100 0048 | 85f6 7516 

  0x000001ecb33e5aac: ;   {metadata(method data for {method} {0x000001ecca432a18} 'yield' '()V' in 'java/lang/Thread')}
  0x000001ecb33e5aac: 48bb 7034 | d10c ed01 | 0000 808b | 7101 0000 | 01e9 cc00 

  0x000001ecb33e5ac0: ;   {metadata('java/lang/VirtualThread')}
  0x000001ecb33e5ac0: 0000 48b8 | 989e 02ca | ec01 0000 | 8b7e 0849 | ba00 0000 | caec 0100 | 0049 03fa | 483b c70f 
  0x000001ecb33e5ae0: 858d 0000 

  0x000001ecb33e5ae4: ;   {metadata(method data for {method} {0x000001ecca432a18} 'yield' '()V' in 'java/lang/Thread')}
  0x000001ecb33e5ae4: 0048 bb70 | 34d1 0ced | 0100 008b | 4608 49ba | 0000 00ca | ec01 0000 | 4903 c248 | 3b83 8801 
  0x000001ecb33e5b04: 0000 750d | 4883 8390 | 0100 0001 | e979 0000 | 0048 3b83 | 9801 0000 | 750d 4883 | 83a0 0100 
  0x000001ecb33e5b24: 0001 e963 | 0000 0048 | 83bb 8801 | 0000 0075 | 1748 8983 | 8801 0000 | 48c7 8390 | 0100 0001 
  0x000001ecb33e5b44: 0000 00e9 | 4200 0000 | 4883 bb98 | 0100 0000 | 7517 4889 | 8398 0100 | 0048 c783 | a001 0000 
  0x000001ecb33e5b64: 0100 0000 | e921 0000 | 00e9 1c00 

  0x000001ecb33e5b70: ;   {metadata(method data for {method} {0x000001ecca432a18} 'yield' '()V' in 'java/lang/Thread')}
  0x000001ecb33e5b70: 0000 48bb | 7034 d10c | ed01 0000 | 4883 ab78 | 0100 0001 | e962 5000 | 00e9 0000 | 0000 483b 
  0x000001ecb33e5b90: 0648 8bfe 

  0x000001ecb33e5b94: ;   {metadata(method data for {method} {0x000001ecca432a18} 'yield' '()V' in 'java/lang/Thread')}
  0x000001ecb33e5b94: 48bb 7034 | d10c ed01 | 0000 8b7f | 0849 ba00 | 0000 caec | 0100 0049 | 03fa 483b | bbc0 0100 
  0x000001ecb33e5bb4: 0075 0d48 | 8383 c801 | 0000 01e9 | 6000 0000 | 483b bbd0 | 0100 0075 | 0d48 8383 | d801 0000 
  0x000001ecb33e5bd4: 01e9 4a00 | 0000 4883 | bbc0 0100 | 0000 7517 | 4889 bbc0 | 0100 0048 | c783 c801 | 0000 0100 
  0x000001ecb33e5bf4: 0000 e929 | 0000 0048 | 83bb d001 | 0000 0075 | 1748 89bb | d001 0000 | 48c7 83d8 | 0100 0001 
  0x000001ecb33e5c14: 0000 00e9 | 0800 0000 | 4883 83b0 | 0100 0001 

  0x000001ecb33e5c24: ;   {optimized virtual_call}
  0x000001ecb33e5c24: 488b d6e8 

  0x000001ecb33e5c28: ; ImmutableOopMap {[216]=Oop }
                      ;*invokevirtual tryYield {reexecute=0 rethrow=0 return_oop=0}
                      ; - java.lang.Thread::yield@17 (line 443)
                      ; - net.minecraft.client.Minecraft::runTick@618 (line 1224)
  0x000001ecb33e5c28: 548e fe05 

  0x000001ecb33e5c2c: ;   {other}
  0x000001ecb33e5c2c: 0f1f 8400 | 1c7c 0044 

  0x000001ecb33e5c34: ;   {metadata(method data for {method} {0x000001ecca432a18} 'yield' '()V' in 'java/lang/Thread')}
  0x000001ecb33e5c34: 48be 7034 | d10c ed01 | 0000 ff86 | e801 0000 | e923 0000 

  0x000001ecb33e5c48: ;   {metadata(method data for {method} {0x000001ecca432a18} 'yield' '()V' in 'java/lang/Thread')}
  0x000001ecb33e5c48: 0048 be70 | 34d1 0ced | 0100 0048 | 8386 0002 | 0000 010f 

  0x000001ecb33e5c5c: ;   {static_call}
  0x000001ecb33e5c5c: 1f40 00e8 

  0x000001ecb33e5c60: ; ImmutableOopMap {[216]=Oop }
                      ;*invokestatic yield0 {reexecute=0 rethrow=0 return_oop=0}
                      ; - java.lang.Thread::yield@23 (line 445)
                      ; - net.minecraft.client.Minecraft::runTick@618 (line 1224)
  0x000001ecb33e5c60: fc37 c406 

  0x000001ecb33e5c64: ;   {other}
  0x000001ecb33e5c64: 0f1f 8400 | 547c 0045 | 488b 9424 | d800 0000 | 8bb2 b801 | 0000 48c1 | e603 4885 | f60f 8429 
  0x000001ecb33e5c84: ;   {metadata('net/minecraft/util/profiling/InactiveProfiler')}
  0x000001ecb33e5c84: 0000 0048 | b9c0 72c9 | cbec 0100 | 008b 4608 | 49ba 0000 | 00ca ec01 | 0000 4903 | c248 3b48 
  0x000001ecb33e5ca4: 380f 854e | 4f00 00e9 | 0000 0000 | 488b fe48 

  0x000001ecb33e5cb4: ;   {metadata(method data for {method} {0x000001ed0c798a18} 'runTick' '(Z)V' in 'net/minecraft/client/Minecraft')}
  0x000001ecb33e5cb4: 3b06 48bf | 0080 cd1e | ed01 0000 

  0x000001ecb33e5cc0: ;   {metadata('net/minecraft/util/profiling/InactiveProfiler')}
  0x000001ecb33e5cc0: 49ba c072 | c9cb ec01 | 0000 4c89 | 97e8 0f00 | 0048 8387 | f00f 0000 

  0x000001ecb33e5cd8: ;   {metadata(method data for {method} {0x000001ed1d2bf818} 'pop' '()V' in 'net/minecraft/util/profiling/InactiveProfiler')}
  0x000001ecb33e5cd8: 0148 bea8 | 3282 1eed | 0100 008b | becc 0000 | 0083 c702 | 89be cc00 | 0000 81e7 | feff 1f00 
  0x000001ecb33e5cf8: 85ff 0f84 | 034f 0000 | 8bb2 9000 | 0000 48c1 | e603 483b | 0648 8bfe 

  0x000001ecb33e5d10: ;   {metadata(method data for {method} {0x000001ed0c798a18} 'runTick' '(Z)V' in 'net/minecraft/client/Minecraft')}
  0x000001ecb33e5d10: 48bb 0080 | cd1e ed01 | 0000 4883 | 8310 1000 | 0001 410f | be7f 4085 | ff0f 85fa 

  0x000001ecb33e5d2c: ;   {oop("Post render"{0x00000007097c4a00})}
  0x000001ecb33e5d2c: 4e00 0049 | ba00 4a7c | 0907 0000 | 0049 c1ea | 0344 8956 

  0x000001ecb33e5d40: ;   {oop("Post render"{0x00000007097c4a00})}
  0x000001ecb33e5d40: 6448 bf00 | 4a7c 0907 | 0000 0048 | 8bde 4833 | df48 c1eb | 1548 83fb | 000f 85e9 | 4e00 008b 
  0x000001ecb33e5d60: 7264 ffc6 | 8972 6448 

  0x000001ecb33e5d68: ;   {metadata(method data for {method} {0x000001ed0c798a18} 'runTick' '(Z)V' in 'net/minecraft/client/Minecraft')}
  0x000001ecb33e5d68: 8bf2 48bf | 0080 cd1e | ed01 0000 

  0x000001ecb33e5d74: ;   {metadata('net/minecraft/client/Minecraft')}
  0x000001ecb33e5d74: 49ba 9806 | 36cb ec01 | 0000 4c89 | 9758 1000 | 0048 8387 | 6010 0000 

  0x000001ecb33e5d8c: ;   {metadata(method data for {method} {0x000001ed0c79e728} 'hasSingleplayerServer' '()Z' in 'net/minecraft/client/Minecraft')}
  0x000001ecb33e5d8c: 0148 beb0 | 36ce 1eed | 0100 008b | becc 0000 | 0083 c702 | 89be cc00 | 0000 81e7 | feff 1f00 
  0x000001ecb33e5dac: 85ff 0f84 | ac4e 0000 | 0fbe 726f 

  0x000001ecb33e5db8: ;   {metadata(method data for {method} {0x000001ed0c79e728} 'hasSingleplayerServer' '()Z' in 'net/minecraft/client/Minecraft')}
  0x000001ecb33e5db8: 85f6 48be | b036 ce1e | ed01 0000 | 48bf 1001 | 0000 0000 | 0000 740a | 48bf 2001 | 0000 0000 
  0x000001ecb33e5dd8: 0000 488b | 1c3e 488d | 5b01 4889 | 1c3e 0f84 | 3f00 0000 | 8bb2 8401 | 0000 48c1 | e603 4885 
  0x000001ecb33e5df8: ;   {metadata(method data for {method} {0x000001ed0c79e728} 'hasSingleplayerServer' '()Z' in 'net/minecraft/client/Minecraft')}
  0x000001ecb33e5df8: f648 beb0 | 36ce 1eed | 0100 0048 | bf40 0100 | 0000 0000 | 0075 0a48 | bf30 0100 | 0000 0000 
  0x000001ecb33e5e18: 0048 8b1c | 3e48 8d5b | 0148 891c | 3e0f 850a | 0000 00be | 0000 0000 | e915 0000 

  0x000001ecb33e5e34: ;   {metadata(method data for {method} {0x000001ed0c79e728} 'hasSingleplayerServer' '()Z' in 'net/minecraft/client/Minecraft')}
  0x000001ecb33e5e34: 0048 beb0 | 36ce 1eed | 0100 00ff | 8650 0100 | 00be 0100 | 0000 83e6 

  0x000001ecb33e5e4c: ;   {metadata(method data for {method} {0x000001ed0c798a18} 'runTick' '(Z)V' in 'net/minecraft/client/Minecraft')}
  0x000001ecb33e5e4c: 0185 f648 | be00 80cd | 1eed 0100 | 0048 bf80 | 1000 0000 | 0000 0074 | 0a48 bf90 | 1000 0000 
  0x000001ecb33e5e6c: 0000 0048 | 8b1c 3e48 | 8d5b 0148 | 891c 3e0f | 8427 0300 | 008b b298 | 0100 0048 | c1e6 0348 
  0x000001ecb33e5e8c: ;   {metadata(method data for {method} {0x000001ed0c798a18} 'runTick' '(Z)V' in 'net/minecraft/client/Minecraft')}
  0x000001ecb33e5e8c: 85f6 48bf | 0080 cd1e | ed01 0000 | 48bb a010 | 0000 0000 | 0000 740a | 48bb b010 | 0000 0000 
  0x000001ecb33e5eac: 0000 488b | 041f 488d | 4001 4889 | 041f 0f84 | f000 0000 

  0x000001ecb33e5ec0: ; implicit exception: dispatches to 0x000001ecb33eac81
  0x000001ecb33e5ec0: 483b 0648 

  0x000001ecb33e5ec4: ;   {metadata(method data for {method} {0x000001ed0c798a18} 'runTick' '(Z)V' in 'net/minecraft/client/Minecraft')}
  0x000001ecb33e5ec4: 8bfe 48bb | 0080 cd1e | ed01 0000 | 8b7f 0849 | ba00 0000 | caec 0100 | 0049 03fa | 483b bbd0 
  0x000001ecb33e5ee4: 1000 0075 | 0d48 8383 | d810 0000 | 01e9 6000 | 0000 483b | bbe0 1000 | 0075 0d48 | 8383 e810 
  0x000001ecb33e5f04: 0000 01e9 | 4a00 0000 | 4883 bbd0 | 1000 0000 | 7517 4889 | bbd0 1000 | 0048 c783 | d810 0000 
  0x000001ecb33e5f24: 0100 0000 | e929 0000 | 0048 83bb | e010 0000 | 0075 1748 | 89bb e010 | 0000 48c7 | 83e8 1000 
  0x000001ecb33e5f44: 0001 0000 | 00e9 0800 | 0000 4883 | 83c0 1000 | 0001 488b | d60f 1f40 | 0048 b8ff | ffff ffff 
  0x000001ecb33e5f64: ;   {virtual_call}
  0x000001ecb33e5f64: ffff ffe8 

  0x000001ecb33e5f68: ; ImmutableOopMap {[216]=Oop }
                      ;*invokevirtual isPauseScreen {reexecute=0 rethrow=0 return_oop=0}
                      ; - net.minecraft.client.Minecraft::runTick@668 (line 1229)
  0x000001ecb33e5f68: 148e fe05 

  0x000001ecb33e5f6c: ;   {other}
  0x000001ecb33e5f6c: 0f1f 8400 | 5c7f 0046 

  0x000001ecb33e5f74: ;   {metadata(method data for {method} {0x000001ed0c798a18} 'runTick' '(Z)V' in 'net/minecraft/client/Minecraft')}
  0x000001ecb33e5f74: 85c0 48ba | 0080 cd1e | ed01 0000 | 48be f810 | 0000 0000 | 0000 750a | 48be 0811 | 0000 0000 
  0x000001ecb33e5f94: 0000 488b | 3c32 488d | 7f01 4889 | 3c32 488b | 9424 d800 | 0000 0f85 | 0901 0000 | 8bb2 9c01 
  0x000001ecb33e5fb4: 0000 48c1 | e603 4885 

  0x000001ecb33e5fbc: ;   {metadata(method data for {method} {0x000001ed0c798a18} 'runTick' '(Z)V' in 'net/minecraft/client/Minecraft')}
  0x000001ecb33e5fbc: f648 bf00 | 80cd 1eed | 0100 0048 | bb18 1100 | 0000 0000 | 0074 0a48 | bb28 1100 | 0000 0000 
  0x000001ecb33e5fdc: 0048 8b04 | 1f48 8d40 | 0148 8904 | 1f0f 84b9 | 0100 0048 

  0x000001ecb33e5ff0: ;   {metadata(method data for {method} {0x000001ed0c798a18} 'runTick' '(Z)V' in 'net/minecraft/client/Minecraft')}
  0x000001ecb33e5ff0: 3b06 48bf | 0080 cd1e | ed01 0000 | 8b76 0849 | ba00 0000 | caec 0100 | 0049 03f2 | 483b b748 
  0x000001ecb33e6010: 1100 0075 | 0d48 8387 | 5011 0000 | 01e9 6000 | 0000 483b | b758 1100 | 0075 0d48 | 8387 6011 
  0x000001ecb33e6030: 0000 01e9 | 4a00 0000 | 4883 bf48 | 1100 0000 | 7517 4889 | b748 1100 | 0048 c787 | 5011 0000 
  0x000001ecb33e6050: 0100 0000 | e929 0000 | 0048 83bf | 5811 0000 | 0075 1748 | 89b7 5811 | 0000 48c7 | 8760 1100 
  0x000001ecb33e6070: 0001 0000 | 00e9 0800 | 0000 4883 | 8738 1100 

  0x000001ecb33e6080: ;   {metadata(method data for {method} {0x000001ed0c6efd50} 'isPauseScreen' '()Z' in 'net/minecraft/client/gui/screens/LoadingOverlay')}
  0x000001ecb33e6080: 0001 48be | 5838 ce1e | ed01 0000 | 8bbe cc00 | 0000 83c7 | 0289 becc | 0000 0081 | e7fe ff1f 
  0x000001ecb33e60a0: 0085 ff0f | 84e2 4b00 

  0x000001ecb33e60a8: ;   {metadata(method data for {method} {0x000001ed0c798a18} 'runTick' '(Z)V' in 'net/minecraft/client/Minecraft')}
  0x000001ecb33e60a8: 0048 be00 | 80cd 1eed | 0100 00ff | 8680 1100 | 008b b284 | 0100 0048 | c1e6 0348 | 3b06 488b 
  0x000001ecb33e60c8: ;   {metadata(method data for {method} {0x000001ed0c798a18} 'runTick' '(Z)V' in 'net/minecraft/client/Minecraft')}
  0x000001ecb33e60c8: fe48 bb00 | 80cd 1eed | 0100 008b | 7f08 49ba | 0000 00ca | ec01 0000 | 4903 fa48 | 3bbb a011 
  0x000001ecb33e60e8: 0000 750d | 4883 83a8 | 1100 0001 | e960 0000 | 0048 3bbb | b011 0000 | 750d 4883 | 83b8 1100 
  0x000001ecb33e6108: 0001 e94a | 0000 0048 | 83bb a011 | 0000 0075 | 1748 89bb | a011 0000 | 48c7 83a8 | 1100 0001 
  0x000001ecb33e6128: 0000 00e9 | 2900 0000 | 4883 bbb0 | 1100 0000 | 7517 4889 | bbb0 1100 | 0048 c783 | b811 0000 
  0x000001ecb33e6148: 0100 0000 | e908 0000 | 0048 8383 | 9011 0000 | 0148 8bd6 | 9048 b8ff | ffff ffff 

  0x000001ecb33e6164: ;   {virtual_call}
  0x000001ecb33e6164: ffff ffe8 

  0x000001ecb33e6168: ; ImmutableOopMap {[216]=Oop }
                      ;*invokevirtual isPublished {reexecute=0 rethrow=0 return_oop=0}
                      ; - net.minecraft.client.Minecraft::runTick@695 (line 1230)
  0x000001ecb33e6168: 148c fe05 

  0x000001ecb33e616c: ;   {other}
  0x000001ecb33e616c: 0f1f 8400 | 5c81 0047 

  0x000001ecb33e6174: ;   {metadata(method data for {method} {0x000001ed0c798a18} 'runTick' '(Z)V' in 'net/minecraft/client/Minecraft')}
  0x000001ecb33e6174: 85c0 48ba | 0080 cd1e | ed01 0000 | 48be d811 | 0000 0000 | 0000 740a | 48be c811 | 0000 0000 
  0x000001ecb33e6194: 0000 488b | 3c32 488d | 7f01 4889 | 3c32 0f84 | 0a00 0000 | be00 0000 | 00e9 1500 

  0x000001ecb33e61b0: ;   {metadata(method data for {method} {0x000001ed0c798a18} 'runTick' '(Z)V' in 'net/minecraft/client/Minecraft')}
  0x000001ecb33e61b0: 0000 48ba | 0080 cd1e | ed01 0000 | ff82 e811 | 0000 be01 | 0000 0048 | 8b94 24d8 | 0000 000f 
  0x000001ecb33e61d0: be7a 703b 

  0x000001ecb33e61d4: ;   {metadata(method data for {method} {0x000001ed0c798a18} 'runTick' '(Z)V' in 'net/minecraft/client/Minecraft')}
  0x000001ecb33e61d4: f748 bf00 | 80cd 1eed | 0100 0048 | bb00 1200 | 0000 0000 | 0074 0a48 | bb10 1200 | 0000 0000 
  0x000001ecb33e61f4: 0048 8b04 | 1f48 8d40 | 0148 8904 | 1f0f 84dd 

  0x000001ecb33e6204: ;   {metadata(method data for {method} {0x000001ed0c798a18} 'runTick' '(Z)V' in 'net/minecraft/client/Minecraft')}
  0x000001ecb33e6204: 0400 0048 | bf00 80cd | 1eed 0100 | 0048 8387 | 2012 0000 | 0148 8bd6 | 89b4 24b8 | 0100 000f 
  0x000001ecb33e6224: ;   {static_call}
  0x000001ecb33e6224: 1f40 00e8 

  0x000001ecb33e6228: ; ImmutableOopMap {[216]=Oop }
                      ;*invokestatic onClientPauseChangePre {reexecute=0 rethrow=0 return_oop=0}
                      ; - net.minecraft.client.Minecraft::runTick@719 (line 1231)
  0x000001ecb33e6228: 548e fe05 

  0x000001ecb33e622c: ;   {other}
  0x000001ecb33e622c: 0f1f 8400 | 1c82 0048 

  0x000001ecb33e6234: ;   {metadata(method data for {method} {0x000001ed0c798a18} 'runTick' '(Z)V' in 'net/minecraft/client/Minecraft')}
  0x000001ecb33e6234: 85c0 48ba | 0080 cd1e | ed01 0000 | 48be 4012 | 0000 0000 | 0000 740a | 48be 3012 | 0000 0000 
  0x000001ecb33e6254: 0000 488b | 3c32 488d | 7f01 4889 | 3c32 0f84 | 0d00 0000 | 488b 9424 | d800 0000 | e96f 0400 
  0x000001ecb33e6274: 0044 8b84 | 24b8 0100 | 0048 8b94 | 24d8 0000 | 0049 8bf0 | 83e6 0140 | 8872 70f0 | 8344 24c0 
  0x000001ecb33e6294: ;   {metadata(method data for {method} {0x000001ed0c798a18} 'runTick' '(Z)V' in 'net/minecraft/client/Minecraft')}
  0x000001ecb33e6294: 0048 be00 | 80cd 1eed | 0100 0048 | 8386 5012 

  0x000001ecb33e62a4: ;   {metadata(method data for {method} {0x000001ed1e23d788} 'onClientPauseChangePost' '(Z)V' in 'net/neoforged/neoforge/client/ClientHooks')}
  0x000001ecb33e62a4: 0000 0148 | be88 3bce | 1eed 0100 | 008b becc | 0000 0083 | c702 89be | cc00 0000 | 81e7 feff 
  0x000001ecb33e62c4: 1f00 85ff | 0f84 e349 | 0000 6690 

  0x000001ecb33e62d0: ;   {no_reloc}
  0x000001ecb33e62d0: e90c 4a00 | 0000 0000 | 0000 80ba | 2101 0000 | 040f 8509 | 4a00 0049 | 8b87 b801 | 0000 488d 
  0x000001ecb33e62f0: 7810 493b | bfc8 0100 | 000f 87f1 | 4900 0049 | 89bf b801 | 0000 48c7 | 0001 0000 | 0048 8bca 
  0x000001ecb33e6310: 49ba 0000 | 00ca ec01 | 0000 492b | ca89 4808 | 4833 c989 | 480c 4833 | c948 8984 | 24c0 0100 
  0x000001ecb33e6330: 0048 8bd0 

  0x000001ecb33e6334: ;   {metadata(method data for {method} {0x000001ed1e23d788} 'onClientPauseChangePost' '(Z)V' in 'net/neoforged/neoforge/client/ClientHooks')}
  0x000001ecb33e6334: 48be 883b | ce1e ed01 | 0000 4883 | 8610 0100 | 0001 488b | d066 0f1f 

  0x000001ecb33e634c: ;   {optimized virtual_call}
  0x000001ecb33e634c: 4400 00e8 

  0x000001ecb33e6350: ; ImmutableOopMap {[216]=Oop [448]=Oop }
                      ;*invokespecial <init> {reexecute=0 rethrow=0 return_oop=0}
                      ; - net.neoforged.neoforge.client.ClientHooks::onClientPauseChangePost@8 (line 270)
                      ; - net.minecraft.client.Minecraft::runTick@733 (line 1233)
  0x000001ecb33e6350: 2c87 fe05 

  0x000001ecb33e6354: ;   {other}
  0x000001ecb33e6354: 0f1f 8400 | 4483 0049 

  0x000001ecb33e635c: ;   {oop(a 'net/neoforged/bus/EventBus'{0x000000070a530518})}
  0x000001ecb33e635c: 49b8 1805 | 530a 0700 | 0000 498b 

  0x000001ecb33e6368: ;   {metadata(method data for {method} {0x000001ed1e23d788} 'onClientPauseChangePost' '(Z)V' in 'net/neoforged/neoforge/client/ClientHooks')}
  0x000001ecb33e6368: d048 be88 | 3bce 1eed 

  0x000001ecb33e6370: ;   {metadata('net/neoforged/bus/EventBus')}
  0x000001ecb33e6370: 0100 0049 | ba08 b8b9 | cbec 0100 | 004c 8996 | 3001 0000 | 4883 8638 | 0100 0001 

  0x000001ecb33e638c: ;   {metadata(method data for {method} {0x000001ed1d21c0e8} 'post' '(Lnet/neoforged/bus/api/Event;)Lnet/neoforged/bus/api/Event;' in 'net/neoforged/bus/EventBus')}
  0x000001ecb33e638c: 48ba e821 | 741e ed01 | 0000 8bb2 | cc00 0000 | 83c6 0289 | b2cc 0000 | 0081 e6fe | ff1f 0085 
  0x000001ecb33e63ac: f60f 844a | 4900 0045 | 0fbe 400c 

  0x000001ecb33e63b8: ;   {metadata(method data for {method} {0x000001ed1d21c0e8} 'post' '(Lnet/neoforged/bus/api/Event;)Lnet/neoforged/bus/api/Event;' in 'net/neoforged/bus/EventBus')}
  0x000001ecb33e63b8: 4585 c049 | b8e8 2174 | 1eed 0100 | 0048 ba20 | 0100 0000 | 0000 0075 | 0a48 ba10 | 0100 0000 
  0x000001ecb33e63d8: 0000 0049 | 8b34 1048 | 8d76 0149 | 8934 1048 | 8b84 24c0 | 0100 000f | 85e7 0200 

  0x000001ecb33e63f4: ;   {oop(a 'net/neoforged/bus/EventBus'{0x000000070a530518})}
  0x000001ecb33e63f4: 0048 be18 | 0553 0a07 | 0000 004c 

  0x000001ecb33e6400: ;   {metadata(method data for {method} {0x000001ed1d21c0e8} 'post' '(Lnet/neoforged/bus/api/Event;)Lnet/neoforged/bus/api/Event;' in 'net/neoforged/bus/EventBus')}
  0x000001ecb33e6400: 8bc6 48ba | e821 741e | ed01 0000 | 4883 8230 | 0100 0001 | 4c8b c048 | 8bd6 4889 | b424 c801 
  0x000001ecb33e6420: 0000 0f1f 

  0x000001ecb33e6424: ;   {optimized virtual_call}
  0x000001ecb33e6424: 4400 00e8 

  0x000001ecb33e6428: ; ImmutableOopMap {[216]=Oop [448]=Oop [456]=Oop }
                      ;*invokevirtual doPostChecks {reexecute=0 rethrow=0 return_oop=0}
                      ; - net.neoforged.bus.EventBus::post@11 (line 313)
                      ; - net.neoforged.neoforge.client.ClientHooks::onClientPauseChangePost@11 (line 270)
                      ; - net.minecraft.client.Minecraft::runTick@733 (line 1233)
  0x000001ecb33e6428: 5486 fe05 

  0x000001ecb33e642c: ;   {other}
  0x000001ecb33e642c: 0f1f 8400 | 1c84 004a | 488b 8424 | c001 0000 

  0x000001ecb33e643c: ;   {metadata(method data for {method} {0x000001ed1d21c0e8} 'post' '(Lnet/neoforged/bus/api/Event;)Lnet/neoforged/bus/api/Event;' in 'net/neoforged/bus/EventBus')}
  0x000001ecb33e643c: 49b8 e821 | 741e ed01 | 0000 4983 | 8068 0100 | 0001 488b | 8424 c001 | 0000 448b | 4008 49ba 
  0x000001ecb33e645c: 0000 00ca | ec01 0000 | 4d03 c24d | 8b40 704d | 8b00 488b | b424 c801 

  0x000001ecb33e6474: ;   {metadata(method data for {method} {0x000001ed1d21c0e8} 'post' '(Lnet/neoforged/bus/api/Event;)Lnet/neoforged/bus/api/Event;' in 'net/neoforged/bus/EventBus')}
  0x000001ecb33e6474: 0000 48ba | e821 741e | ed01 0000 | 4883 82a0 | 0100 0001 | 488b 9424 | c801 0000 | 0f1f 8000 
  0x000001ecb33e6494: ;   {optimized virtual_call}
  0x000001ecb33e6494: 0000 00e8 

  0x000001ecb33e6498: ; ImmutableOopMap {[216]=Oop [448]=Oop }
                      ;*invokevirtual getListenerList {reexecute=0 rethrow=0 return_oop=0}
                      ; - net.neoforged.bus.EventBus::post@21 (line 315)
                      ; - net.neoforged.neoforge.client.ClientHooks::onClientPauseChangePost@11 (line 270)
                      ; - net.minecraft.client.Minecraft::runTick@733 (line 1233)
  0x000001ecb33e6498: e485 fe05 

  0x000001ecb33e649c: ;   {other}
  0x000001ecb33e649c: 0f1f 8400 | 8c84 004b 

  0x000001ecb33e64a4: ; implicit exception: dispatches to 0x000001ecb33ead23
  0x000001ecb33e64a4: 483b 0048 

  0x000001ecb33e64a8: ;   {metadata(method data for {method} {0x000001ed1d21c0e8} 'post' '(Lnet/neoforged/bus/api/Event;)Lnet/neoforged/bus/api/Event;' in 'net/neoforged/bus/EventBus')}
  0x000001ecb33e64a8: 8bd0 48be | e821 741e | ed01 0000 

  0x000001ecb33e64b4: ;   {metadata('net/neoforged/bus/ListenerList')}
  0x000001ecb33e64b4: 49ba e043 | d3cb ec01 | 0000 4c89 | 96e8 0100 | 0048 8386 | f001 0000 

  0x000001ecb33e64cc: ;   {metadata(method data for {method} {0x000001ed1da3d8c0} 'getListeners' '()[Lnet/neoforged/bus/api/EventListener;' in 'net/neoforged/bus/ListenerList')}
  0x000001ecb33e64cc: 0148 ba98 | f33e 1eed | 0100 008b | b2cc 0000 | 0083 c602 | 89b2 cc00 | 0000 81e6 | feff 1f00 
  0x000001ecb33e64ec: 85f6 0f84 | 3448 0000 

  0x000001ecb33e64f4: ;   {metadata(method data for {method} {0x000001ed1da3d8c0} 'getListeners' '()[Lnet/neoforged/bus/api/EventListener;' in 'net/neoforged/bus/ListenerList')}
  0x000001ecb33e64f4: 488b d048 | be98 f33e | 1eed 0100 

  0x000001ecb33e6500: ;   {metadata('net/neoforged/bus/ListenerList')}
  0x000001ecb33e6500: 0049 bae0 | 43d3 cbec | 0100 004c | 8996 2001 | 0000 4883 | 8628 0100 | 0001 0fbe | 500c 83e2 
  0x000001ecb33e6520: ;   {metadata(method data for {method} {0x000001ed1da3d8c0} 'getListeners' '()[Lnet/neoforged/bus/api/EventListener;' in 'net/neoforged/bus/ListenerList')}
  0x000001ecb33e6520: 0185 d248 | ba98 f33e | 1eed 0100 | 0048 be48 | 0100 0000 | 0000 0074 | 0a48 be58 | 0100 0000 
  0x000001ecb33e6540: 0000 0048 | 8b3c 3248 | 8d7f 0148 | 893c 320f | 8437 0000 | 0048 8bd0 

  0x000001ecb33e6558: ;   {metadata(method data for {method} {0x000001ed1da3d8c0} 'getListeners' '()[Lnet/neoforged/bus/api/EventListener;' in 'net/neoforged/bus/ListenerList')}
  0x000001ecb33e6558: 48be 98f3 | 3e1e ed01 | 0000 4883 | 8668 0100 | 0001 488b | d048 8984 | 24d0 0100 

  0x000001ecb33e6574: ;   {optimized virtual_call}
  0x000001ecb33e6574: 0066 90e8 

  0x000001ecb33e6578: ; ImmutableOopMap {[216]=Oop [448]=Oop [464]=Oop }
                      ;*invokevirtual buildCache {reexecute=0 rethrow=0 return_oop=0}
                      ; - net.neoforged.bus.ListenerList::getListeners@8 (line 89)
                      ; - net.neoforged.bus.EventBus::post@24 (line 315)
                      ; - net.neoforged.neoforge.client.ClientHooks::onClientPauseChangePost@11 (line 270)
                      ; - net.minecraft.client.Minecraft::runTick@733 (line 1233)
  0x000001ecb33e6578: 0485 fe05 

  0x000001ecb33e657c: ;   {other}
  0x000001ecb33e657c: 0f1f 8400 | 6c85 004c | 488b 8424 | d001 0000 | 448b 4010 | 49c1 e003 

  0x000001ecb33e6594: ; implicit exception: dispatches to 0x000001ecb33ead49
  0x000001ecb33e6594: 493b 004d 

  0x000001ecb33e6598: ;   {metadata(method data for {method} {0x000001ed1da3d8c0} 'getListeners' '()[Lnet/neoforged/bus/api/EventListener;' in 'net/neoforged/bus/ListenerList')}
  0x000001ecb33e6598: 8bc8 48ba | 98f3 3e1e | ed01 0000 | 4883 82a0 | 0100 0001 | 458b 400c | 49c1 e003 | 4d85 c075 
  0x000001ecb33e65b8: ;   {metadata(method data for {method} {0x000001ed1da3d8c0} 'getListeners' '()[Lnet/neoforged/bus/api/EventListener;' in 'net/neoforged/bus/ListenerList')}
  0x000001ecb33e65b8: 1648 ba98 | f33e 1eed | 0100 0080 | 8ad1 0100 | 0001 e9cf 

  0x000001ecb33e65cc: ;   {metadata('net/neoforged/bus/api/EventListener'[])}
  0x000001ecb33e65cc: 0000 0048 | be90 1bd2 | cbec 0100 | 0041 8b50 | 0849 ba00 | 0000 caec | 0100 0049 | 03d2 483b 
  0x000001ecb33e65ec: 7240 0f85 | 8e00 0000 

  0x000001ecb33e65f4: ;   {metadata(method data for {method} {0x000001ed1da3d8c0} 'getListeners' '()[Lnet/neoforged/bus/api/EventListener;' in 'net/neoforged/bus/ListenerList')}
  0x000001ecb33e65f4: 48ba 98f3 | 3e1e ed01 | 0000 418b | 7008 49ba | 0000 00ca | ec01 0000 | 4903 f248 | 3bb2 e801 
  0x000001ecb33e6614: 0000 750d | 4883 82f0 | 0100 0001 | e979 0000 | 0048 3bb2 | f801 0000 | 750d 4883 | 8200 0200 
  0x000001ecb33e6634: 0001 e963 | 0000 0048 | 83ba e801 | 0000 0075 | 1748 89b2 | e801 0000 | 48c7 82f0 | 0100 0001 
  0x000001ecb33e6654: 0000 00e9 | 4200 0000 | 4883 baf8 | 0100 0000 | 7517 4889 | b2f8 0100 | 0048 c782 | 0002 0000 
  0x000001ecb33e6674: 0100 0000 | e921 0000 | 00e9 1c00 

  0x000001ecb33e6680: ;   {metadata(method data for {method} {0x000001ed1da3d8c0} 'getListeners' '()[Lnet/neoforged/bus/api/EventListener;' in 'net/neoforged/bus/ListenerList')}
  0x000001ecb33e6680: 0000 48ba | 98f3 3e1e | ed01 0000 | 4883 aad8 | 0100 0001 | e9b5 4600 | 00e9 0000 | 0000 4d8b 
  0x000001ecb33e66a0: c848 8b84 | 24c0 0100 

  0x000001ecb33e66a8: ;   {oop(a 'net/neoforged/bus/EventBus'{0x000000070a530518})}
  0x000001ecb33e66a8: 0048 ba18 | 0553 0a07 | 0000 004c 

  0x000001ecb33e66b4: ;   {metadata(method data for {method} {0x000001ed1d21c0e8} 'post' '(Lnet/neoforged/bus/api/Event;)Lnet/neoforged/bus/api/Event;' in 'net/neoforged/bus/EventBus')}
  0x000001ecb33e66b4: 8bc2 48be | e821 741e | ed01 0000 | 4883 8610 | 0200 0001 | 4c8b c00f 

  0x000001ecb33e66cc: ;   {optimized virtual_call}
  0x000001ecb33e66cc: 1f40 00e8 

  0x000001ecb33e66d0: ; ImmutableOopMap {[216]=Oop }
                      ;*invokevirtual post {reexecute=0 rethrow=0 return_oop=0}
                      ; - net.neoforged.bus.EventBus::post@27 (line 315)
                      ; - net.neoforged.neoforge.client.ClientHooks::onClientPauseChangePost@11 (line 270)
                      ; - net.minecraft.client.Minecraft::runTick@733 (line 1233)
  0x000001ecb33e66d0: ac83 fe05 

  0x000001ecb33e66d4: ;   {other}
  0x000001ecb33e66d4: 0f1f 8400 | c486 004d | 488b 9424 | d800 0000 | 8bb2 9400 | 0000 48c1 | e603 0fbe | 7a70 483b 
  0x000001ecb33e66f4: 0648 8bde 

  0x000001ecb33e66f8: ;   {metadata(method data for {method} {0x000001ed0c798a18} 'runTick' '(Z)V' in 'net/minecraft/client/Minecraft')}
  0x000001ecb33e66f8: 48b8 0080 | cd1e ed01 

  0x000001ecb33e6700: ;   {metadata('net/minecraft/client/DeltaTracker$Timer')}
  0x000001ecb33e6700: 0000 49ba | d043 c9cb | ec01 0000 | 4c89 9070 | 1200 0048 | 8380 7812 

  0x000001ecb33e6718: ;   {metadata(method data for {method} {0x000001ed1d2cf1d0} 'updatePauseState' '(Z)V' in 'net/minecraft/client/DeltaTracker$Timer')}
  0x000001ecb33e6718: 0000 0148 | bb68 41ce | 1eed 0100 | 008b 83cc | 0000 0083 | c002 8983 | cc00 0000 | 25fe ff1f 
  0x000001ecb33e6738: 0085 c00f | 841b 4600 

  0x000001ecb33e6740: ;   {metadata(method data for {method} {0x000001ed1d2cf1d0} 'updatePauseState' '(Z)V' in 'net/minecraft/client/DeltaTracker$Timer')}
  0x000001ecb33e6740: 0085 ff48 | bf68 41ce | 1eed 0100 | 0048 bb10 | 0100 0000 | 0000 0074 | 0a48 bb20 | 0100 0000 
  0x000001ecb33e6760: 0000 0048 | 8b04 1f48 | 8d40 0148 | 8904 1f48 | 8bfe 0f84 | 9400 0000 

  0x000001ecb33e6778: ;   {metadata(method data for {method} {0x000001ed1d2cf1d0} 'updatePauseState' '(Z)V' in 'net/minecraft/client/DeltaTracker$Timer')}
  0x000001ecb33e6778: 48bb 6841 | ce1e ed01 | 0000 4883 | 8330 0100 

  0x000001ecb33e6788: ;   {metadata(method data for {method} {0x000001ed1d2cf2a0} 'pause' '()V' in 'net/minecraft/client/DeltaTracker$Timer')}
  0x000001ecb33e6788: 0001 48bf | 6843 ce1e | ed01 0000 | 8b9f cc00 | 0000 83c3 | 0289 9fcc | 0000 0081 | e3fe ff1f 
  0x000001ecb33e67a8: 0085 db0f | 84cc 4500 | 000f be7e 

  0x000001ecb33e67b4: ;   {metadata(method data for {method} {0x000001ed1d2cf2a0} 'pause' '()V' in 'net/minecraft/client/DeltaTracker$Timer')}
  0x000001ecb33e67b4: 3085 ff48 | bf68 43ce | 1eed 0100 | 0048 bb10 | 0100 0000 | 0000 0075 | 0a48 bb20 | 0100 0000 
  0x000001ecb33e67d4: 0000 0048 | 8b04 1f48 | 8d40 0148 | 8904 1f0f | 850a 0000 | 00c5 fa10 | 4620 c5fa | 1146 28c6 
  0x000001ecb33e67f4: ;   {metadata(method data for {method} {0x000001ed1d2cf1d0} 'updatePauseState' '(Z)V' in 'net/minecraft/client/DeltaTracker$Timer')}
  0x000001ecb33e67f4: 4630 0148 | be68 41ce | 1eed 0100 | 00ff 8668 | 0100 00e9 | 7f00 0000 

  0x000001ecb33e680c: ;   {metadata(method data for {method} {0x000001ed1d2cf1d0} 'updatePauseState' '(Z)V' in 'net/minecraft/client/DeltaTracker$Timer')}
  0x000001ecb33e680c: 48bb 6841 | ce1e ed01 | 0000 4883 | 8380 0100 

  0x000001ecb33e681c: ;   {metadata(method data for {method} {0x000001ed1d2cf370} 'unPause' '()V' in 'net/minecraft/client/DeltaTracker$Timer')}
  0x000001ecb33e681c: 0001 48bf | c844 ce1e | ed01 0000 | 8b9f cc00 | 0000 83c3 | 0289 9fcc | 0000 0081 | e3fe ff1f 
  0x000001ecb33e683c: 0085 db0f | 8459 4500 | 000f be7e 

  0x000001ecb33e6848: ;   {metadata(method data for {method} {0x000001ed1d2cf370} 'unPause' '()V' in 'net/minecraft/client/DeltaTracker$Timer')}
  0x000001ecb33e6848: 3085 ff48 | bfc8 44ce | 1eed 0100 | 0048 bb10 | 0100 0000 | 0000 0074 | 0a48 bb20 | 0100 0000 
  0x000001ecb33e6868: 0000 0048 | 8b04 1f48 | 8d40 0148 | 8904 1f0f | 840a 0000 | 00c5 fa10 | 4628 c5fa | 1146 20c6 
  0x000001ecb33e6888: 4630 008b | b294 0000 | 0048 c1e6 | 0348 8bfa 

  0x000001ecb33e6898: ;   {metadata(method data for {method} {0x000001ed0c798a18} 'runTick' '(Z)V' in 'net/minecraft/client/Minecraft')}
  0x000001ecb33e6898: 48bb 0080 | cd1e ed01 | 0000 4883 | 8398 1200 

  0x000001ecb33e68a8: ;   {metadata(method data for {method} {0x000001ed0c79b5c8} 'isLevelRunningNormally' '()Z' in 'net/minecraft/client/Minecraft')}
  0x000001ecb33e68a8: 0001 48bf | e05d c61e | ed01 0000 | 8b9f cc00 | 0000 83c3 | 0289 9fcc | 0000 0081 | e3fe ff1f 
  0x000001ecb33e68c8: 0085 db0f | 84ee 4400 | 008b ba7c | 0100 0048 | c1e7 0348 

  0x000001ecb33e68dc: ;   {metadata(method data for {method} {0x000001ed0c79b5c8} 'isLevelRunningNormally' '()Z' in 'net/minecraft/client/Minecraft')}
  0x000001ecb33e68dc: 85ff 48bb | e05d c61e | ed01 0000 | 48b8 1001 | 0000 0000 | 0000 740a | 48b8 2001 | 0000 0000 
  0x000001ecb33e68fc: 0000 488b | 0c03 488d | 4901 4889 | 0c03 4889 | b424 d801 | 0000 0f84 | 9801 0000 

  0x000001ecb33e6918: ; implicit exception: dispatches to 0x000001ecb33eade0
  0x000001ecb33e6918: 483b 0748 

  0x000001ecb33e691c: ;   {metadata(method data for {method} {0x000001ed0c79b5c8} 'isLevelRunningNormally' '()Z' in 'net/minecraft/client/Minecraft')}
  0x000001ecb33e691c: 8bdf 48b8 | e05d c61e | ed01 0000 | 8b5b 0849 | ba00 0000 | caec 0100 | 0049 03da | 483b 9840 
  0x000001ecb33e693c: 0100 0075 | 0d48 8380 | 4801 0000 | 01e9 6000 | 0000 483b | 9850 0100 | 0075 0d48 | 8380 5801 
  0x000001ecb33e695c: 0000 01e9 | 4a00 0000 | 4883 b840 | 0100 0000 | 7517 4889 | 9840 0100 | 0048 c780 | 4801 0000 
  0x000001ecb33e697c: 0100 0000 | e929 0000 | 0048 83b8 | 5001 0000 | 0075 1748 | 8998 5001 | 0000 48c7 | 8058 0100 
  0x000001ecb33e699c: 0001 0000 | 00e9 0800 | 0000 4883 | 8030 0100 | 0001 488b | d70f 1f40 | 0048 b8ff | ffff ffff 
  0x000001ecb33e69bc: ;   {virtual_call}
  0x000001ecb33e69bc: ffff ffe8 

  0x000001ecb33e69c0: ; ImmutableOopMap {[216]=Oop [472]=Oop }
                      ;*invokevirtual tickRateManager {reexecute=0 rethrow=0 return_oop=0}
                      ; - net.minecraft.client.Minecraft::isLevelRunningNormally@11 (line 1919)
                      ; - net.minecraft.client.Minecraft::runTick@752 (line 1236)
  0x000001ecb33e69c0: bc83 fe05 

  0x000001ecb33e69c4: ;   {other}
  0x000001ecb33e69c4: 0f1f 8400 | b489 004e 

  0x000001ecb33e69cc: ; implicit exception: dispatches to 0x000001ecb33eade5
  0x000001ecb33e69cc: 483b 0048 

  0x000001ecb33e69d0: ;   {metadata(method data for {method} {0x000001ed0c79b5c8} 'isLevelRunningNormally' '()Z' in 'net/minecraft/client/Minecraft')}
  0x000001ecb33e69d0: 8bd0 48be | e05d c61e | ed01 0000 | 8b52 0849 | ba00 0000 | caec 0100 | 0049 03d2 | 483b 9678 
  0x000001ecb33e69f0: 0100 0075 | 0d48 8386 | 8001 0000 | 01e9 6000 | 0000 483b | 9688 0100 | 0075 0d48 | 8386 9001 
  0x000001ecb33e6a10: 0000 01e9 | 4a00 0000 | 4883 be78 | 0100 0000 | 7517 4889 | 9678 0100 | 0048 c786 | 8001 0000 
  0x000001ecb33e6a30: 0100 0000 | e929 0000 | 0048 83be | 8801 0000 | 0075 1748 | 8996 8801 | 0000 48c7 | 8690 0100 
  0x000001ecb33e6a50: 0001 0000 | 00e9 0800 | 0000 4883 | 8668 0100 | 0001 488b | d048 b8ff | ffff ffff 

  0x000001ecb33e6a6c: ;   {virtual_call}
  0x000001ecb33e6a6c: ffff ffe8 

  0x000001ecb33e6a70: ; ImmutableOopMap {[216]=Oop [472]=Oop }
                      ;*invokevirtual runsNormally {reexecute=0 rethrow=0 return_oop=0}
                      ; - net.minecraft.client.Minecraft::isLevelRunningNormally@14 (line 1919)
                      ; - net.minecraft.client.Minecraft::runTick@752 (line 1236)
  0x000001ecb33e6a70: 0c83 fe05 

  0x000001ecb33e6a74: ;   {other}
  0x000001ecb33e6a74: 0f1f 8400 | 648a 004f 

  0x000001ecb33e6a7c: ;   {metadata(method data for {method} {0x000001ed0c79b5c8} 'isLevelRunningNormally' '()Z' in 'net/minecraft/client/Minecraft')}
  0x000001ecb33e6a7c: 85c0 48ba | e05d c61e | ed01 0000 | 48be a001 | 0000 0000 | 0000 740a | 48be b001 | 0000 0000 
  0x000001ecb33e6a9c: 0000 488b | 3c32 488d | 7f01 4889 | 3c32 0f84 | 1a00 0000 

  0x000001ecb33e6ab0: ;   {metadata(method data for {method} {0x000001ed0c79b5c8} 'isLevelRunningNormally' '()Z' in 'net/minecraft/client/Minecraft')}
  0x000001ecb33e6ab0: 48ba e05d | c61e ed01 | 0000 ff82 | c001 0000 | ba01 0000 | 00e9 0500 | 0000 ba00 | 0000 0083 
  0x000001ecb33e6ad0: e201 85d2 

  0x000001ecb33e6ad4: ;   {metadata(method data for {method} {0x000001ed0c798a18} 'runTick' '(Z)V' in 'net/minecraft/client/Minecraft')}
  0x000001ecb33e6ad4: 48ba 0080 | cd1e ed01 | 0000 48be | d012 0000 | 0000 0000 | 750a 48be | e012 0000 | 0000 0000 
  0x000001ecb33e6af4: 488b 3c32 | 488d 7f01 | 4889 3c32 | 0f85 1a00 

  0x000001ecb33e6b04: ;   {metadata(method data for {method} {0x000001ed0c798a18} 'runTick' '(Z)V' in 'net/minecraft/client/Minecraft')}
  0x000001ecb33e6b04: 0000 48ba | 0080 cd1e | ed01 0000 | ff82 f012 | 0000 ba01 | 0000 00e9 | 0500 0000 | ba00 0000 
  0x000001ecb33e6b24: 0048 8bb4 | 24d8 0100 | 0048 3b06 

  0x000001ecb33e6b30: ;   {metadata(method data for {method} {0x000001ed0c798a18} 'runTick' '(Z)V' in 'net/minecraft/client/Minecraft')}
  0x000001ecb33e6b30: 488b c648 | b900 80cd | 1eed 0100 

  0x000001ecb33e6b3c: ;   {metadata('net/minecraft/client/DeltaTracker$Timer')}
  0x000001ecb33e6b3c: 0049 bad0 | 43c9 cbec | 0100 004c | 8991 1813 | 0000 4883 | 8120 1300 | 0001 83e2 | 0188 5631 
  0x000001ecb33e6b5c: ;   {metadata(method data for {method} {0x000001ed0c798a18} 'runTick' '(Z)V' in 'net/minecraft/client/Minecraft')}
  0x000001ecb33e6b5c: 48ba 0080 | cd1e ed01 | 0000 4883 | 8240 1300 

  0x000001ecb33e6b6c: ;   {metadata(method data for {method} {0x000001ed0ce5c128} 'getNanos' '()J' in 'net/minecraft/Util')}
  0x000001ecb33e6b6c: 0001 48ba | f0fb 821e | ed01 0000 | 8bb2 cc00 | 0000 83c6 | 0289 b2cc | 0000 0081 | e6fe ff1f 
  0x000001ecb33e6b8c: 0085 f60f | 845a 4200 

  0x000001ecb33e6b94: ;   {oop(a 'java/lang/Class'{0x000000070234b250} = 'net/minecraft/Util')}
  0x000001ecb33e6b94: 0048 ba50 | b234 0207 | 0000 008b | 928c 0000 | 0048 c1e2 | 0348 3b02 

  0x000001ecb33e6bac: ;   {metadata(method data for {method} {0x000001ed0ce5c128} 'getNanos' '()J' in 'net/minecraft/Util')}
  0x000001ecb33e6bac: 488b f248 | b8f0 fb82 | 1eed 0100 | 008b 7608 | 49ba 0000 | 00ca ec01 | 0000 4903 | f248 3bb0 
  0x000001ecb33e6bcc: 2001 0000 | 750d 4883 | 8028 0100 | 0001 e960 | 0000 0048 | 3bb0 3001 | 0000 750d | 4883 8038 
  0x000001ecb33e6bec: 0100 0001 | e94a 0000 | 0048 83b8 | 2001 0000 | 0075 1748 | 89b0 2001 | 0000 48c7 | 8028 0100 
  0x000001ecb33e6c0c: 0001 0000 | 00e9 2900 | 0000 4883 | b830 0100 | 0000 7517 | 4889 b030 | 0100 0048 | c780 3801 
  0x000001ecb33e6c2c: 0000 0100 | 0000 e908 | 0000 0048 | 8380 1001 | 0000 0166 | 0f1f 4400 | 0048 b818 | 9bcd cbec 
  0x000001ecb33e6c4c: ;   {virtual_call}
  0x000001ecb33e6c4c: 0100 00e8 

  0x000001ecb33e6c50: ; ImmutableOopMap {[216]=Oop }
                      ;*invokeinterface getAsLong {reexecute=0 rethrow=0 return_oop=0}
                      ; - net.minecraft.Util::getNanos@3 (line 138)
                      ; - net.minecraft.client.Minecraft::runTick@766 (line 1237)
  0x000001ecb33e6c50: cc40 d306 

  0x000001ecb33e6c54: ;   {other}
  0x000001ecb33e6c54: 0f1f 8400 | 448c 0050 | 488b 9424 | d800 0000 | 488b 7228 | 488b f848 | 2bfe 8bb4 | 2438 0100 
  0x000001ecb33e6c74: ;   {metadata(method data for {method} {0x000001ed0c798a18} 'runTick' '(Z)V' in 'net/minecraft/client/Minecraft')}
  0x000001ecb33e6c74: 0085 f648 | be00 80cd | 1eed 0100 | 0048 bb50 | 1300 0000 | 0000 0074 | 0a48 bb60 | 1300 0000 
  0x000001ecb33e6c94: 0000 0048 | 8b0c 1e48 | 8d49 0148 | 890c 1e0f | 8404 0000 | 0048 897a | 4048 8984 | 24e8 0100 
  0x000001ecb33e6cb4: 0048 8bf2 

  0x000001ecb33e6cb8: ;   {metadata(method data for {method} {0x000001ed0c798a18} 'runTick' '(Z)V' in 'net/minecraft/client/Minecraft')}
  0x000001ecb33e6cb8: 48bb 0080 | cd1e ed01 

  0x000001ecb33e6cc0: ;   {metadata('net/minecraft/client/Minecraft')}
  0x000001ecb33e6cc0: 0000 49ba | 9806 36cb | ec01 0000 | 4c89 9380 | 1300 0048 | 8383 8813 

  0x000001ecb33e6cd8: ;   {metadata(method data for {method} {0x000001ed0c7b1408} 'getDebugOverlay' '()Lnet/minecraft/client/gui/components/DebugScreenOverlay;' in 'net/minecraft/client/Minecraft')}
  0x000001ecb33e6cd8: 0000 0148 | bed0 b983 | 1eed 0100 | 008b 9ecc | 0000 0083 | c302 899e | cc00 0000 | 81e3 feff 
  0x000001ecb33e6cf8: 1f00 85db | 0f84 1341 | 0000 8bb2 | c400 0000 | 48c1 e603 

  0x000001ecb33e6d0c: ; implicit exception: dispatches to 0x000001ecb33eae36
  0x000001ecb33e6d0c: 483b 0648 

  0x000001ecb33e6d10: ;   {metadata(method data for {method} {0x000001ed0c7b1408} 'getDebugOverlay' '()Lnet/minecraft/client/gui/components/DebugScreenOverlay;' in 'net/minecraft/client/Minecraft')}
  0x000001ecb33e6d10: 8bde 48b9 | d0b9 831e | ed01 0000 

  0x000001ecb33e6d1c: ;   {metadata('net/minecraft/client/gui/Gui')}
  0x000001ecb33e6d1c: 49ba 40eb | f9cb ec01 | 0000 4c89 | 9120 0100 | 0048 8381 | 2801 0000 | 018b 7670 | 48c1 e603 
  0x000001ecb33e6d3c: ; implicit exception: dispatches to 0x000001ecb33eae3b
  0x000001ecb33e6d3c: 483b 0648 

  0x000001ecb33e6d40: ;   {metadata(method data for {method} {0x000001ed0c798a18} 'runTick' '(Z)V' in 'net/minecraft/client/Minecraft')}
  0x000001ecb33e6d40: 8bde 48b9 | 0080 cd1e | ed01 0000 

  0x000001ecb33e6d4c: ;   {metadata('net/minecraft/client/gui/components/DebugScreenOverlay')}
  0x000001ecb33e6d4c: 49ba 5073 | facb ec01 | 0000 4c89 | 91b8 1300 | 0048 8381 | c013 0000 

  0x000001ecb33e6d64: ;   {metadata(method data for {method} {0x000001ed1e419ac0} 'logFrameDuration' '(J)V' in 'net/minecraft/client/gui/components/DebugScreenOverlay')}
  0x000001ecb33e6d64: 0148 bbd8 | 47ce 1eed | 0100 008b | 8bcc 0000 | 0083 c102 | 898b cc00 | 0000 81e1 | feff 1f00 
  0x000001ecb33e6d84: 85c9 0f84 | b440 0000 | 8b76 3048 | c1e6 0348 | 3b06 488b 

  0x000001ecb33e6d98: ;   {metadata(method data for {method} {0x000001ed1e419ac0} 'logFrameDuration' '(J)V' in 'net/minecraft/client/gui/components/DebugScreenOverlay')}
  0x000001ecb33e6d98: de48 b9d8 | 47ce 1eed | 0100 008b | 5b08 49ba | 0000 00ca | ec01 0000 | 4903 da48 | 3b99 2001 
  0x000001ecb33e6db8: 0000 750d | 4883 8128 | 0100 0001 | e960 0000 | 0048 3b99 | 3001 0000 | 750d 4883 | 8138 0100 
  0x000001ecb33e6dd8: 0001 e94a | 0000 0048 | 83b9 2001 | 0000 0075 | 1748 8999 | 2001 0000 | 48c7 8128 | 0100 0001 
  0x000001ecb33e6df8: 0000 00e9 | 2900 0000 | 4883 b930 | 0100 0000 | 7517 4889 | 9930 0100 | 0048 c781 | 3801 0000 
  0x000001ecb33e6e18: 0100 0000 | e908 0000 | 0048 8381 | 1001 0000 

  0x000001ecb33e6e28: ;   {metadata(method data for {method} {0x000001ed1e41f408} 'logSample' '(J)V' in 'net/minecraft/util/debugchart/AbstractSampleLogger')}
  0x000001ecb33e6e28: 0148 bb70 | 49ce 1eed | 0100 008b | 8bcc 0000 | 0083 c102 | 898b cc00 | 0000 81e1 | feff 1f00 
  0x000001ecb33e6e48: 85c9 0f84 | 1640 0000 | 8b5e 1048 | c1e3 0383 | 7b0c 000f | 8630 4000 | 0048 897b | 1048 8bfe 
  0x000001ecb33e6e68: ;   {metadata(method data for {method} {0x000001ed1e41f408} 'logSample' '(J)V' in 'net/minecraft/util/debugchart/AbstractSampleLogger')}
  0x000001ecb33e6e68: 48bb 7049 | ce1e ed01 

  0x000001ecb33e6e70: ;   {metadata('net/minecraft/util/debugchart/LocalSampleLogger')}
  0x000001ecb33e6e70: 0000 49ba | 5052 facb | ec01 0000 | 4c89 9320 | 0100 0048 | 8383 2801 | 0000 0148 | 8bd6 4889 
  0x000001ecb33e6e90: b424 e001 

  0x000001ecb33e6e94: ;   {optimized virtual_call}
  0x000001ecb33e6e94: 0000 90e8 

  0x000001ecb33e6e98: ; ImmutableOopMap {[216]=Oop [480]=Oop }
                      ;*invokevirtual useSample {reexecute=0 rethrow=0 return_oop=0}
                      ; - net.minecraft.util.debugchart.AbstractSampleLogger::logSample@8 (line 26)
                      ; - net.minecraft.client.gui.components.DebugScreenOverlay::logFrameDuration@5 (line 648)
                      ; - net.minecraft.client.Minecraft::runTick@797 (line 1243)
  0x000001ecb33e6e98: e4d6 0b00 

  0x000001ecb33e6e9c: ;   {other}
  0x000001ecb33e6e9c: 0f1f 8400 | 8c8e 0051 | 488b b424 | e001 0000 

  0x000001ecb33e6eac: ;   {metadata(method data for {method} {0x000001ed1e41f408} 'logSample' '(J)V' in 'net/minecraft/util/debugchart/AbstractSampleLogger')}
  0x000001ecb33e6eac: 48ba 7049 | ce1e ed01 | 0000 8b76 | 0849 ba00 | 0000 caec | 0100 0049 | 03f2 483b | b258 0100 
  0x000001ecb33e6ecc: 0075 0d48 | 8382 6001 | 0000 01e9 | 6000 0000 | 483b b268 | 0100 0075 | 0d48 8382 | 7001 0000 
  0x000001ecb33e6eec: 01e9 4a00 | 0000 4883 | ba58 0100 | 0000 7517 | 4889 b258 | 0100 0048 | c782 6001 | 0000 0100 
  0x000001ecb33e6f0c: 0000 e929 | 0000 0048 | 83ba 6801 | 0000 0075 | 1748 89b2 | 6801 0000 | 48c7 8270 | 0100 0001 
  0x000001ecb33e6f2c: 0000 00e9 | 0800 0000 | 4883 8248 | 0100 0001 | 488b 9424 | e001 0000 

  0x000001ecb33e6f44: ;   {optimized virtual_call}
  0x000001ecb33e6f44: 6666 90e8 

  0x000001ecb33e6f48: ; ImmutableOopMap {[216]=Oop }
                      ;*invokevirtual resetSample {reexecute=0 rethrow=0 return_oop=0}
                      ; - net.minecraft.util.debugchart.AbstractSampleLogger::logSample@12 (line 27)
                      ; - net.minecraft.client.gui.components.DebugScreenOverlay::logFrameDuration@5 (line 648)
                      ; - net.minecraft.client.Minecraft::runTick@797 (line 1243)
  0x000001ecb33e6f48: 94d1 0b00 

  0x000001ecb33e6f4c: ;   {other}
  0x000001ecb33e6f4c: 0f1f 8400 | 3c8f 0052 | 488b 9424 | d800 0000 | 488b 8424 | e801 0000 | 4889 4228 | 8bb2 b801 
  0x000001ecb33e6f6c: 0000 48c1 | e603 4885 | f60f 8429 

  0x000001ecb33e6f78: ;   {metadata('net/minecraft/util/profiling/InactiveProfiler')}
  0x000001ecb33e6f78: 0000 0048 | b9c0 72c9 | cbec 0100 | 008b 4608 | 49ba 0000 | 00ca ec01 | 0000 4903 | c248 3b48 
  0x000001ecb33e6f98: 380f 8504 | 3f00 00e9 | 0000 0000 | 488b fe48 

  0x000001ecb33e6fa8: ;   {metadata(method data for {method} {0x000001ed0c798a18} 'runTick' '(Z)V' in 'net/minecraft/client/Minecraft')}
  0x000001ecb33e6fa8: 3b06 48bf | 0080 cd1e | ed01 0000 

  0x000001ecb33e6fb4: ;   {metadata('net/minecraft/util/profiling/InactiveProfiler')}
  0x000001ecb33e6fb4: 49ba c072 | c9cb ec01 | 0000 4c89 | 97f0 1300 | 0048 8387 | f813 0000 

  0x000001ecb33e6fcc: ;   {metadata(method data for {method} {0x000001ed1d2bf608} 'push' '(Ljava/lang/String;)V' in 'net/minecraft/util/profiling/InactiveProfiler')}
  0x000001ecb33e6fcc: 0148 be90 | 9881 1eed | 0100 008b | becc 0000 | 0083 c702 | 89be cc00 | 0000 81e7 | feff 1f00 
  0x000001ecb33e6fec: 85ff 0f84 | b93e 0000 | 8bb2 cc01 | 0000 48c1 | e603 4885 

  0x000001ecb33e7000: ;   {metadata(method data for {method} {0x000001ed0c798a18} 'runTick' '(Z)V' in 'net/minecraft/client/Minecraft')}
  0x000001ecb33e7000: f648 bf00 | 80cd 1eed | 0100 0048 | bb18 1400 | 0000 0000 | 0074 0a48 | bb28 1400 | 0000 0000 
  0x000001ecb33e7020: 0048 8b04 | 1f48 8d40 | 0148 8904 | 1f0f 84ad | 0000 0048 | 8bd6 0f1f | 8000 0000 | 0048 b8ff 
  0x000001ecb33e7040: ffff ffff 

  0x000001ecb33e7044: ;   {virtual_call}
  0x000001ecb33e7044: ffff ffe8 

  0x000001ecb33e7048: ; ImmutableOopMap {[216]=Oop }
                      ;*invokevirtual isDone {reexecute=0 rethrow=0 return_oop=0}
                      ; - net.minecraft.client.Minecraft::runTick@829 (line 1246)
  0x000001ecb33e7048: 347d fe05 

  0x000001ecb33e704c: ;   {other}
  0x000001ecb33e704c: 0f1f 8400 | 3c90 0053 

  0x000001ecb33e7054: ;   {metadata(method data for {method} {0x000001ed0c798a18} 'runTick' '(Z)V' in 'net/minecraft/client/Minecraft')}
  0x000001ecb33e7054: 85c0 48ba | 0080 cd1e | ed01 0000 | 48be 7014 | 0000 0000 | 0000 740a | 48be 8014 | 0000 0000 
  0x000001ecb33e7074: 0000 488b | 3c32 488d | 7f01 4889 | 3c32 0f84 | 5800 0000 | 488b 9424 | d800 0000 | 8bb2 cc01 
  0x000001ecb33e7094: 0000 48c1 | e603 488b | d648 b8ff | ffff ffff 

  0x000001ecb33e70a4: ;   {virtual_call}
  0x000001ecb33e70a4: ffff ffe8 

  0x000001ecb33e70a8: ; ImmutableOopMap {[216]=Oop }
                      ;*invokevirtual get {reexecute=0 rethrow=0 return_oop=0}
                      ; - net.minecraft.client.Minecraft::runTick@840 (line 1247)
  0x000001ecb33e70a8: d47c fe05 

  0x000001ecb33e70ac: ;   {other}
  0x000001ecb33e70ac: 0f1f 8400 | 9c90 0054 | 488b 9424 | d800 0000 | 488b 7240 | c4e1 fb2a 

  0x000001ecb33e70c4: ;   {section_word}
  0x000001ecb33e70c4: c0c5 fb59 | 0593 82ff | ffc4 e1f3 | 2ace c5fb | 5ec1 c5fb | 1142 480f | 1f44 0000 

  0x000001ecb33e70e0: ;   {metadata(method data for {method} {0x000001ed0c798a18} 'runTick' '(Z)V' in 'net/minecraft/client/Minecraft')}
  0x000001ecb33e70e0: 48bf 0080 | cd1e ed01 | 0000 4883 | 87c8 1400 

  0x000001ecb33e70f0: ;   {metadata(method data for {method} {0x000001ed0ce5c088} 'getMillis' '()J' in 'net/minecraft/Util')}
  0x000001ecb33e70f0: 0001 48bf | 90f7 821e | ed01 0000 | 8b9f cc00 | 0000 83c3 | 0289 9fcc | 0000 0081 | e3fe ff1f 
  0x000001ecb33e7110: 0085 db0f | 84b5 3d00 

  0x000001ecb33e7118: ;   {metadata(method data for {method} {0x000001ed0ce5c088} 'getMillis' '()J' in 'net/minecraft/Util')}
  0x000001ecb33e7118: 0048 bf90 | f782 1eed | 0100 0048 | 8387 1001 

  0x000001ecb33e7128: ;   {metadata(method data for {method} {0x000001ed0ce5c128} 'getNanos' '()J' in 'net/minecraft/Util')}
  0x000001ecb33e7128: 0000 0148 | bff0 fb82 | 1eed 0100 | 008b 9fcc | 0000 0083 | c302 899f | cc00 0000 | 81e3 feff 
  0x000001ecb33e7148: 1f00 85db | 0f84 9d3d 

  0x000001ecb33e7150: ;   {oop(a 'java/lang/Class'{0x000000070234b250} = 'net/minecraft/Util')}
  0x000001ecb33e7150: 0000 48bf | 50b2 3402 | 0700 0000 | 8bbf 8c00 | 0000 48c1 | e703 483b | 0748 8bdf 

  0x000001ecb33e716c: ;   {metadata(method data for {method} {0x000001ed0ce5c128} 'getNanos' '()J' in 'net/minecraft/Util')}
  0x000001ecb33e716c: 48b8 f0fb | 821e ed01 | 0000 8b5b | 0849 ba00 | 0000 caec | 0100 0049 | 03da 483b | 9820 0100 
  0x000001ecb33e718c: 0075 0d48 | 8380 2801 | 0000 01e9 | 6000 0000 | 483b 9830 | 0100 0075 | 0d48 8380 | 3801 0000 
  0x000001ecb33e71ac: 01e9 4a00 | 0000 4883 | b820 0100 | 0000 7517 | 4889 9820 | 0100 0048 | c780 2801 | 0000 0100 
  0x000001ecb33e71cc: 0000 e929 | 0000 0048 | 83b8 3001 | 0000 0075 | 1748 8998 | 3001 0000 | 48c7 8038 | 0100 0001 
  0x000001ecb33e71ec: 0000 00e9 | 0800 0000 | 4883 8010 | 0100 0001 | 488b d766 | 0f1f 4400 | 0048 b818 | 9bcd cbec 
  0x000001ecb33e720c: ;   {virtual_call}
  0x000001ecb33e720c: 0100 00e8 

  0x000001ecb33e7210: ; ImmutableOopMap {[216]=Oop }
                      ;*invokeinterface getAsLong {reexecute=0 rethrow=0 return_oop=0}
                      ; - net.minecraft.Util::getNanos@3 (line 138)
                      ; - net.minecraft.Util::getMillis@0 (line 134)
                      ; - net.minecraft.client.Minecraft::runTick@857 (line 1250)
  0x000001ecb33e7210: 0c3b d306 

  0x000001ecb33e7214: ;   {other}
  0x000001ecb33e7214: 0f1f 8400 | 0492 0055 | 48b9 4042 | 0f00 0000 | 0000 488b | d048 8bf1 | 488b ce48 | 83fe 000f 
  0x000001ecb33e7234: 84dc 3c00 

  0x000001ecb33e7238: ;   {runtime_call}
  0x000001ecb33e7238: 0048 b810 | 9fff 33f9 | 7f00 00ff 

  0x000001ecb33e7244: ;   {other}
  0x000001ecb33e7244: d00f 1f84 | 0000 0000 | 0048 8b94 | 24d8 0000 | 004c 8b42 | 3048 bee8 | 0300 0000 | 0000 004c 
  0x000001ecb33e7264: 03c6 493b 

  0x000001ecb33e7268: ;   {metadata(method data for {method} {0x000001ed0c798a18} 'runTick' '(Z)V' in 'net/minecraft/client/Minecraft')}
  0x000001ecb33e7268: c049 b800 | 80cd 1eed | 0100 0048 | bed8 1400 | 0000 0000 | 007c 0a48 | bee8 1400 | 0000 0000 
  0x000001ecb33e7288: 0049 8b3c | 3048 8d7f | 0149 893c | 300f 8cc2 | 1800 00c5 | fb10 4248 | c5f1 57c9 | c5f9 2ec1 
  0x000001ecb33e72a8: 41b8 ffff | ffff 0f8a | 1500 0000 | 0f82 0f00 | 0000 41b8 | 0000 0000 | 0f84 0300 | 0000 49ff 
  0x000001ecb33e72c8: c045 85c0 

  0x000001ecb33e72cc: ;   {metadata(method data for {method} {0x000001ed0c798a18} 'runTick' '(Z)V' in 'net/minecraft/client/Minecraft')}
  0x000001ecb33e72cc: 49b8 0080 | cd1e ed01 | 0000 48be | f814 0000 | 0000 0000 | 7e0a 48be | 0815 0000 | 0000 0000 
  0x000001ecb33e72ec: 498b 3c30 | 488d 7f01 | 4989 3c30 | 0f8e ee01 

  0x000001ecb33e72fc: ;   {section_word}
  0x000001ecb33e72fc: 0000 c5fb | 100d 6280 | ffff c5f9 | 2ec1 41b8 | ffff ffff | 0f8a 1500 | 0000 0f82 | 0f00 0000 
  0x000001ecb33e731c: 41b8 0000 | 0000 0f84 | 0300 0000 | 49ff c045 

  0x000001ecb33e732c: ;   {metadata(method data for {method} {0x000001ed0c798a18} 'runTick' '(Z)V' in 'net/minecraft/client/Minecraft')}
  0x000001ecb33e732c: 85c0 49b8 | 0080 cd1e | ed01 0000 | 48be 1815 | 0000 0000 | 0000 7e0a | 48be 2815 | 0000 0000 
  0x000001ecb33e734c: 0000 498b | 3c30 488d | 7f01 4989 | 3c30 0f8e | d100 0000 

  0x000001ecb33e7360: ;   {metadata(method data for {method} {0x000001ed0c798a18} 'runTick' '(Z)V' in 'net/minecraft/client/Minecraft')}
  0x000001ecb33e7360: 49b8 0080 | cd1e ed01 | 0000 4983 | 8038 1500 

  0x000001ecb33e7370: ;   {metadata(method data for {method} {0x000001ecca459738} 'valueOf' '(Ljava/lang/Object;)Ljava/lang/String;' in 'java/lang/String')}
  0x000001ecb33e7370: 0001 49b8 | b036 080b | ed01 0000 | 418b b0cc | 0000 0083 | c602 4189 | b0cc 0000 | 0081 e6fe 
  0x000001ecb33e7390: ff1f 0085 | f60f 847f 

  0x000001ecb33e7398: ;   {metadata(method data for {method} {0x000001ecca459738} 'valueOf' '(Ljava/lang/Object;)Ljava/lang/String;' in 'java/lang/String')}
  0x000001ecb33e7398: 3b00 0049 | b8b0 3608 | 0bed 0100 | 0041 ff80 | 1001 0000 

  0x000001ecb33e73ac: ;   {oop(a 'net/minecraft/ChatFormatting'{0x0000000705f391c0})}
  0x000001ecb33e73ac: 49b8 c091 | f305 0700 | 0000 498b 

  0x000001ecb33e73b8: ;   {metadata(method data for {method} {0x000001ecca459738} 'valueOf' '(Ljava/lang/Object;)Ljava/lang/String;' in 'java/lang/String')}
  0x000001ecb33e73b8: f048 bfb0 | 3608 0bed | 0100 0048 | 8387 4801 | 0000 0145 | 8b40 2449 | c1e0 030f | 1f44 0000 
  0x000001ecb33e73d8: ;   {no_reloc}
  0x000001ecb33e73d8: e972 3b00 | 0090 9090 | 9090 498b | d04c 8bc6 | 0f1f 8000 

  0x000001ecb33e73ec: ;   {static_call}
  0x000001ecb33e73ec: 0000 00e8 

  0x000001ecb33e73f0: ; ImmutableOopMap {[216]=Oop }
                      ;*invokedynamic {reexecute=0 rethrow=0 return_oop=0}
                      ; - net.minecraft.client.Minecraft::runTick@898 (line 1253)
  0x000001ecb33e73f0: 8c7c fe05 

  0x000001ecb33e73f4: ;   {other}
  0x000001ecb33e73f4: 0f1f 8400 | e493 0056 

  0x000001ecb33e73fc: ;   {metadata(method data for {method} {0x000001ed0c798a18} 'runTick' '(Z)V' in 'net/minecraft/client/Minecraft')}
  0x000001ecb33e73fc: 48be 0080 | cd1e ed01 | 0000 488d | b668 1500 | 0048 85c0 | 750a f606 | 0175 05f0 | 4883 0e01 
  0x000001ecb33e741c: ;   {metadata(method data for {method} {0x000001ed0c798a18} 'runTick' '(Z)V' in 'net/minecraft/client/Minecraft')}
  0x000001ecb33e741c: 48be 0080 | cd1e ed01 | 0000 ff86 | 7815 0000 | e963 0000 

  0x000001ecb33e7430: ;   {metadata(method data for {method} {0x000001ed0c798a18} 'runTick' '(Z)V' in 'net/minecraft/client/Minecraft')}
  0x000001ecb33e7430: 0048 be00 | 80cd 1eed | 0100 0048 | 8386 9015 | 0000 010f 

  0x000001ecb33e7444: ;   {static_call}
  0x000001ecb33e7444: 1f40 00e8 

  0x000001ecb33e7448: ; ImmutableOopMap {[216]=Oop }
                      ;*invokestatic round {reexecute=0 rethrow=0 return_oop=0}
                      ; - net.minecraft.client.Minecraft::runTick@910 (line 1253)
  0x000001ecb33e7448: 347c fe05 

  0x000001ecb33e744c: ;   {other}
  0x000001ecb33e744c: 0f1f 8400 | 3c94 0057 | 0f1f 4000 

  0x000001ecb33e7458: ;   {no_reloc}
  0x000001ecb33e7458: e90b 3b00 | 0090 9090 | 9090 488b 

  0x000001ecb33e7464: ;   {static_call}
  0x000001ecb33e7464: d066 90e8 

  0x000001ecb33e7468: ; ImmutableOopMap {[216]=Oop }
                      ;*invokedynamic {reexecute=0 rethrow=0 return_oop=0}
                      ; - net.minecraft.client.Minecraft::runTick@913 (line 1253)
  0x000001ecb33e7468: 147c fe05 

  0x000001ecb33e746c: ;   {other}
  0x000001ecb33e746c: 0f1f 8400 | 5c94 0058 

  0x000001ecb33e7474: ;   {metadata(method data for {method} {0x000001ed0c798a18} 'runTick' '(Z)V' in 'net/minecraft/client/Minecraft')}
  0x000001ecb33e7474: 48ba 0080 | cd1e ed01 | 0000 488d | 92b0 1500 | 0048 85c0 | 750a f602 | 0175 05f0 | 4883 0a01 
  0x000001ecb33e7494: 0f1f 4000 

  0x000001ecb33e7498: ;   {no_reloc}
  0x000001ecb33e7498: e9e4 3a00 | 0090 9090 | 9090 488b 

  0x000001ecb33e74a4: ;   {static_call}
  0x000001ecb33e74a4: d066 90e8 

  0x000001ecb33e74a8: ; ImmutableOopMap {[216]=Oop }
                      ;*invokedynamic {reexecute=0 rethrow=0 return_oop=0}
                      ; - net.minecraft.client.Minecraft::runTick@918 (line 1253)
  0x000001ecb33e74a8: d47b fe05 

  0x000001ecb33e74ac: ;   {other}
  0x000001ecb33e74ac: 0f1f 8400 | 9c94 0059 

  0x000001ecb33e74b4: ;   {metadata(method data for {method} {0x000001ed0c798a18} 'runTick' '(Z)V' in 'net/minecraft/client/Minecraft')}
  0x000001ecb33e74b4: 48bb 0080 | cd1e ed01 | 0000 488d | 9be0 1500 | 0048 85c0 | 750a f603 | 0175 05f0 | 4883 0b01 
  0x000001ecb33e74d4: ;   {metadata(method data for {method} {0x000001ed0c798a18} 'runTick' '(Z)V' in 'net/minecraft/client/Minecraft')}
  0x000001ecb33e74d4: 48bb 0080 | cd1e ed01 | 0000 ff83 | f015 0000 | 4c8b c0e9 | 0a00 0000 

  0x000001ecb33e74ec: ;   {oop(""{0x000000070171ec58})}
  0x000001ecb33e74ec: 49b8 58ec | 7101 0700 | 0000 488b | 9424 d800 | 0000 8b5a 

  0x000001ecb33e7500: ;   {oop(a 'java/lang/Class'{0x0000000703089cc8} = 'net/minecraft/client/Minecraft')}
  0x000001ecb33e7500: 6449 b9c8 | 9c08 0307 | 0000 0041 | 8999 9800 | 0000 bb07 | 0000 004c 

  0x000001ecb33e7518: ;   {metadata('java/lang/Object'[])}
  0x000001ecb33e7518: 8bda 48ba | 4012 00ca | ec01 0000 | 4863 db48 | 8bfb 4881 | fbff ffff | 000f 8754 | 3a00 0048 
  0x000001ecb33e7538: be17 0000 | 0000 0000 | 0048 8d34 | 9e48 83e6 | f849 8b87 | b801 0000 | 488d 3430 | 493b b7c8 
  0x000001ecb33e7558: 0100 000f | 872a 3a00 | 0049 89b7 | b801 0000 | 482b f048 | c700 0100 | 0000 488b | ca49 ba00 
  0x000001ecb33e7578: 0000 caec | 0100 0049 | 2bca 8948 | 0889 580c | 4883 ee10 | 4885 f60f | 8411 0000 | 0048 33db 
  0x000001ecb33e7598: 48c1 ee03 | 4889 5cf0 | 0848 ffce | 75f6 418b | 9998 0000 

  0x000001ecb33e75ac: ;   {metadata(method data for {method} {0x000001ed0c798a18} 'runTick' '(Z)V' in 'net/minecraft/client/Minecraft')}
  0x000001ecb33e75ac: 0048 ba00 | 80cd 1eed | 0100 0048 | 8382 0816 

  0x000001ecb33e75bc: ;   {metadata(method data for {method} {0x000001ecca41aee0} 'valueOf' '(I)Ljava/lang/Integer;' in 'java/lang/Integer')}
  0x000001ecb33e75bc: 0000 0148 | bad0 9409 | 0bed 0100 | 008b b2cc | 0000 0083 | c602 89b2 | cc00 0000 | 81e6 feff 
  0x000001ecb33e75dc: 1f00 85f6 | 0f84 af39 | 0000 83fb 

  0x000001ecb33e75e8: ;   {metadata(method data for {method} {0x000001ecca41aee0} 'valueOf' '(I)Ljava/lang/Integer;' in 'java/lang/Integer')}
  0x000001ecb33e75e8: 8048 bad0 | 9409 0bed | 0100 0048 | be10 0100 | 0000 0000 | 007c 0a48 | be20 0100 | 0000 0000 
  0x000001ecb33e7608: 0048 8b3c | 3248 8d7f | 0148 893c | 320f 8c35 | 0000 0083 

  0x000001ecb33e761c: ;   {metadata(method data for {method} {0x000001ecca41aee0} 'valueOf' '(I)Ljava/lang/Integer;' in 'java/lang/Integer')}
  0x000001ecb33e761c: fb7f 48ba | d094 090b | ed01 0000 | 48be 4001 | 0000 0000 | 0000 7e0a | 48be 3001 | 0000 0000 
  0x000001ecb33e763c: 0000 488b | 3c32 488d | 7f01 4889 | 3c32 0f8e | 0b01 0000 

  0x000001ecb33e7650: ;   {metadata('java/lang/Integer')}
  0x000001ecb33e7650: 48ba d058 | 02ca ec01 | 0000 4c8b | c849 8b87 | b801 0000 | 488d 7810 | 493b bfc8 | 0100 000f 
  0x000001ecb33e7670: 8741 3900 | 0049 89bf | b801 0000 | 48c7 0001 | 0000 0048 | 8bca 49ba | 0000 00ca | ec01 0000 
  0x000001ecb33e7690: 492b ca89 | 4808 4833 | c989 480c | 4833 c948 

  0x000001ecb33e76a0: ;   {metadata(method data for {method} {0x000001ecca41aee0} 'valueOf' '(I)Ljava/lang/Integer;' in 'java/lang/Integer')}
  0x000001ecb33e76a0: 8bd0 48be | d094 090b | ed01 0000 | 4883 8650 | 0100 0001 

  0x000001ecb33e76b4: ;   {metadata(method data for {method} {0x000001ecca41b670} '<init>' '(I)V' in 'java/lang/Integer')}
  0x000001ecb33e76b4: 48ba 6096 | 090b ed01 | 0000 8bb2 | cc00 0000 | 83c6 0289 | b2cc 0000 | 0081 e6fe | ff1f 0085 
  0x000001ecb33e76d4: f60f 84e8 | 3800 0048 

  0x000001ecb33e76dc: ;   {metadata(method data for {method} {0x000001ecca41b670} '<init>' '(I)V' in 'java/lang/Integer')}
  0x000001ecb33e76dc: 8bd0 48be | 6096 090b | ed01 0000 | 4883 8610 | 0100 0001 

  0x000001ecb33e76f0: ;   {metadata(method data for {method} {0x000001ecca41c218} '<init>' '()V' in 'java/lang/Number')}
  0x000001ecb33e76f0: 48ba b897 | 090b ed01 | 0000 8bb2 | cc00 0000 | 83c6 0289 | b2cc 0000 | 0081 e6fe | ff1f 0085 
  0x000001ecb33e7710: f60f 84cd | 3800 0048 

  0x000001ecb33e7718: ;   {metadata(method data for {method} {0x000001ecca41c218} '<init>' '()V' in 'java/lang/Number')}
  0x000001ecb33e7718: 8bd0 48be | b897 090b | ed01 0000 | 4883 8610 | 0100 0001 

  0x000001ecb33e772c: ;   {metadata(method data for {method} {0x000001ecca479298} '<init>' '()V' in 'java/lang/Object')}
  0x000001ecb33e772c: 48ba f0f1 | 000b ed01 | 0000 8bb2 | cc00 0000 | 83c6 0289 | b2cc 0000 | 0081 e6fe | ff1f 0085 
  0x000001ecb33e774c: f60f 84b2 | 3800 0089 | 580c e921 | 0000 004c | 8bc8 81c3 | 8000 0000 

  0x000001ecb33e7764: ;   {oop(a 'java/lang/Integer'[256] {0x00000007019b3408})}
  0x000001ecb33e7764: 48ba 0834 | 9b01 0700 | 0000 4863 | db8b 549a | 1048 c1e2 | 0348 8bc2 | 8bb4 243c | 0100 0048 
  0x000001ecb33e7784: 85c0 7516 

  0x000001ecb33e7788: ;   {metadata(method data for {method} {0x000001ed0c798a18} 'runTick' '(Z)V' in 'net/minecraft/client/Minecraft')}
  0x000001ecb33e7788: 48bf 0080 | cd1e ed01 | 0000 808f | 1116 0000 | 01e9 f900 | 0000 418b | 5108 49ba | 0000 00ca 
  0x000001ecb33e77a8: ec01 0000 | 4903 d28b | 7808 49ba | 0000 00ca | ec01 0000 | 4903 fa48 | 8b92 d000 | 0000 483b 
  0x000001ecb33e77c8: fa0f 8427 | 0000 008b | 4a14 483b | 140f 0f84 | 1a00 0000 | 83f9 200f | 859b 0000 

  0x000001ecb33e77e4: ;   {runtime_call slow_subtype_check Runtime1 stub}
  0x000001ecb33e77e4: 0057 52e8 | 94e8 0a06 | 5f5a 85d2 | 0f84 8a00 

  0x000001ecb33e77f4: ;   {metadata(method data for {method} {0x000001ed0c798a18} 'runTick' '(Z)V' in 'net/minecraft/client/Minecraft')}
  0x000001ecb33e77f4: 0000 48bf | 0080 cd1e | ed01 0000 | 8b50 0849 | ba00 0000 | caec 0100 | 0049 03d2 | 483b 9728 
  0x000001ecb33e7814: 1600 0075 | 0d48 8387 | 3016 0000 | 01e9 7100 | 0000 483b | 9738 1600 | 0075 0d48 | 8387 4016 
  0x000001ecb33e7834: 0000 01e9 | 5b00 0000 | 4883 bf28 | 1600 0000 | 7517 4889 | 9728 1600 | 0048 c787 | 3016 0000 
  0x000001ecb33e7854: 0100 0000 | e93a 0000 | 0048 83bf | 3816 0000 | 0075 1748 | 8997 3816 | 0000 48c7 | 8740 1600 
  0x000001ecb33e7874: 0001 0000 | 00e9 1900 | 0000 eb17 

  0x000001ecb33e7880: ;   {metadata(method data for {method} {0x000001ed0c798a18} 'runTick' '(Z)V' in 'net/minecraft/client/Minecraft')}
  0x000001ecb33e7880: 48bf 0080 | cd1e ed01 | 0000 4883 | af18 1600 | 0001 e999 | 3700 0049 | 8d51 1041 | 0fbe 7f40 
  0x000001ecb33e78a0: 85ff 0f85 | 9137 0000 | 4c8b d049 | c1ea 0344 | 8912 488b | fa48 33f8 | 48c1 ef15 | 4883 ff00 
  0x000001ecb33e78c0: 0f85 9137 | 0000 81fe | 0401 0000 

  0x000001ecb33e78cc: ;   {metadata(method data for {method} {0x000001ed0c798a18} 'runTick' '(Z)V' in 'net/minecraft/client/Minecraft')}
  0x000001ecb33e78cc: 48ba 0080 | cd1e ed01 | 0000 48bf | 5016 0000 | 0000 0000 | 750a 48bf | 6016 0000 | 0000 0000 
  0x000001ecb33e78ec: 488b 043a | 488d 4001 | 4889 043a | 0f85 2200 

  0x000001ecb33e78fc: ;   {metadata(method data for {method} {0x000001ed0c798a18} 'runTick' '(Z)V' in 'net/minecraft/client/Minecraft')}
  0x000001ecb33e78fc: 0000 48ba | 0080 cd1e | ed01 0000 | ff82 7016 

  0x000001ecb33e790c: ;   {oop("inf"{0x00000007139e85e0})}
  0x000001ecb33e790c: 0000 48bb | e085 9e13 | 0700 0000 | 4c8b eee9 | d601 0000 

  0x000001ecb33e7920: ;   {metadata(method data for {method} {0x000001ed0c798a18} 'runTick' '(Z)V' in 'net/minecraft/client/Minecraft')}
  0x000001ecb33e7920: 48ba 0080 | cd1e ed01 | 0000 4883 | 8288 1600 

  0x000001ecb33e7930: ;   {metadata(method data for {method} {0x000001ecca41aee0} 'valueOf' '(I)Ljava/lang/Integer;' in 'java/lang/Integer')}
  0x000001ecb33e7930: 0001 48ba | d094 090b | ed01 0000 | 8bba cc00 | 0000 83c7 | 0289 bacc | 0000 0081 | e7fe ff1f 
  0x000001ecb33e7950: 0085 ff0f | 8416 3700 | 0083 fe80 

  0x000001ecb33e795c: ;   {metadata(method data for {method} {0x000001ecca41aee0} 'valueOf' '(I)Ljava/lang/Integer;' in 'java/lang/Integer')}
  0x000001ecb33e795c: 48ba d094 | 090b ed01 | 0000 48bf | 1001 0000 | 0000 0000 | 7c0a 48bf | 2001 0000 | 0000 0000 
  0x000001ecb33e797c: 488b 043a | 488d 4001 | 4889 043a | 0f8c 3500 | 0000 83fe 

  0x000001ecb33e7990: ;   {metadata(method data for {method} {0x000001ecca41aee0} 'valueOf' '(I)Ljava/lang/Integer;' in 'java/lang/Integer')}
  0x000001ecb33e7990: 7f48 bad0 | 9409 0bed | 0100 0048 | bf40 0100 | 0000 0000 | 007e 0a48 | bf30 0100 | 0000 0000 
  0x000001ecb33e79b0: 0048 8b04 | 3a48 8d40 | 0148 8904 | 3a0f 8e0f 

  0x000001ecb33e79c0: ;   {metadata('java/lang/Integer')}
  0x000001ecb33e79c0: 0100 0048 | bad0 5802 | caec 0100 | 004c 8bee | 498b 87b8 | 0100 0048 | 8d78 1049 | 3bbf c801 
  0x000001ecb33e79e0: 0000 0f87 | a836 0000 | 4989 bfb8 | 0100 0048 | c700 0100 | 0000 488b | ca49 ba00 | 0000 caec 
  0x000001ecb33e7a00: 0100 0049 | 2bca 8948 | 0848 33c9 | 8948 0c48 | 33c9 488b 

  0x000001ecb33e7a14: ;   {metadata(method data for {method} {0x000001ecca41aee0} 'valueOf' '(I)Ljava/lang/Integer;' in 'java/lang/Integer')}
  0x000001ecb33e7a14: d048 bed0 | 9409 0bed | 0100 0048 | 8386 5001 

  0x000001ecb33e7a24: ;   {metadata(method data for {method} {0x000001ecca41b670} '<init>' '(I)V' in 'java/lang/Integer')}
  0x000001ecb33e7a24: 0000 0148 | ba60 9609 | 0bed 0100 | 008b b2cc | 0000 0083 | c602 89b2 | cc00 0000 | 81e6 feff 
  0x000001ecb33e7a44: 1f00 85f6 | 0f84 4f36 | 0000 488b 

  0x000001ecb33e7a50: ;   {metadata(method data for {method} {0x000001ecca41b670} '<init>' '(I)V' in 'java/lang/Integer')}
  0x000001ecb33e7a50: d048 be60 | 9609 0bed | 0100 0048 | 8386 1001 

  0x000001ecb33e7a60: ;   {metadata(method data for {method} {0x000001ecca41c218} '<init>' '()V' in 'java/lang/Number')}
  0x000001ecb33e7a60: 0000 0148 | bab8 9709 | 0bed 0100 | 008b b2cc | 0000 0083 | c602 89b2 | cc00 0000 | 81e6 feff 
  0x000001ecb33e7a80: 1f00 85f6 | 0f84 3436 | 0000 488b 

  0x000001ecb33e7a8c: ;   {metadata(method data for {method} {0x000001ecca41c218} '<init>' '()V' in 'java/lang/Number')}
  0x000001ecb33e7a8c: d048 beb8 | 9709 0bed | 0100 0048 | 8386 1001 

  0x000001ecb33e7a9c: ;   {metadata(method data for {method} {0x000001ecca479298} '<init>' '()V' in 'java/lang/Object')}
  0x000001ecb33e7a9c: 0000 0148 | baf0 f100 | 0bed 0100 | 008b b2cc | 0000 0083 | c602 89b2 | cc00 0000 | 81e6 feff 
  0x000001ecb33e7abc: 1f00 85f6 | 0f84 1936 | 0000 4489 | 680c 488b | d8e9 2400 | 0000 4c8b | ee49 8bf5 | 81c6 8000 
  0x000001ecb33e7adc: ;   {oop(a 'java/lang/Integer'[256] {0x00000007019b3408})}
  0x000001ecb33e7adc: 0000 48ba | 0834 9b01 | 0700 0000 | 4863 f68b | 54b2 1048 | c1e2 0348 | 8bda 4885 

  0x000001ecb33e7af8: ;   {metadata(method data for {method} {0x000001ed0c798a18} 'runTick' '(Z)V' in 'net/minecraft/client/Minecraft')}
  0x000001ecb33e7af8: db75 1648 | be00 80cd | 1eed 0100 | 0080 8e91 | 1600 0001 | e9f9 0000 | 0041 8b51 | 0849 ba00 
  0x000001ecb33e7b18: 0000 caec | 0100 0049 | 03d2 8b73 | 0849 ba00 | 0000 caec | 0100 0049 | 03f2 488b | 92d0 0000 
  0x000001ecb33e7b38: 0048 3bf2 | 0f84 2700 | 0000 8b7a | 1448 3b14 | 3e0f 841a | 0000 0083 | ff20 0f85 | 9b00 0000 
  0x000001ecb33e7b58: ;   {runtime_call slow_subtype_check Runtime1 stub}
  0x000001ecb33e7b58: 5652 e821 | e50a 065e | 5a85 d20f | 848a 0000 

  0x000001ecb33e7b68: ;   {metadata(method data for {method} {0x000001ed0c798a18} 'runTick' '(Z)V' in 'net/minecraft/client/Minecraft')}
  0x000001ecb33e7b68: 0048 be00 | 80cd 1eed | 0100 008b | 5308 49ba | 0000 00ca | ec01 0000 | 4903 d248 | 3b96 a816 
  0x000001ecb33e7b88: 0000 750d | 4883 86b0 | 1600 0001 | e971 0000 | 0048 3b96 | b816 0000 | 750d 4883 | 86c0 1600 
  0x000001ecb33e7ba8: 0001 e95b | 0000 0048 | 83be a816 | 0000 0075 | 1748 8996 | a816 0000 | 48c7 86b0 | 1600 0001 
  0x000001ecb33e7bc8: 0000 00e9 | 3a00 0000 | 4883 beb8 | 1600 0000 | 7517 4889 | 96b8 1600 | 0048 c786 | c016 0000 
  0x000001ecb33e7be8: 0100 0000 | e919 0000 

  0x000001ecb33e7bf0: ;   {metadata(method data for {method} {0x000001ed0c798a18} 'runTick' '(Z)V' in 'net/minecraft/client/Minecraft')}
  0x000001ecb33e7bf0: 00eb 1748 | be00 80cd | 1eed 0100 | 0048 83ae | 9816 0000 | 01e9 0035 | 0000 498d | 5114 410f 
  0x000001ecb33e7c10: be77 4085 | f60f 85f8 | 3400 004c | 8bd3 49c1 | ea03 4489 | 1248 8bf2 | 4833 f348 | c1ee 1548 
  0x000001ecb33e7c30: 83fe 000f | 85f8 3400 | 0041 8b93 | c800 0000 | 48c1 e203 

  0x000001ecb33e7c44: ; implicit exception: dispatches to 0x000001ecb33eb149
  0x000001ecb33e7c44: 483b 0248 

  0x000001ecb33e7c48: ;   {metadata(method data for {method} {0x000001ed0c798a18} 'runTick' '(Z)V' in 'net/minecraft/client/Minecraft')}
  0x000001ecb33e7c48: 8bf2 48bf | 0080 cd1e | ed01 0000 

  0x000001ecb33e7c54: ;   {metadata('net/minecraft/client/Options')}
  0x000001ecb33e7c54: 49ba 6004 | cbcb ec01 | 0000 4c89 | 97e0 1600 | 0048 8387 | e816 0000 | 018b b2d4 | 0000 0048 
  0x000001ecb33e7c74: c1e6 0348 | 3b06 488b 

  0x000001ecb33e7c7c: ;   {metadata(method data for {method} {0x000001ed0c798a18} 'runTick' '(Z)V' in 'net/minecraft/client/Minecraft')}
  0x000001ecb33e7c7c: fe48 b800 | 80cd 1eed | 0100 0048 | 8380 0817 | 0000 018b | 7628 48c1 | e603 4885 

  0x000001ecb33e7c98: ;   {metadata(method data for {method} {0x000001ed0c798a18} 'runTick' '(Z)V' in 'net/minecraft/client/Minecraft')}
  0x000001ecb33e7c98: f675 1648 | b800 80cd | 1eed 0100 | 0080 8839 | 1700 0001 | e9cc 0000 

  0x000001ecb33e7cb0: ;   {metadata('java/lang/Boolean')}
  0x000001ecb33e7cb0: 0048 b918 | 5f00 caec | 0100 008b | 7e08 49ba | 0000 00ca | ec01 0000 | 4903 fa48 | 3bcf 0f85 
  0x000001ecb33e7cd0: 8d00 0000 

  0x000001ecb33e7cd4: ;   {metadata(method data for {method} {0x000001ed0c798a18} 'runTick' '(Z)V' in 'net/minecraft/client/Minecraft')}
  0x000001ecb33e7cd4: 48b8 0080 | cd1e ed01 | 0000 8b4e | 0849 ba00 | 0000 caec | 0100 0049 | 03ca 483b | 8850 1700 
  0x000001ecb33e7cf4: 0075 0d48 | 8380 5817 | 0000 01e9 | 7900 0000 | 483b 8860 | 1700 0075 | 0d48 8380 | 6817 0000 
  0x000001ecb33e7d14: 01e9 6300 | 0000 4883 | b850 1700 | 0000 7517 | 4889 8850 | 1700 0048 | c780 5817 | 0000 0100 
  0x000001ecb33e7d34: 0000 e942 | 0000 0048 | 83b8 6017 | 0000 0075 | 1748 8988 | 6017 0000 | 48c7 8068 | 1700 0001 
  0x000001ecb33e7d54: 0000 00e9 | 2100 0000 | e91c 0000 

  0x000001ecb33e7d60: ;   {metadata(method data for {method} {0x000001ed0c798a18} 'runTick' '(Z)V' in 'net/minecraft/client/Minecraft')}
  0x000001ecb33e7d60: 0048 b800 | 80cd 1eed | 0100 0048 | 83a8 4017 | 0000 01e9 | db33 0000 | e900 0000 | 0048 3b06 
  0x000001ecb33e7d80: ;   {metadata(method data for {method} {0x000001ed0c798a18} 'runTick' '(Z)V' in 'net/minecraft/client/Minecraft')}
  0x000001ecb33e7d80: 488b fe48 | b800 80cd | 1eed 0100 | 0048 8380 | 7817 0000 | 010f be76 | 0c83 e601 

  0x000001ecb33e7d9c: ;   {metadata(method data for {method} {0x000001ed0c798a18} 'runTick' '(Z)V' in 'net/minecraft/client/Minecraft')}
  0x000001ecb33e7d9c: 85f6 48be | 0080 cd1e | ed01 0000 | 48bf b017 | 0000 0000 | 0000 740a | 48bf c017 | 0000 0000 
  0x000001ecb33e7dbc: 0000 488b | 043e 488d | 4001 4889 | 043e 0f84 | 1f00 0000 

  0x000001ecb33e7dd0: ;   {metadata(method data for {method} {0x000001ed0c798a18} 'runTick' '(Z)V' in 'net/minecraft/client/Minecraft')}
  0x000001ecb33e7dd0: 48be 0080 | cd1e ed01 | 0000 ff86 | d017 0000 

  0x000001ecb33e7de0: ;   {oop(" vsync "{0x00000007097c4950})}
  0x000001ecb33e7de0: 48be 5049 | 7c09 0700 | 0000 e90a 

  0x000001ecb33e7dec: ;   {oop(" "{0x00000007018fb830})}
  0x000001ecb33e7dec: 0000 0048 | be30 b88f | 0107 0000 | 0048 85f6 

  0x000001ecb33e7dfc: ;   {metadata(method data for {method} {0x000001ed0c798a18} 'runTick' '(Z)V' in 'net/minecraft/client/Minecraft')}
  0x000001ecb33e7dfc: 7516 48b8 | 0080 cd1e | ed01 0000 | 8088 e117 | 0000 01e9 | f900 0000 

  0x000001ecb33e7e14: ; implicit exception: dispatches to 0x000001ecb33eb161
  0x000001ecb33e7e14: 418b 7908 | 49ba 0000 | 00ca ec01 | 0000 4903 | fa8b 4608 | 49ba 0000 | 00ca ec01 | 0000 4903 
  0x000001ecb33e7e34: c248 8bbf | d000 0000 | 483b c70f | 8427 0000 | 008b 4f14 | 483b 3c08 | 0f84 1a00 | 0000 83f9 
  0x000001ecb33e7e54: 200f 859b | 0000 0050 

  0x000001ecb33e7e5c: ;   {runtime_call slow_subtype_check Runtime1 stub}
  0x000001ecb33e7e5c: 57e8 1ee2 | 0a06 585f | 85ff 0f84 | 8a00 0000 

  0x000001ecb33e7e6c: ;   {metadata(method data for {method} {0x000001ed0c798a18} 'runTick' '(Z)V' in 'net/minecraft/client/Minecraft')}
  0x000001ecb33e7e6c: 48b8 0080 | cd1e ed01 | 0000 8b7e | 0849 ba00 | 0000 caec | 0100 0049 | 03fa 483b | b8f8 1700 
  0x000001ecb33e7e8c: 0075 0d48 | 8380 0018 | 0000 01e9 | 7100 0000 | 483b b808 | 1800 0075 | 0d48 8380 | 1018 0000 
  0x000001ecb33e7eac: 01e9 5b00 | 0000 4883 | b8f8 1700 | 0000 7517 | 4889 b8f8 | 1700 0048 | c780 0018 | 0000 0100 
  0x000001ecb33e7ecc: 0000 e93a | 0000 0048 | 83b8 0818 | 0000 0075 | 1748 89b8 | 0818 0000 | 48c7 8010 | 1800 0001 
  0x000001ecb33e7eec: 0000 00e9 | 1900 0000 

  0x000001ecb33e7ef4: ;   {metadata(method data for {method} {0x000001ed0c798a18} 'runTick' '(Z)V' in 'net/minecraft/client/Minecraft')}
  0x000001ecb33e7ef4: eb17 48b8 | 0080 cd1e | ed01 0000 | 4883 a8e8 | 1700 0001 | e959 3200 | 0049 8d79 | 1841 0fbe 
  0x000001ecb33e7f14: 4740 85c0 | 0f85 5132 | 0000 4c8b | d649 c1ea | 0344 8917 | 488b c748 | 33c6 48c1 | e815 4883 
  0x000001ecb33e7f34: f800 0f85 | 5132 0000 

  0x000001ecb33e7f3c: ;   {metadata(method data for {method} {0x000001ed0c798a18} 'runTick' '(Z)V' in 'net/minecraft/client/Minecraft')}
  0x000001ecb33e7f3c: 488b f248 | bf00 80cd | 1eed 0100 

  0x000001ecb33e7f48: ;   {metadata('net/minecraft/client/Options')}
  0x000001ecb33e7f48: 0049 ba60 | 04cb cbec | 0100 004c | 8997 3018 | 0000 4883 | 8738 1800 | 0001 8b72 | 4c48 c1e6 
  0x000001ecb33e7f68: 0348 3b06 

  0x000001ecb33e7f6c: ;   {metadata(method data for {method} {0x000001ed0c798a18} 'runTick' '(Z)V' in 'net/minecraft/client/Minecraft')}
  0x000001ecb33e7f6c: 488b fe48 | b800 80cd | 1eed 0100 | 0048 8380 | 5818 0000 | 018b 7628 | 48c1 e603 | 4885 f675 
  0x000001ecb33e7f8c: ;   {metadata(method data for {method} {0x000001ed0c798a18} 'runTick' '(Z)V' in 'net/minecraft/client/Minecraft')}
  0x000001ecb33e7f8c: 1648 b800 | 80cd 1eed | 0100 0080 | 8889 1800 | 0001 e9f9 | 0000 0041 | 8b79 0849 | ba00 0000 
  0x000001ecb33e7fac: caec 0100 | 0049 03fa | 8b46 0849 | ba00 0000 | caec 0100 | 0049 03c2 | 488b bfd0 | 0000 0048 
  0x000001ecb33e7fcc: 3bc7 0f84 | 2700 0000 | 8b4f 1448 | 3b3c 080f | 841a 0000 | 0083 f920 | 0f85 9b00 | 0000 5057 
  0x000001ecb33e7fec: ;   {runtime_call slow_subtype_check Runtime1 stub}
  0x000001ecb33e7fec: e88f e00a | 0658 5f85 | ff0f 848a 

  0x000001ecb33e7ff8: ;   {metadata(method data for {method} {0x000001ed0c798a18} 'runTick' '(Z)V' in 'net/minecraft/client/Minecraft')}
  0x000001ecb33e7ff8: 0000 0048 | b800 80cd | 1eed 0100 | 008b 7e08 | 49ba 0000 | 00ca ec01 | 0000 4903 | fa48 3bb8 
  0x000001ecb33e8018: a018 0000 | 750d 4883 | 80a8 1800 | 0001 e971 | 0000 0048 | 3bb8 b018 | 0000 750d | 4883 80b8 
  0x000001ecb33e8038: 1800 0001 | e95b 0000 | 0048 83b8 | a018 0000 | 0075 1748 | 89b8 a018 | 0000 48c7 | 80a8 1800 
  0x000001ecb33e8058: 0001 0000 | 00e9 3a00 | 0000 4883 | b8b0 1800 | 0000 7517 | 4889 b8b0 | 1800 0048 | c780 b818 
  0x000001ecb33e8078: 0000 0100 | 0000 e919 | 0000 00eb 

  0x000001ecb33e8084: ;   {metadata(method data for {method} {0x000001ed0c798a18} 'runTick' '(Z)V' in 'net/minecraft/client/Minecraft')}
  0x000001ecb33e8084: 1748 b800 | 80cd 1eed | 0100 0048 | 83a8 9018 | 0000 01e9 | 1331 0000 | 498d 791c | 410f be47 
  0x000001ecb33e80a4: 4085 c00f | 850b 3100 | 004c 8bd6 | 49c1 ea03 | 4489 1748 | 8bc7 4833 | c648 c1e8 | 1548 83f8 
  0x000001ecb33e80c4: 000f 850b | 3100 0048 

  0x000001ecb33e80cc: ;   {metadata(method data for {method} {0x000001ed0c798a18} 'runTick' '(Z)V' in 'net/minecraft/client/Minecraft')}
  0x000001ecb33e80cc: 8bf2 48bf | 0080 cd1e | ed01 0000 

  0x000001ecb33e80d8: ;   {metadata('net/minecraft/client/Options')}
  0x000001ecb33e80d8: 49ba 6004 | cbcb ec01 | 0000 4c89 | 97d8 1800 | 0048 8387 | e018 0000 | 018b 7248 | 48c1 e603 
  0x000001ecb33e80f8: ; implicit exception: dispatches to 0x000001ecb33eb1ee
  0x000001ecb33e80f8: 483b 0648 

  0x000001ecb33e80fc: ;   {metadata(method data for {method} {0x000001ed0c798a18} 'runTick' '(Z)V' in 'net/minecraft/client/Minecraft')}
  0x000001ecb33e80fc: 8bfe 48b8 | 0080 cd1e | ed01 0000 | 4883 8000 | 1900 0001 | 8b7e 2848 

  0x000001ecb33e8114: ;   {oop(a 'net/minecraft/client/CloudStatus'{0x000000070a25dc18})}
  0x000001ecb33e8114: c1e7 0349 | ba18 dc25 | 0a07 0000 | 0049 3bfa 

  0x000001ecb33e8124: ;   {metadata(method data for {method} {0x000001ed0c798a18} 'runTick' '(Z)V' in 'net/minecraft/client/Minecraft')}
  0x000001ecb33e8124: 48b8 0080 | cd1e ed01 | 0000 48b9 | 3819 0000 | 0000 0000 | 750a 48b9 | 4819 0000 | 0000 0000 
  0x000001ecb33e8144: 488b 1c08 | 488d 5b01 | 4889 1c08 | 0f85 1f00 

  0x000001ecb33e8154: ;   {metadata(method data for {method} {0x000001ed0c798a18} 'runTick' '(Z)V' in 'net/minecraft/client/Minecraft')}
  0x000001ecb33e8154: 0000 48be | 0080 cd1e | ed01 0000 | ff86 5819 

  0x000001ecb33e8164: ;   {oop(""{0x000000070171ec58})}
  0x000001ecb33e8164: 0000 48be | 58ec 7101 | 0700 0000 | e9a0 0000 | 0048 8bc2 

  0x000001ecb33e8178: ;   {metadata(method data for {method} {0x000001ed0c798a18} 'runTick' '(Z)V' in 'net/minecraft/client/Minecraft')}
  0x000001ecb33e8178: 48b9 0080 | cd1e ed01 

  0x000001ecb33e8180: ;   {metadata('net/minecraft/client/Options')}
  0x000001ecb33e8180: 0000 49ba | 6004 cbcb | ec01 0000 | 4c89 9180 | 1900 0048 | 8381 8819 

  0x000001ecb33e8198: ;   {metadata(method data for {method} {0x000001ed0c798a18} 'runTick' '(Z)V' in 'net/minecraft/client/Minecraft')}
  0x000001ecb33e8198: 0000 0148 | b800 80cd | 1eed 0100 | 0048 8380 | a819 0000 

  0x000001ecb33e81ac: ;   {oop(a 'net/minecraft/client/CloudStatus'{0x000000070a25db80})}
  0x000001ecb33e81ac: 0149 ba80 | db25 0a07 | 0000 0049 

  0x000001ecb33e81b8: ;   {metadata(method data for {method} {0x000001ed0c798a18} 'runTick' '(Z)V' in 'net/minecraft/client/Minecraft')}
  0x000001ecb33e81b8: 3bfa 48be | 0080 cd1e | ed01 0000 | 48bf e019 | 0000 0000 | 0000 750a | 48bf f019 | 0000 0000 
  0x000001ecb33e81d8: 0000 488b | 043e 488d | 4001 4889 | 043e 0f85 | 1f00 0000 

  0x000001ecb33e81ec: ;   {metadata(method data for {method} {0x000001ed0c798a18} 'runTick' '(Z)V' in 'net/minecraft/client/Minecraft')}
  0x000001ecb33e81ec: 48be 0080 | cd1e ed01 | 0000 ff86 | 001a 0000 

  0x000001ecb33e81fc: ;   {oop(" fast-clouds"{0x00000007139e85f8})}
  0x000001ecb33e81fc: 48be f885 | 9e13 0700 | 0000 e90a 

  0x000001ecb33e8208: ;   {oop(" fancy-clouds"{0x00000007097c4918})}
  0x000001ecb33e8208: 0000 0048 | be18 497c | 0907 0000 | 0044 89ac | 243c 0100 | 0048 85f6 

  0x000001ecb33e8220: ;   {metadata(method data for {method} {0x000001ed0c798a18} 'runTick' '(Z)V' in 'net/minecraft/client/Minecraft')}
  0x000001ecb33e8220: 7516 48b8 | 0080 cd1e | ed01 0000 | 8088 111a | 0000 01e9 | f900 0000 

  0x000001ecb33e8238: ; implicit exception: dispatches to 0x000001ecb33eb1f3
  0x000001ecb33e8238: 418b 7908 | 49ba 0000 | 00ca ec01 | 0000 4903 | fa8b 4608 | 49ba 0000 | 00ca ec01 | 0000 4903 
  0x000001ecb33e8258: c248 8bbf | d000 0000 | 483b c70f | 8427 0000 | 008b 4f14 | 483b 3c08 | 0f84 1a00 | 0000 83f9 
  0x000001ecb33e8278: 200f 859b | 0000 0050 

  0x000001ecb33e8280: ;   {runtime_call slow_subtype_check Runtime1 stub}
  0x000001ecb33e8280: 57e8 fadd | 0a06 585f | 85ff 0f84 | 8a00 0000 

  0x000001ecb33e8290: ;   {metadata(method data for {method} {0x000001ed0c798a18} 'runTick' '(Z)V' in 'net/minecraft/client/Minecraft')}
  0x000001ecb33e8290: 48b8 0080 | cd1e ed01 | 0000 8b7e | 0849 ba00 | 0000 caec | 0100 0049 | 03fa 483b | b828 1a00 
  0x000001ecb33e82b0: 0075 0d48 | 8380 301a | 0000 01e9 | 7100 0000 | 483b b838 | 1a00 0075 | 0d48 8380 | 401a 0000 
  0x000001ecb33e82d0: 01e9 5b00 | 0000 4883 | b828 1a00 | 0000 7517 | 4889 b828 | 1a00 0048 | c780 301a | 0000 0100 
  0x000001ecb33e82f0: 0000 e93a | 0000 0048 | 83b8 381a | 0000 0075 | 1748 89b8 | 381a 0000 | 48c7 8040 | 1a00 0001 
  0x000001ecb33e8310: 0000 00e9 | 1900 0000 

  0x000001ecb33e8318: ;   {metadata(method data for {method} {0x000001ed0c798a18} 'runTick' '(Z)V' in 'net/minecraft/client/Minecraft')}
  0x000001ecb33e8318: eb17 48b8 | 0080 cd1e | ed01 0000 | 4883 a818 | 1a00 0001 | e9c7 2e00 | 0049 8d79 | 2041 0fbe 
  0x000001ecb33e8338: 4740 85c0 | 0f85 bf2e | 0000 4c8b | d649 c1ea | 0344 8917 | 488b c748 | 33c6 48c1 | e815 4883 
  0x000001ecb33e8358: f800 0f85 | bf2e 0000 

  0x000001ecb33e8360: ;   {metadata(method data for {method} {0x000001ed0c798a18} 'runTick' '(Z)V' in 'net/minecraft/client/Minecraft')}
  0x000001ecb33e8360: 488b f248 | bf00 80cd | 1eed 0100 

  0x000001ecb33e836c: ;   {metadata('net/minecraft/client/Options')}
  0x000001ecb33e836c: 0049 ba60 | 04cb cbec | 0100 004c | 8997 601a | 0000 4883 | 8768 1a00 | 0001 8b92 | b000 0000 
  0x000001ecb33e838c: 48c1 e203 

  0x000001ecb33e8390: ; implicit exception: dispatches to 0x000001ecb33eb237
  0x000001ecb33e8390: 483b 0248 

  0x000001ecb33e8394: ;   {metadata(method data for {method} {0x000001ed0c798a18} 'runTick' '(Z)V' in 'net/minecraft/client/Minecraft')}
  0x000001ecb33e8394: 8bf2 48bf | 0080 cd1e | ed01 0000 | 4883 8788 | 1a00 0001 | 8b52 2848 | c1e2 0348 | 85d2 7516 
  0x000001ecb33e83b4: ;   {metadata(method data for {method} {0x000001ed0c798a18} 'runTick' '(Z)V' in 'net/minecraft/client/Minecraft')}
  0x000001ecb33e83b4: 48bf 0080 | cd1e ed01 | 0000 808f | b91a 0000 | 01e9 f900 | 0000 418b | 7108 49ba | 0000 00ca 
  0x000001ecb33e83d4: ec01 0000 | 4903 f28b | 7a08 49ba | 0000 00ca | ec01 0000 | 4903 fa48 | 8bb6 d000 | 0000 483b 
  0x000001ecb33e83f4: fe0f 8427 | 0000 008b | 4614 483b | 3407 0f84 | 1a00 0000 | 83f8 200f | 859b 0000 

  0x000001ecb33e8410: ;   {runtime_call slow_subtype_check Runtime1 stub}
  0x000001ecb33e8410: 0057 56e8 | 68dc 0a06 | 5f5e 85f6 | 0f84 8a00 

  0x000001ecb33e8420: ;   {metadata(method data for {method} {0x000001ed0c798a18} 'runTick' '(Z)V' in 'net/minecraft/client/Minecraft')}
  0x000001ecb33e8420: 0000 48bf | 0080 cd1e | ed01 0000 | 8b72 0849 | ba00 0000 | caec 0100 | 0049 03f2 | 483b b7d0 
  0x000001ecb33e8440: 1a00 0075 | 0d48 8387 | d81a 0000 | 01e9 7100 | 0000 483b | b7e0 1a00 | 0075 0d48 | 8387 e81a 
  0x000001ecb33e8460: 0000 01e9 | 5b00 0000 | 4883 bfd0 | 1a00 0000 | 7517 4889 | b7d0 1a00 | 0048 c787 | d81a 0000 
  0x000001ecb33e8480: 0100 0000 | e93a 0000 | 0048 83bf | e01a 0000 | 0075 1748 | 89b7 e01a | 0000 48c7 | 87e8 1a00 
  0x000001ecb33e84a0: 0001 0000 | 00e9 1900 | 0000 eb17 

  0x000001ecb33e84ac: ;   {metadata(method data for {method} {0x000001ed0c798a18} 'runTick' '(Z)V' in 'net/minecraft/client/Minecraft')}
  0x000001ecb33e84ac: 48bf 0080 | cd1e ed01 | 0000 4883 | afc0 1a00 | 0001 e97e | 2d00 0049 | 8d71 2441 | 0fbe 7f40 
  0x000001ecb33e84cc: 85ff 0f85 | 762d 0000 | 4c8b d249 | c1ea 0344 | 8916 488b | fe48 33fa | 48c1 ef15 | 4883 ff00 
  0x000001ecb33e84ec: 0f85 762d | 0000 4d85 

  0x000001ecb33e84f4: ;   {metadata(method data for {method} {0x000001ed0c798a18} 'runTick' '(Z)V' in 'net/minecraft/client/Minecraft')}
  0x000001ecb33e84f4: c075 1648 | be00 80cd | 1eed 0100 | 0080 8ef1 | 1a00 0001 | e9fb 0000 | 0041 8b51 | 0849 ba00 
  0x000001ecb33e8514: 0000 caec | 0100 0049 | 03d2 418b | 7008 49ba | 0000 00ca | ec01 0000 | 4903 f248 | 8b92 d000 
  0x000001ecb33e8534: 0000 483b | f20f 8427 | 0000 008b | 7a14 483b | 143e 0f84 | 1a00 0000 | 83ff 200f | 859c 0000 
  0x000001ecb33e8554: ;   {runtime_call slow_subtype_check Runtime1 stub}
  0x000001ecb33e8554: 0056 52e8 | 24db 0a06 | 5e5a 85d2 | 0f84 8b00 

  0x000001ecb33e8564: ;   {metadata(method data for {method} {0x000001ed0c798a18} 'runTick' '(Z)V' in 'net/minecraft/client/Minecraft')}
  0x000001ecb33e8564: 0000 48be | 0080 cd1e | ed01 0000 | 418b 5008 | 49ba 0000 | 00ca ec01 | 0000 4903 | d248 3b96 
  0x000001ecb33e8584: 081b 0000 | 750d 4883 | 8610 1b00 | 0001 e971 | 0000 0048 | 3b96 181b | 0000 750d | 4883 8620 
  0x000001ecb33e85a4: 1b00 0001 | e95b 0000 | 0048 83be | 081b 0000 | 0075 1748 | 8996 081b | 0000 48c7 | 8610 1b00 
  0x000001ecb33e85c4: 0001 0000 | 00e9 3a00 | 0000 4883 | be18 1b00 | 0000 7517 | 4889 9618 | 1b00 0048 | c786 201b 
  0x000001ecb33e85e4: 0000 0100 | 0000 e919 | 0000 00eb 

  0x000001ecb33e85f0: ;   {metadata(method data for {method} {0x000001ed0c798a18} 'runTick' '(Z)V' in 'net/minecraft/client/Minecraft')}
  0x000001ecb33e85f0: 1748 be00 | 80cd 1eed | 0100 0048 | 83ae f81a | 0000 01e9 | 7d2c 0000 | 498d 5128 | 410f be77 
  0x000001ecb33e8610: 4085 f60f | 8575 2c00 | 004d 8bd0 | 49c1 ea03 | 4489 1248 | 8bf2 4933 | f048 c1ee | 1548 83fe 
  0x000001ecb33e8630: 000f 8575 

  0x000001ecb33e8634: ;   {metadata(method data for {method} {0x000001ed0c798a18} 'runTick' '(Z)V' in 'net/minecraft/client/Minecraft')}
  0x000001ecb33e8634: 2c00 0048 | ba00 80cd | 1eed 0100 | 0048 8382 | 301b 0000 

  0x000001ecb33e8648: ;   {metadata(method data for {method} {0x000001ecca457638} 'format' '(Ljava/util/Locale;Ljava/lang/String;[Ljava/lang/Object;)Ljava/lang/String;' in 'java/lang/String')}
  0x000001ecb33e8648: 0148 ba80 | b812 0ced | 0100 008b | b2cc 0000 | 0083 c602 | 89b2 cc00 | 0000 81e6 | feff 1f00 
  0x000001ecb33e8668: 85f6 0f84 | 542c 0000 

  0x000001ecb33e8670: ;   {metadata('java/util/Formatter')}
  0x000001ecb33e8670: 48ba 9881 | 0eca ec01 | 0000 498b | 87b8 0100 | 0048 8d78 | 1849 3bbf | c801 0000 | 0f87 532c 
  0x000001ecb33e8690: 0000 4989 | bfb8 0100 | 0048 c700 | 0100 0000 | 488b ca49 | ba00 0000 | caec 0100 | 0049 2bca 
  0x000001ecb33e86b0: 8948 0848 | 33c9 8948 | 0c48 33c9 | 4889 4810 

  0x000001ecb33e86c0: ;   {metadata(method data for {method} {0x000001ecca457638} 'format' '(Ljava/util/Locale;Ljava/lang/String;[Ljava/lang/Object;)Ljava/lang/String;' in 'java/lang/String')}
  0x000001ecb33e86c0: 488b d048 | be80 b812 | 0ced 0100 | 0048 8386 | 1001 0000 

  0x000001ecb33e86d4: ;   {metadata(method data for {method} {0x000001ecca0e9048} '<init>' '(Ljava/util/Locale;)V' in 'java/util/Formatter')}
  0x000001ecb33e86d4: 0148 ba60 | ba12 0ced | 0100 008b | b2cc 0000 | 0083 c602 | 89b2 cc00 | 0000 81e6 | feff 1f00 
  0x000001ecb33e86f4: 85f6 0f84 | f62b 0000 

  0x000001ecb33e86fc: ;   {metadata('java/lang/StringBuilder')}
  0x000001ecb33e86fc: 48ba 307e | 00ca ec01 | 0000 4889 | 8424 f001 | 0000 498b | 87b8 0100 | 0048 8d78 | 1849 3bbf 
  0x000001ecb33e871c: c801 0000 | 0f87 ed2b | 0000 4989 | bfb8 0100 | 0048 c700 | 0100 0000 | 488b ca49 | ba00 0000 
  0x000001ecb33e873c: caec 0100 | 0049 2bca | 8948 0848 | 33c9 8948 | 0c48 33c9 | 4889 4810 

  0x000001ecb33e8754: ;   {metadata(method data for {method} {0x000001ecca0e9048} '<init>' '(Ljava/util/Locale;)V' in 'java/util/Formatter')}
  0x000001ecb33e8754: 4c8b c048 | ba60 ba12 | 0ced 0100 | 0048 8382 | 1001 0000 

  0x000001ecb33e8768: ;   {metadata(method data for {method} {0x000001ecca4661d0} '<init>' '()V' in 'java/lang/StringBuilder')}
  0x000001ecb33e8768: 0149 b818 | 7f01 0bed | 0100 0041 | 8b90 cc00 | 0000 83c2 | 0241 8990 | cc00 0000 | 81e2 feff 
  0x000001ecb33e8788: 1f00 85d2 | 0f84 8e2b | 0000 4c8b 

  0x000001ecb33e8794: ;   {metadata(method data for {method} {0x000001ecca4661d0} '<init>' '()V' in 'java/lang/StringBuilder')}
  0x000001ecb33e8794: c048 ba18 | 7f01 0bed | 0100 0048 | 8382 1001 | 0000 0141 | b810 0000 | 0048 8bd0 | 4c89 8c24 
  0x000001ecb33e87b4: 0002 0000 | 4889 8424 | f801 0000 | 0f1f 8000 

  0x000001ecb33e87c4: ;   {optimized virtual_call}
  0x000001ecb33e87c4: 0000 00e8 

  0x000001ecb33e87c8: ; ImmutableOopMap {[216]=Oop [496]=Oop [504]=Oop [512]=Oop }
                      ;*invokespecial <init> {reexecute=0 rethrow=0 return_oop=0}
                      ; - java.lang.StringBuilder::<init>@3 (line 106)
                      ; - java.util.Formatter::<init>@6 (line 2139)
                      ; - java.lang.String::format@5 (line 4420)
                      ; - net.minecraft.client.Minecraft::runTick@1096 (line 1259)
  0x000001ecb33e87c8: f48b 8a06 

  0x000001ecb33e87cc: ;   {other}
  0x000001ecb33e87cc: 0f1f 8400 | bca7 005a | 488b 8424 | f001 0000 

  0x000001ecb33e87dc: ;   {metadata(method data for {method} {0x000001ecca0e9048} '<init>' '(Ljava/util/Locale;)V' in 'java/util/Formatter')}
  0x000001ecb33e87dc: 49b8 60ba | 120c ed01 | 0000 4983 | 8020 0100 

  0x000001ecb33e87ec: ;   {metadata(method data for {method} {0x000001ecca0e9518} '<init>' '(Ljava/util/Locale;Ljava/lang/Appendable;)V' in 'java/util/Formatter')}
  0x000001ecb33e87ec: 0001 49b8 | 701a 8a0b | ed01 0000 | 458b 88cc | 0000 0041 | 83c1 0245 | 8988 cc00 | 0000 4181 
  0x000001ecb33e880c: e1fe ff1f | 0045 85c9 | 0f84 272b | 0000 488b | 8424 f001 

  0x000001ecb33e8820: ;   {metadata(method data for {method} {0x000001ecca0e9518} '<init>' '(Ljava/util/Locale;Ljava/lang/Appendable;)V' in 'java/util/Formatter')}
  0x000001ecb33e8820: 0000 49b8 | 701a 8a0b | ed01 0000 | 4983 8010 | 0100 0001 

  0x000001ecb33e8834: ;   {metadata(method data for {method} {0x000001ecca479298} '<init>' '()V' in 'java/lang/Object')}
  0x000001ecb33e8834: 49b8 f0f1 | 000b ed01 | 0000 458b | 88cc 0000 | 0041 83c1 | 0245 8988 | cc00 0000 | 4181 e1fe 
  0x000001ecb33e8854: ff1f 0045 | 85c9 0f84 | 022b 0000 | 450f be47 | 4045 85c0 | 488b 8424 | f001 0000 | 0f85 0d2b 
  0x000001ecb33e8874: 0000 4c8b | 8424 f801 | 0000 4d8b | d049 c1ea | 0344 8950 | 0c4c 8bc8 | 4d33 c849 | c1e9 1549 
  0x000001ecb33e8894: 83f9 000f | 8506 2b00 

  0x000001ecb33e889c: ;   {oop(a 'java/util/Locale'{0x0000000701927ba0})}
  0x000001ecb33e889c: 0049 b8a0 | 7b92 0107 | 0000 0045 | 0fbe 4f40 | 4585 c90f | 8506 2b00 

  0x000001ecb33e88b4: ;   {oop(a 'java/util/Locale'{0x0000000701927ba0})}
  0x000001ecb33e88b4: 0049 baa0 | 7b92 0107 | 0000 0049 | c1ea 0344 

  0x000001ecb33e88c4: ;   {oop(a 'java/util/Locale'{0x0000000701927ba0})}
  0x000001ecb33e88c4: 8950 1049 | b9a0 7b92 | 0107 0000 | 0048 8bf8 | 4933 f948 | c1ef 1548 | 83ff 000f | 85f6 2a00 
  0x000001ecb33e88e4: 004c 8bc8 

  0x000001ecb33e88e8: ;   {metadata(method data for {method} {0x000001ecca457638} 'format' '(Ljava/util/Locale;Ljava/lang/String;[Ljava/lang/Object;)Ljava/lang/String;' in 'java/lang/String')}
  0x000001ecb33e88e8: 48bf 80b8 | 120c ed01 | 0000 4883 | 8720 0100 

  0x000001ecb33e88f8: ;   {metadata(method data for {method} {0x000001ecca0e9678} 'format' '(Ljava/lang/String;[Ljava/lang/Object;)Ljava/util/Formatter;' in 'java/util/Formatter')}
  0x000001ecb33e88f8: 0001 49b9 | 001c 8a0b | ed01 0000 | 418b b9cc | 0000 0083 | c702 4189 | b9cc 0000 | 0081 e7fe 
  0x000001ecb33e8918: ff1f 0085 | ff0f 84d0 | 2a00 004c 

  0x000001ecb33e8924: ;   {metadata(method data for {method} {0x000001ecca0e9678} 'format' '(Ljava/lang/String;[Ljava/lang/Object;)Ljava/util/Formatter;' in 'java/util/Formatter')}
  0x000001ecb33e8924: 8bc8 48bf | 001c 8a0b | ed01 0000 | 4883 8710 | 0100 0001 

  0x000001ecb33e8938: ;   {oop("%d fps T: %s%s%s%s B: %d%s"{0x00000007097c4980})}
  0x000001ecb33e8938: 49b9 8049 | 7c09 0700 | 0000 488b | bc24 0002 | 0000 488b 

  0x000001ecb33e894c: ;   {optimized virtual_call}
  0x000001ecb33e894c: d066 90e8 

  0x000001ecb33e8950: ; ImmutableOopMap {[216]=Oop }
                      ;*invokevirtual format {reexecute=0 rethrow=0 return_oop=0}
                      ; - java.util.Formatter::format@7 (line 2728)
                      ; - java.lang.String::format@10 (line 4420)
                      ; - net.minecraft.client.Minecraft::runTick@1096 (line 1259)
  0x000001ecb33e8950: cc0f ab06 

  0x000001ecb33e8954: ;   {other}
  0x000001ecb33e8954: 0f1f 8400 | 44a9 005b 

  0x000001ecb33e895c: ; implicit exception: dispatches to 0x000001ecb33eb414
  0x000001ecb33e895c: 483b 0048 

  0x000001ecb33e8960: ;   {metadata(method data for {method} {0x000001ecca457638} 'format' '(Ljava/util/Locale;Ljava/lang/String;[Ljava/lang/Object;)Ljava/lang/String;' in 'java/lang/String')}
  0x000001ecb33e8960: 8bd0 48be | 80b8 120c | ed01 0000 | 4883 8658 | 0100 0001 

  0x000001ecb33e8974: ;   {metadata(method data for {method} {0x000001ecca0e83e8} 'toString' '()Ljava/lang/String;' in 'java/util/Formatter')}
  0x000001ecb33e8974: 48ba c027 | 8a0b ed01 | 0000 8bb2 | cc00 0000 | 83c6 0289 | b2cc 0000 | 0081 e6fe | ff1f 0085 
  0x000001ecb33e8994: f60f 847e | 2a00 0048 

  0x000001ecb33e899c: ;   {metadata(method data for {method} {0x000001ecca0e83e8} 'toString' '()Ljava/lang/String;' in 'java/util/Formatter')}
  0x000001ecb33e899c: 8bd0 48be | c027 8a0b | ed01 0000 | 4883 8610 | 0100 0001 

  0x000001ecb33e89b0: ;   {metadata(method data for {method} {0x000001ecca0e9888} 'ensureOpen' '()V' in 'java/util/Formatter')}
  0x000001ecb33e89b0: 48ba 8029 | 8a0b ed01 | 0000 8bb2 | cc00 0000 | 83c6 0289 | b2cc 0000 | 0081 e6fe | ff1f 0085 
  0x000001ecb33e89d0: f60f 8463 | 2a00 008b | 500c 48c1 | e203 4885 

  0x000001ecb33e89e0: ;   {metadata(method data for {method} {0x000001ecca0e9888} 'ensureOpen' '()V' in 'java/util/Formatter')}
  0x000001ecb33e89e0: d248 be80 | 298a 0bed | 0100 0048 | bf20 0100 | 0000 0000 | 0074 0a48 | bf10 0100 | 0000 0000 
  0x000001ecb33e8a00: 0048 8b1c | 3e48 8d5b | 0148 891c | 3e0f 84eb | 0100 0048 | 3b02 488b 

  0x000001ecb33e8a18: ;   {metadata(method data for {method} {0x000001ecca0e83e8} 'toString' '()Ljava/lang/String;' in 'java/util/Formatter')}
  0x000001ecb33e8a18: f248 bfc0 | 278a 0bed | 0100 008b | 7608 49ba | 0000 00ca | ec01 0000 | 4903 f248 | 3bb7 5801 
  0x000001ecb33e8a38: 0000 750d | 4883 8760 | 0100 0001 | e960 0000 | 0048 3bb7 | 6801 0000 | 750d 4883 | 8770 0100 
  0x000001ecb33e8a58: 0001 e94a | 0000 0048 | 83bf 5801 | 0000 0075 | 1748 89b7 | 5801 0000 | 48c7 8760 | 0100 0001 
  0x000001ecb33e8a78: 0000 00e9 | 2900 0000 | 4883 bf68 | 0100 0000 | 7517 4889 | b768 0100 | 0048 c787 | 7001 0000 
  0x000001ecb33e8a98: 0100 0000 | e908 0000 | 0048 8387 | 4801 0000 | 010f 1f40 | 0048 b830 | 7e00 caec 

  0x000001ecb33e8ab4: ;   {virtual_call}
  0x000001ecb33e8ab4: 0100 00e8 

  0x000001ecb33e8ab8: ; ImmutableOopMap {[216]=Oop }
                      ;*invokeinterface toString {reexecute=0 rethrow=0 return_oop=0}
                      ; - java.util.Formatter::toString@8 (line 2628)
                      ; - java.lang.String::format@13 (line 4420)
                      ; - net.minecraft.client.Minecraft::runTick@1096 (line 1259)
  0x000001ecb33e8ab8: c4f2 7506 

  0x000001ecb33e8abc: ;   {other}
  0x000001ecb33e8abc: 0f1f 8400 | acaa 005c | 488b 9424 | d800 0000 | 410f be77 | 4085 f60f | 8587 2900 | 004c 8bd0 
  0x000001ecb33e8adc: 49c1 ea03 | 4489 92a8 | 0100 0048 | 8bf2 4833 | f048 c1ee | 1548 83fe | 000f 8587 | 2900 0048 
  0x000001ecb33e8afc: 8b42 3048 | bee8 0300 | 0000 0000 | 0048 03c6 | 4889 4230 | c742 6400 

  0x000001ecb33e8b14: ;   {metadata(method data for {method} {0x000001ed0c798a18} 'runTick' '(Z)V' in 'net/minecraft/client/Minecraft')}
  0x000001ecb33e8b14: 0000 0048 | b800 80cd | 1eed 0100 | 008b b0d0 | 0000 0083 | c602 89b0 | d000 0000 | 81e6 fe3f 
  0x000001ecb33e8b34: 0000 85f6 | 0f84 5c29 | 0000 4d8b | 9758 0400 

  0x000001ecb33e8b44: ; ImmutableOopMap {rdx=Oop [216]=Oop }
                      ;*goto {reexecute=1 rethrow=0 return_oop=0}
                      ; - (reexecute) net.minecraft.client.Minecraft::runTick@1119 (line 1274)
                      ;   {poll}
  0x000001ecb33e8b44: 0041 8502 

  0x000001ecb33e8b48: ;   {metadata(method data for {method} {0x000001ed0c798a18} 'runTick' '(Z)V' in 'net/minecraft/client/Minecraft')}
  0x000001ecb33e8b48: 48b8 0080 | cd1e ed01 | 0000 ff80 | 401b 0000 | e983 e5ff | ff8b 92b8 | 0100 0048 | c1e2 0348 
  0x000001ecb33e8b68: 85d2 0f84 | 2900 0000 

  0x000001ecb33e8b70: ;   {metadata('net/minecraft/util/profiling/InactiveProfiler')}
  0x000001ecb33e8b70: 48bb c072 | c9cb ec01 | 0000 8b7a | 0849 ba00 | 0000 caec | 0100 0049 | 03fa 483b | 5f38 0f85 
  0x000001ecb33e8b90: 2729 0000 | e900 0000 | 0048 8bc2 

  0x000001ecb33e8b9c: ; implicit exception: dispatches to 0x000001ecb33eb4c0
                      ;   {metadata(method data for {method} {0x000001ed0c798a18} 'runTick' '(Z)V' in 'net/minecraft/client/Minecraft')}
  0x000001ecb33e8b9c: 483b 0248 | b800 80cd | 1eed 0100 

  0x000001ecb33e8ba8: ;   {metadata('net/minecraft/util/profiling/InactiveProfiler')}
  0x000001ecb33e8ba8: 0049 bac0 | 72c9 cbec | 0100 004c | 8990 681b | 0000 4883 | 8070 1b00 

  0x000001ecb33e8bc0: ;   {metadata(method data for {method} {0x000001ed1d2bf818} 'pop' '()V' in 'net/minecraft/util/profiling/InactiveProfiler')}
  0x000001ecb33e8bc0: 0001 48ba | a832 821e | ed01 0000 | 8b82 cc00 | 0000 83c0 | 0289 82cc | 0000 0025 | feff 1f00 
  0x000001ecb33e8be0: 85c0 0f84 | dd28 0000 | 4881 c480 | 0200 005d 

  0x000001ecb33e8bf0: ;   {poll_return}
  0x000001ecb33e8bf0: 493b a750 | 0400 000f | 87e9 2800 | 00c3 4889 | 8424 1002 | 0000 6690 

  0x000001ecb33e8c08: ;   {no_reloc}
  0x000001ecb33e8c08: e9fe 2800 | 0000 0000 | 0000 e9fe | 2800 0048 

  0x000001ecb33e8c18: ;   {metadata(method data for {method} {0x000001ecca0e9888} 'ensureOpen' '()V' in 'java/util/Formatter')}
  0x000001ecb33e8c18: 8bd0 48b9 | 8029 8a0b | ed01 0000 | 4883 8130 | 0100 0001 | 488b d048 | 8984 2408 

  0x000001ecb33e8c34: ;   {optimized virtual_call}
  0x000001ecb33e8c34: 0200 00e8 

  0x000001ecb33e8c38: ; ImmutableOopMap {[216]=Oop [520]=Oop [528]=Oop }
                      ;*invokespecial <init> {reexecute=0 rethrow=0 return_oop=0}
                      ; - java.util.Formatter::ensureOpen@11 (line 2680)
                      ; - java.util.Formatter::toString@1 (line 2627)
                      ; - java.lang.String::format@13 (line 4420)
                      ; - net.minecraft.client.Minecraft::runTick@1096 (line 1259)
  0x000001ecb33e8c38: 445e fe05 

  0x000001ecb33e8c3c: ;   {other}
  0x000001ecb33e8c3c: 0f1f 8400 | 2cac 005e | 488b 8424 | 0802 0000 | e9da 2b00 | 000f 1f80 | 0000 0000 

  0x000001ecb33e8c58: ;   {no_reloc}
  0x000001ecb33e8c58: e9d4 2800 | 0000 0000 | 0000 498b | 87b8 0100 | 0048 8d78 | 2849 3bbf | c801 0000 | 0f87 c128 
  0x000001ecb33e8c78: 0000 4989 | bfb8 0100 | 0048 c700 | 0100 0000 | 488b ca49 | ba00 0000 | caec 0100 | 0049 2bca 
  0x000001ecb33e8c98: 8948 0848 | 33c9 8948 | 0c48 33c9 | 4889 4810 | 4889 4818 | 4889 4820 

  0x000001ecb33e8cb0: ;   {metadata(method data for {method} {0x000001ed1d247aa8} 'getInstance' '()Lcom/mojang/blaze3d/vertex/Tesselator;' in 'com/mojang/blaze3d/vertex/Tesselator')}
  0x000001ecb33e8cb0: 4c8b c048 | ba30 1384 | 1eed 0100 | 0048 8382 | 3001 0000 

  0x000001ecb33e8cc4: ;   {oop("Tesselator has not been initialized"{0x00000007100bf260})}
  0x000001ecb33e8cc4: 0149 b860 | f20b 1007 | 0000 0048 | 8bd0 4889 | 8424 1802 | 0000 0f1f 

  0x000001ecb33e8cdc: ;   {optimized virtual_call}
  0x000001ecb33e8cdc: 4400 00e8 

  0x000001ecb33e8ce0: ; ImmutableOopMap {[216]=Oop [424]=Oop [536]=Oop }
                      ;*invokespecial <init> {reexecute=0 rethrow=0 return_oop=0}
                      ; - com.mojang.blaze3d.vertex.Tesselator::getInstance@12 (line 24)
                      ; - com.mojang.blaze3d.systems.RenderSystem::flipFrame@6 (line 145)
                      ; - com.mojang.blaze3d.platform.Window::updateDisplay@4 (line 290)
                      ; - net.minecraft.client.Minecraft::runTick@584 (line 1217)
  0x000001ecb33e8ce0: 9c5d fe05 

  0x000001ecb33e8ce4: ;   {other}
  0x000001ecb33e8ce4: 0f1f 8400 | d4ac 005f | 488b 8424 | 1802 0000 | e932 2b00 

  0x000001ecb33e8cf8: ;   {metadata(method data for {method} {0x000001ed1d23f078} 'assertOnRenderThreadOrInit' '()V' in 'com/mojang/blaze3d/systems/RenderSystem')}
  0x000001ecb33e8cf8: 0048 ba78 | 7459 1eed | 0100 0048 | 8382 6001 

  0x000001ecb33e8d08: ;   {metadata(method data for {method} {0x000001ed1d23f1e0} 'constructThreadException' '()Ljava/lang/IllegalStateException;' in 'com/mojang/blaze3d/systems/RenderSystem')}
  0x000001ecb33e8d08: 0000 0148 | ba08 0457 | 1eed 0100 | 008b b2cc | 0000 0083 | c602 89b2 | cc00 0000 | 81e6 feff 
  0x000001ecb33e8d28: 1f00 85f6 | 0f84 1628 | 0000 660f | 1f44 0000 

  0x000001ecb33e8d38: ;   {no_reloc}
  0x000001ecb33e8d38: e93b 2800 | 0000 0000 | 0000 498b | 87b8 0100 | 0048 8d78 | 2849 3bbf | c801 0000 | 0f87 2828 
  0x000001ecb33e8d58: 0000 4989 | bfb8 0100 | 0048 c700 | 0100 0000 | 488b ca49 | ba00 0000 | caec 0100 | 0049 2bca 
  0x000001ecb33e8d78: 8948 0848 | 33c9 8948 | 0c48 33c9 | 4889 4810 | 4889 4818 | 4889 4820 

  0x000001ecb33e8d90: ;   {metadata(method data for {method} {0x000001ed1d23f1e0} 'constructThreadException' '()Ljava/lang/IllegalStateException;' in 'com/mojang/blaze3d/systems/RenderSystem')}
  0x000001ecb33e8d90: 4c8b c048 | ba08 0457 | 1eed 0100 | 0048 8382 | 1001 0000 

  0x000001ecb33e8da4: ;   {oop("Rendersystem called from wrong thread"{0x00000007097ccb30})}
  0x000001ecb33e8da4: 0149 b830 | cb7c 0907 | 0000 0048 | 8bd0 4889 | 8424 2002 | 0000 0f1f 

  0x000001ecb33e8dbc: ;   {optimized virtual_call}
  0x000001ecb33e8dbc: 4400 00e8 

  0x000001ecb33e8dc0: ; ImmutableOopMap {[216]=Oop [544]=Oop }
                      ;*invokespecial <init> {reexecute=0 rethrow=0 return_oop=0}
                      ; - com.mojang.blaze3d.systems.RenderSystem::constructThreadException@6 (line 124)
                      ; - com.mojang.blaze3d.systems.RenderSystem::assertOnRenderThreadOrInit@12 (line 113)
                      ; - com.mojang.blaze3d.platform.GlStateManager::_glBindFramebuffer@0 (line 335)
                      ; - com.mojang.blaze3d.pipeline.RenderTarget::unbindWrite@20 (line 206)
                      ; - net.minecraft.client.Minecraft::runTick@517 (line 1209)
  0x000001ecb33e8dc0: bc5c fe05 

  0x000001ecb33e8dc4: ;   {other}
  0x000001ecb33e8dc4: 0f1f 8400 | b4ad 0060 | 488b 8424 | 2002 0000 | e952 2a00 

  0x000001ecb33e8dd8: ;   {metadata(method data for {method} {0x000001ed1d23f078} 'assertOnRenderThreadOrInit' '()V' in 'com/mojang/blaze3d/systems/RenderSystem')}
  0x000001ecb33e8dd8: 0048 ba78 | 7459 1eed | 0100 0048 | 8382 6001 

  0x000001ecb33e8de8: ;   {metadata(method data for {method} {0x000001ed1d23f1e0} 'constructThreadException' '()Ljava/lang/IllegalStateException;' in 'com/mojang/blaze3d/systems/RenderSystem')}
  0x000001ecb33e8de8: 0000 0148 | ba08 0457 | 1eed 0100 | 008b b2cc | 0000 0083 | c602 89b2 | cc00 0000 | 81e6 feff 
  0x000001ecb33e8e08: 1f00 85f6 | 0f84 7d27 | 0000 660f | 1f44 0000 

  0x000001ecb33e8e18: ;   {no_reloc}
  0x000001ecb33e8e18: e9a2 2700 | 0000 0000 | 0000 498b | 87b8 0100 | 0048 8d78 | 2849 3bbf | c801 0000 | 0f87 8f27 
  0x000001ecb33e8e38: 0000 4989 | bfb8 0100 | 0048 c700 | 0100 0000 | 488b ca49 | ba00 0000 | caec 0100 | 0049 2bca 
  0x000001ecb33e8e58: 8948 0848 | 33c9 8948 | 0c48 33c9 | 4889 4810 | 4889 4818 | 4889 4820 

  0x000001ecb33e8e70: ;   {metadata(method data for {method} {0x000001ed1d23f1e0} 'constructThreadException' '()Ljava/lang/IllegalStateException;' in 'com/mojang/blaze3d/systems/RenderSystem')}
  0x000001ecb33e8e70: 4c8b c048 | ba08 0457 | 1eed 0100 | 0048 8382 | 1001 0000 

  0x000001ecb33e8e84: ;   {oop("Rendersystem called from wrong thread"{0x00000007097ccb30})}
  0x000001ecb33e8e84: 0149 b830 | cb7c 0907 | 0000 0048 | 8bd0 4889 | 8424 2802 | 0000 0f1f 

  0x000001ecb33e8e9c: ;   {optimized virtual_call}
  0x000001ecb33e8e9c: 4400 00e8 

  0x000001ecb33e8ea0: ; ImmutableOopMap {[216]=Oop [552]=Oop }
                      ;*invokespecial <init> {reexecute=0 rethrow=0 return_oop=0}
                      ; - com.mojang.blaze3d.systems.RenderSystem::constructThreadException@6 (line 124)
                      ; - com.mojang.blaze3d.systems.RenderSystem::assertOnRenderThreadOrInit@12 (line 113)
                      ; - com.mojang.blaze3d.platform.GlStateManager::_enableDepthTest@0 (line 69)
                      ; - com.mojang.blaze3d.systems.RenderSystem::enableDepthTest@0 (line 174)
                      ; - net.minecraft.client.gui.GuiGraphics::flush@10 (line 123)
                      ; - net.minecraft.client.Minecraft::runTick@489 (line 1204)
  0x000001ecb33e8ea0: dc5b fe05 

  0x000001ecb33e8ea4: ;   {other}
  0x000001ecb33e8ea4: 0f1f 8400 | 94ae 0061 | 488b 8424 | 2802 0000 | e972 2900 

  0x000001ecb33e8eb8: ;   {metadata(method data for {method} {0x000001ed1d23f078} 'assertOnRenderThreadOrInit' '()V' in 'com/mojang/blaze3d/systems/RenderSystem')}
  0x000001ecb33e8eb8: 0048 ba78 | 7459 1eed | 0100 0048 | 8382 6001 

  0x000001ecb33e8ec8: ;   {metadata(method data for {method} {0x000001ed1d23f1e0} 'constructThreadException' '()Ljava/lang/IllegalStateException;' in 'com/mojang/blaze3d/systems/RenderSystem')}
  0x000001ecb33e8ec8: 0000 0148 | ba08 0457 | 1eed 0100 | 008b b2cc | 0000 0083 | c602 89b2 | cc00 0000 | 81e6 feff 
  0x000001ecb33e8ee8: 1f00 85f6 | 0f84 e426 | 0000 660f | 1f44 0000 

  0x000001ecb33e8ef8: ;   {no_reloc}
  0x000001ecb33e8ef8: e909 2700 | 0000 0000 | 0000 498b | 87b8 0100 | 0048 8d78 | 2849 3bbf | c801 0000 | 0f87 f626 
  0x000001ecb33e8f18: 0000 4989 | bfb8 0100 | 0048 c700 | 0100 0000 | 488b ca49 | ba00 0000 | caec 0100 | 0049 2bca 
  0x000001ecb33e8f38: 8948 0848 | 33c9 8948 | 0c48 33c9 | 4889 4810 | 4889 4818 | 4889 4820 

  0x000001ecb33e8f50: ;   {metadata(method data for {method} {0x000001ed1d23f1e0} 'constructThreadException' '()Ljava/lang/IllegalStateException;' in 'com/mojang/blaze3d/systems/RenderSystem')}
  0x000001ecb33e8f50: 4c8b c048 | ba08 0457 | 1eed 0100 | 0048 8382 | 1001 0000 

  0x000001ecb33e8f64: ;   {oop("Rendersystem called from wrong thread"{0x00000007097ccb30})}
  0x000001ecb33e8f64: 0149 b830 | cb7c 0907 | 0000 0048 | 8bd0 4889 | 8424 3002 | 0000 0f1f 

  0x000001ecb33e8f7c: ;   {optimized virtual_call}
  0x000001ecb33e8f7c: 4400 00e8 

  0x000001ecb33e8f80: ; ImmutableOopMap {[216]=Oop [392]=Oop [560]=Oop }
                      ;*invokespecial <init> {reexecute=0 rethrow=0 return_oop=0}
                      ; - com.mojang.blaze3d.systems.RenderSystem::constructThreadException@6 (line 124)
                      ; - com.mojang.blaze3d.systems.RenderSystem::assertOnRenderThreadOrInit@12 (line 113)
                      ; - com.mojang.blaze3d.platform.GlStateManager::_disableDepthTest@0 (line 64)
                      ; - com.mojang.blaze3d.systems.RenderSystem::disableDepthTest@3 (line 170)
                      ; - net.minecraft.client.gui.GuiGraphics::flush@0 (line 121)
                      ; - net.minecraft.client.Minecraft::runTick@489 (line 1204)
  0x000001ecb33e8f80: fc5a fe05 

  0x000001ecb33e8f84: ;   {other}
  0x000001ecb33e8f84: 0f1f 8400 | 74af 0062 | 488b 8424 | 3002 0000 | e992 2800 

  0x000001ecb33e8f98: ;   {metadata(method data for {method} {0x000001ed1d23f130} 'assertOnRenderThread' '()V' in 'com/mojang/blaze3d/systems/RenderSystem')}
  0x000001ecb33e8f98: 0048 ba80 | 0257 1eed | 0100 0048 | 8382 4001 

  0x000001ecb33e8fa8: ;   {metadata(method data for {method} {0x000001ed1d23f1e0} 'constructThreadException' '()Ljava/lang/IllegalStateException;' in 'com/mojang/blaze3d/systems/RenderSystem')}
  0x000001ecb33e8fa8: 0000 0148 | ba08 0457 | 1eed 0100 | 008b b2cc | 0000 0083 | c602 89b2 | cc00 0000 | 81e6 feff 
  0x000001ecb33e8fc8: 1f00 85f6 | 0f84 4b26 | 0000 660f | 1f44 0000 

  0x000001ecb33e8fd8: ;   {no_reloc}
  0x000001ecb33e8fd8: e970 2600 | 0000 0000 | 0000 498b | 87b8 0100 | 0048 8d78 | 2849 3bbf | c801 0000 | 0f87 5d26 
  0x000001ecb33e8ff8: 0000 4989 | bfb8 0100 | 0048 c700 | 0100 0000 | 488b ca49 | ba00 0000 | caec 0100 | 0049 2bca 
  0x000001ecb33e9018: 8948 0848 | 33c9 8948 | 0c48 33c9 | 4889 4810 | 4889 4818 | 4889 4820 

  0x000001ecb33e9030: ;   {metadata(method data for {method} {0x000001ed1d23f1e0} 'constructThreadException' '()Ljava/lang/IllegalStateException;' in 'com/mojang/blaze3d/systems/RenderSystem')}
  0x000001ecb33e9030: 4c8b c048 | ba08 0457 | 1eed 0100 | 0048 8382 | 1001 0000 

  0x000001ecb33e9044: ;   {oop("Rendersystem called from wrong thread"{0x00000007097ccb30})}
  0x000001ecb33e9044: 0149 b830 | cb7c 0907 | 0000 0048 | 8bd0 4889 | 8424 3802 | 0000 0f1f 

  0x000001ecb33e905c: ;   {optimized virtual_call}
  0x000001ecb33e905c: 4400 00e8 

  0x000001ecb33e9060: ; ImmutableOopMap {[216]=Oop [392]=Oop [568]=Oop }
                      ;*invokespecial <init> {reexecute=0 rethrow=0 return_oop=0}
                      ; - com.mojang.blaze3d.systems.RenderSystem::constructThreadException@6 (line 124)
                      ; - com.mojang.blaze3d.systems.RenderSystem::assertOnRenderThread@6 (line 119)
                      ; - com.mojang.blaze3d.systems.RenderSystem::disableDepthTest@0 (line 169)
                      ; - net.minecraft.client.gui.GuiGraphics::flush@0 (line 121)
                      ; - net.minecraft.client.Minecraft::runTick@489 (line 1204)
  0x000001ecb33e9060: 1c5a fe05 

  0x000001ecb33e9064: ;   {other}
  0x000001ecb33e9064: 0f1f 8400 | 54b0 0063 | 488b 8424 | 3802 0000 | e9b2 2700 

  0x000001ecb33e9078: ;   {metadata(method data for {method} {0x000001ed1d23f130} 'assertOnRenderThread' '()V' in 'com/mojang/blaze3d/systems/RenderSystem')}
  0x000001ecb33e9078: 0048 ba80 | 0257 1eed | 0100 0048 | 8382 4001 

  0x000001ecb33e9088: ;   {metadata(method data for {method} {0x000001ed1d23f1e0} 'constructThreadException' '()Ljava/lang/IllegalStateException;' in 'com/mojang/blaze3d/systems/RenderSystem')}
  0x000001ecb33e9088: 0000 0148 | ba08 0457 | 1eed 0100 | 008b b2cc | 0000 0083 | c602 89b2 | cc00 0000 | 81e6 feff 
  0x000001ecb33e90a8: 1f00 85f6 | 0f84 b225 | 0000 660f | 1f44 0000 

  0x000001ecb33e90b8: ;   {no_reloc}
  0x000001ecb33e90b8: e9d7 2500 | 0000 0000 | 0000 498b | 87b8 0100 | 0048 8d78 | 2849 3bbf | c801 0000 | 0f87 c425 
  0x000001ecb33e90d8: 0000 4989 | bfb8 0100 | 0048 c700 | 0100 0000 | 488b ca49 | ba00 0000 | caec 0100 | 0049 2bca 
  0x000001ecb33e90f8: 8948 0848 | 33c9 8948 | 0c48 33c9 | 4889 4810 | 4889 4818 | 4889 4820 

  0x000001ecb33e9110: ;   {metadata(method data for {method} {0x000001ed1d23f1e0} 'constructThreadException' '()Ljava/lang/IllegalStateException;' in 'com/mojang/blaze3d/systems/RenderSystem')}
  0x000001ecb33e9110: 4c8b c048 | ba08 0457 | 1eed 0100 | 0048 8382 | 1001 0000 

  0x000001ecb33e9124: ;   {oop("Rendersystem called from wrong thread"{0x00000007097ccb30})}
  0x000001ecb33e9124: 0149 b830 | cb7c 0907 | 0000 0048 | 8bd0 4889 | 8424 4002 | 0000 0f1f 

  0x000001ecb33e913c: ;   {optimized virtual_call}
  0x000001ecb33e913c: 4400 00e8 

  0x000001ecb33e9140: ; ImmutableOopMap {[216]=Oop [576]=Oop }
                      ;*invokespecial <init> {reexecute=0 rethrow=0 return_oop=0}
                      ; - com.mojang.blaze3d.systems.RenderSystem::constructThreadException@6 (line 124)
                      ; - com.mojang.blaze3d.systems.RenderSystem::assertOnRenderThread@6 (line 119)
                      ; - com.mojang.blaze3d.platform.GlStateManager::_enableCull@0 (line 437)
                      ; - com.mojang.blaze3d.systems.RenderSystem::enableCull@3 (line 235)
                      ; - net.minecraft.client.Minecraft::runTick@356 (line 1188)
  0x000001ecb33e9140: 3c59 fe05 

  0x000001ecb33e9144: ;   {other}
  0x000001ecb33e9144: 0f1f 8400 | 34b1 0064 | 488b 8424 | 4002 0000 | e9d2 2600 

  0x000001ecb33e9158: ;   {metadata(method data for {method} {0x000001ed1d23f130} 'assertOnRenderThread' '()V' in 'com/mojang/blaze3d/systems/RenderSystem')}
  0x000001ecb33e9158: 0048 ba80 | 0257 1eed | 0100 0048 | 8382 4001 

  0x000001ecb33e9168: ;   {metadata(method data for {method} {0x000001ed1d23f1e0} 'constructThreadException' '()Ljava/lang/IllegalStateException;' in 'com/mojang/blaze3d/systems/RenderSystem')}
  0x000001ecb33e9168: 0000 0148 | ba08 0457 | 1eed 0100 | 008b b2cc | 0000 0083 | c602 89b2 | cc00 0000 | 81e6 feff 
  0x000001ecb33e9188: 1f00 85f6 | 0f84 1925 | 0000 660f | 1f44 0000 

  0x000001ecb33e9198: ;   {no_reloc}
  0x000001ecb33e9198: e93e 2500 | 0000 0000 | 0000 498b | 87b8 0100 | 0048 8d78 | 2849 3bbf | c801 0000 | 0f87 2b25 
  0x000001ecb33e91b8: 0000 4989 | bfb8 0100 | 0048 c700 | 0100 0000 | 488b ca49 | ba00 0000 | caec 0100 | 0049 2bca 
  0x000001ecb33e91d8: 8948 0848 | 33c9 8948 | 0c48 33c9 | 4889 4810 | 4889 4818 | 4889 4820 

  0x000001ecb33e91f0: ;   {metadata(method data for {method} {0x000001ed1d23f1e0} 'constructThreadException' '()Ljava/lang/IllegalStateException;' in 'com/mojang/blaze3d/systems/RenderSystem')}
  0x000001ecb33e91f0: 4c8b c048 | ba08 0457 | 1eed 0100 | 0048 8382 | 1001 0000 

  0x000001ecb33e9204: ;   {oop("Rendersystem called from wrong thread"{0x00000007097ccb30})}
  0x000001ecb33e9204: 0149 b830 | cb7c 0907 | 0000 0048 | 8bd0 4889 | 8424 4802 | 0000 0f1f 

  0x000001ecb33e921c: ;   {optimized virtual_call}
  0x000001ecb33e921c: 4400 00e8 

  0x000001ecb33e9220: ; ImmutableOopMap {[216]=Oop [584]=Oop }
                      ;*invokespecial <init> {reexecute=0 rethrow=0 return_oop=0}
                      ; - com.mojang.blaze3d.systems.RenderSystem::constructThreadException@6 (line 124)
                      ; - com.mojang.blaze3d.systems.RenderSystem::assertOnRenderThread@6 (line 119)
                      ; - com.mojang.blaze3d.systems.RenderSystem::enableCull@0 (line 234)
                      ; - net.minecraft.client.Minecraft::runTick@356 (line 1188)
  0x000001ecb33e9220: 5c58 fe05 

  0x000001ecb33e9224: ;   {other}
  0x000001ecb33e9224: 0f1f 8400 | 14b2 0065 | 488b 8424 | 4802 0000 | e9f2 2500 

  0x000001ecb33e9238: ;   {metadata(method data for {method} {0x000001ed1d23f130} 'assertOnRenderThread' '()V' in 'com/mojang/blaze3d/systems/RenderSystem')}
  0x000001ecb33e9238: 0048 ba80 | 0257 1eed | 0100 0048 | 8382 4001 

  0x000001ecb33e9248: ;   {metadata(method data for {method} {0x000001ed1d23f1e0} 'constructThreadException' '()Ljava/lang/IllegalStateException;' in 'com/mojang/blaze3d/systems/RenderSystem')}
  0x000001ecb33e9248: 0000 0148 | ba08 0457 | 1eed 0100 | 008b b2cc | 0000 0083 | c602 89b2 | cc00 0000 | 81e6 feff 
  0x000001ecb33e9268: 1f00 85f6 | 0f84 8024 | 0000 660f | 1f44 0000 

  0x000001ecb33e9278: ;   {no_reloc}
  0x000001ecb33e9278: e9a5 2400 | 0000 0000 | 0000 498b | 87b8 0100 | 0048 8d78 | 2849 3bbf | c801 0000 | 0f87 9224 
  0x000001ecb33e9298: 0000 4989 | bfb8 0100 | 0048 c700 | 0100 0000 | 488b ca49 | ba00 0000 | caec 0100 | 0049 2bca 
  0x000001ecb33e92b8: 8948 0848 | 33c9 8948 | 0c48 33c9 | 4889 4810 | 4889 4818 | 4889 4820 

  0x000001ecb33e92d0: ;   {metadata(method data for {method} {0x000001ed1d23f1e0} 'constructThreadException' '()Ljava/lang/IllegalStateException;' in 'com/mojang/blaze3d/systems/RenderSystem')}
  0x000001ecb33e92d0: 4c8b c048 | ba08 0457 | 1eed 0100 | 0048 8382 | 1001 0000 

  0x000001ecb33e92e4: ;   {oop("Rendersystem called from wrong thread"{0x00000007097ccb30})}
  0x000001ecb33e92e4: 0149 b830 | cb7c 0907 | 0000 0048 | 8bd0 4889 | 8424 5002 | 0000 0f1f 

  0x000001ecb33e92fc: ;   {optimized virtual_call}
  0x000001ecb33e92fc: 4400 00e8 

  0x000001ecb33e9300: ; ImmutableOopMap {[216]=Oop [592]=Oop }
                      ;*invokespecial <init> {reexecute=0 rethrow=0 return_oop=0}
                      ; - com.mojang.blaze3d.systems.RenderSystem::constructThreadException@6 (line 124)
                      ; - com.mojang.blaze3d.systems.RenderSystem::assertOnRenderThread@6 (line 119)
                      ; - com.mojang.blaze3d.systems.RenderSystem::setShaderFogStart@0 (line 341)
                      ; - net.minecraft.client.renderer.FogRenderer::setupNoFog@3 (line 210)
                      ; - net.minecraft.client.Minecraft::runTick@341 (line 1186)
  0x000001ecb33e9300: 7c57 fe05 

  0x000001ecb33e9304: ;   {other}
  0x000001ecb33e9304: 0f1f 8400 | f4b2 0066 | 488b 8424 | 5002 0000 | e912 2500 | 0089 9c24 | bc01 0000 

  0x000001ecb33e9320: ;   {metadata(method data for {method} {0x000001ed1d23f078} 'assertOnRenderThreadOrInit' '()V' in 'com/mojang/blaze3d/systems/RenderSystem')}
  0x000001ecb33e9320: 48ba 7874 | 591e ed01 | 0000 4883 | 8260 0100 

  0x000001ecb33e9330: ;   {metadata(method data for {method} {0x000001ed1d23f1e0} 'constructThreadException' '()Ljava/lang/IllegalStateException;' in 'com/mojang/blaze3d/systems/RenderSystem')}
  0x000001ecb33e9330: 0001 48ba | 0804 571e | ed01 0000 | 8bba cc00 | 0000 83c7 | 0289 bacc | 0000 0081 | e7fe ff1f 
  0x000001ecb33e9350: 0085 ff0f | 84e0 2300 | 000f 1f80 | 0000 0000 

  0x000001ecb33e9360: ;   {no_reloc}
  0x000001ecb33e9360: e904 2400 | 0000 0000 | 0000 498b | 87b8 0100 | 0048 8d78 | 2849 3bbf | c801 0000 | 0f87 f123 
  0x000001ecb33e9380: 0000 4989 | bfb8 0100 | 0048 c700 | 0100 0000 | 488b ca49 | ba00 0000 | caec 0100 | 0049 2bca 
  0x000001ecb33e93a0: 8948 0848 | 33c9 8948 | 0c48 33c9 | 4889 4810 | 4889 4818 | 4889 4820 

  0x000001ecb33e93b8: ;   {metadata(method data for {method} {0x000001ed1d23f1e0} 'constructThreadException' '()Ljava/lang/IllegalStateException;' in 'com/mojang/blaze3d/systems/RenderSystem')}
  0x000001ecb33e93b8: 4c8b c048 | ba08 0457 | 1eed 0100 | 0048 8382 | 1001 0000 

  0x000001ecb33e93cc: ;   {oop("Rendersystem called from wrong thread"{0x00000007097ccb30})}
  0x000001ecb33e93cc: 0149 b830 | cb7c 0907 | 0000 0048 | 8bd0 4889 | 8424 5802 | 0000 0f1f 

  0x000001ecb33e93e4: ;   {optimized virtual_call}
  0x000001ecb33e93e4: 4400 00e8 

  0x000001ecb33e93e8: ; ImmutableOopMap {[216]=Oop [320]=Oop [600]=Oop }
                      ;*invokespecial <init> {reexecute=0 rethrow=0 return_oop=0}
                      ; - com.mojang.blaze3d.systems.RenderSystem::constructThreadException@6 (line 124)
                      ; - com.mojang.blaze3d.systems.RenderSystem::assertOnRenderThreadOrInit@12 (line 113)
                      ; - com.mojang.blaze3d.platform.GlStateManager::_glBindFramebuffer@0 (line 335)
                      ; - com.mojang.blaze3d.pipeline.RenderTarget::_bindWrite@9 (line 196)
                      ; - com.mojang.blaze3d.pipeline.RenderTarget::bindWrite@21 (line 190)
                      ; - net.minecraft.client.Minecraft::runTick@338 (line 1185)
  0x000001ecb33e93e8: 9456 fe05 

  0x000001ecb33e93ec: ;   {other}
  0x000001ecb33e93ec: 0f1f 8400 | dcb3 0067 | 488b 8424 | 5802 0000 | e92a 2400 

  0x000001ecb33e9400: ;   {metadata(method data for {method} {0x000001ed1d23f078} 'assertOnRenderThreadOrInit' '()V' in 'com/mojang/blaze3d/systems/RenderSystem')}
  0x000001ecb33e9400: 0048 ba78 | 7459 1eed | 0100 0048 | 8382 6001 

  0x000001ecb33e9410: ;   {metadata(method data for {method} {0x000001ed1d23f1e0} 'constructThreadException' '()Ljava/lang/IllegalStateException;' in 'com/mojang/blaze3d/systems/RenderSystem')}
  0x000001ecb33e9410: 0000 0148 | ba08 0457 | 1eed 0100 | 008b bacc | 0000 0083 | c702 89ba | cc00 0000 | 81e7 feff 
  0x000001ecb33e9430: 1f00 85ff | 0f84 4623 | 0000 660f | 1f44 0000 

  0x000001ecb33e9440: ;   {no_reloc}
  0x000001ecb33e9440: e96b 2300 | 0000 0000 | 0000 498b | 87b8 0100 | 0048 8d78 | 2849 3bbf | c801 0000 | 0f87 5823 
  0x000001ecb33e9460: 0000 4989 | bfb8 0100 | 0048 c700 | 0100 0000 | 488b ca49 | ba00 0000 | caec 0100 | 0049 2bca 
  0x000001ecb33e9480: 8948 0848 | 33c9 8948 | 0c48 33c9 | 4889 4810 | 4889 4818 | 4889 4820 

  0x000001ecb33e9498: ;   {metadata(method data for {method} {0x000001ed1d23f1e0} 'constructThreadException' '()Ljava/lang/IllegalStateException;' in 'com/mojang/blaze3d/systems/RenderSystem')}
  0x000001ecb33e9498: 4c8b c048 | ba08 0457 | 1eed 0100 | 0048 8382 | 1001 0000 

  0x000001ecb33e94ac: ;   {oop("Rendersystem called from wrong thread"{0x00000007097ccb30})}
  0x000001ecb33e94ac: 0149 b830 | cb7c 0907 | 0000 0048 | 8bd0 4889 | 8424 6002 | 0000 0f1f 

  0x000001ecb33e94c4: ;   {optimized virtual_call}
  0x000001ecb33e94c4: 4400 00e8 

  0x000001ecb33e94c8: ; ImmutableOopMap {[216]=Oop [320]=Oop [608]=Oop }
                      ;*invokespecial <init> {reexecute=0 rethrow=0 return_oop=0}
                      ; - com.mojang.blaze3d.systems.RenderSystem::constructThreadException@6 (line 124)
                      ; - com.mojang.blaze3d.systems.RenderSystem::assertOnRenderThreadOrInit@12 (line 113)
                      ; - com.mojang.blaze3d.pipeline.RenderTarget::_bindWrite@0 (line 195)
                      ; - com.mojang.blaze3d.pipeline.RenderTarget::bindWrite@21 (line 190)
                      ; - net.minecraft.client.Minecraft::runTick@338 (line 1185)
  0x000001ecb33e94c8: b455 fe05 

  0x000001ecb33e94cc: ;   {other}
  0x000001ecb33e94cc: 0f1f 8400 | bcb4 0068 | 488b 8424 | 6002 0000 | e94a 2300 | 0089 b424 | 3801 0000 

  0x000001ecb33e94e8: ;   {metadata(method data for {method} {0x000001ed1d23f078} 'assertOnRenderThreadOrInit' '()V' in 'com/mojang/blaze3d/systems/RenderSystem')}
  0x000001ecb33e94e8: 48bf 7874 | 591e ed01 | 0000 4883 | 8760 0100 

  0x000001ecb33e94f8: ;   {metadata(method data for {method} {0x000001ed1d23f1e0} 'constructThreadException' '()Ljava/lang/IllegalStateException;' in 'com/mojang/blaze3d/systems/RenderSystem')}
  0x000001ecb33e94f8: 0001 48bf | 0804 571e | ed01 0000 | 8b8f cc00 | 0000 83c1 | 0289 8fcc | 0000 0081 | e1fe ff1f 
  0x000001ecb33e9518: 0085 c90f | 84a6 2200 | 000f 1f80 | 0000 0000 

  0x000001ecb33e9528: ;   {no_reloc}
  0x000001ecb33e9528: e9ca 2200 | 0000 0000 | 0000 498b | 87b8 0100 | 0048 8d78 | 2849 3bbf | c801 0000 | 0f87 b722 
  0x000001ecb33e9548: 0000 4989 | bfb8 0100 | 0048 c700 | 0100 0000 | 488b ca49 | ba00 0000 | caec 0100 | 0049 2bca 
  0x000001ecb33e9568: 8948 0848 | 33c9 8948 | 0c48 33c9 | 4889 4810 | 4889 4818 | 4889 4820 

  0x000001ecb33e9580: ;   {metadata(method data for {method} {0x000001ed1d23f1e0} 'constructThreadException' '()Ljava/lang/IllegalStateException;' in 'com/mojang/blaze3d/systems/RenderSystem')}
  0x000001ecb33e9580: 488b d048 | be08 0457 | 1eed 0100 | 0048 8386 | 1001 0000 

  0x000001ecb33e9594: ;   {oop("Rendersystem called from wrong thread"{0x00000007097ccb30})}
  0x000001ecb33e9594: 0149 b830 | cb7c 0907 | 0000 0048 | 8bd0 4889 | 8424 6802 | 0000 0f1f 

  0x000001ecb33e95ac: ;   {optimized virtual_call}
  0x000001ecb33e95ac: 4400 00e8 

  0x000001ecb33e95b0: ; ImmutableOopMap {[216]=Oop [616]=Oop }
                      ;*invokespecial <init> {reexecute=0 rethrow=0 return_oop=0}
                      ; - com.mojang.blaze3d.systems.RenderSystem::constructThreadException@6 (line 124)
                      ; - com.mojang.blaze3d.systems.RenderSystem::assertOnRenderThreadOrInit@12 (line 113)
                      ; - com.mojang.blaze3d.platform.GlStateManager::_clear@0 (line 679)
                      ; - com.mojang.blaze3d.systems.RenderSystem::clear@2 (line 337)
                      ; - net.minecraft.client.Minecraft::runTick@330 (line 1184)
  0x000001ecb33e95b0: cc54 fe05 

  0x000001ecb33e95b4: ;   {other}
  0x000001ecb33e95b4: 0f1f 8400 | a4b5 0069 | 488b 8424 | 6802 0000 | e962 2200 

  0x000001ecb33e95c8: ;   {metadata({method} {0x000001ed0c798a18} 'runTick' '(Z)V' in 'net/minecraft/client/Minecraft')}
  0x000001ecb33e95c8: 0049 ba10 | 8a79 0ced | 0100 004c | 8954 2408 | 48c7 0424 | ffff ffff 

  0x000001ecb33e95e0: ;   {runtime_call counter_overflow Runtime1 stub}
  0x000001ecb33e95e0: e81b 090b 

  0x000001ecb33e95e4: ; ImmutableOopMap {rdx=Oop [216]=Oop }
                      ;*synchronization entry
                      ; - net.minecraft.client.Minecraft::runTick@-1 (line 1136)
  0x000001ecb33e95e4: 06e9 0c5e 

  0x000001ecb33e95e8: ;   {runtime_call throw_null_pointer_exception Runtime1 stub}
  0x000001ecb33e95e8: ffff e811 

  0x000001ecb33e95ec: ; ImmutableOopMap {rdx=Oop rsi=Oop [216]=Oop }
                      ;*invokevirtual setErrorSection {reexecute=0 rethrow=0 return_oop=0}
                      ; - net.minecraft.client.Minecraft::runTick@7 (line 1136)
  0x000001ecb33e95ec: 8e0a 068b | 7e64 48c1 | e703 4883 | ff00 0f84 | 255e ffff | 4889 3c24 

  0x000001ecb33e9604: ;   {runtime_call g1_pre_barrier_slow}
  0x000001ecb33e9604: e877 130b | 06e9 175e | ffff 4883 | ff00 0f84 | 3d5e ffff | 4889 3424 

  0x000001ecb33e961c: ;   {runtime_call g1_post_barrier_slow}
  0x000001ecb33e961c: e85f 160b | 06e9 2f5e 

  0x000001ecb33e9624: ;   {metadata({method} {0x000001ed1d463588} 'shouldClose' '()Z' in 'com/mojang/blaze3d/platform/Window')}
  0x000001ecb33e9624: ffff 49ba | 8035 461d | ed01 0000 | 4c89 5424 | 0848 c704 | 24ff ffff 

  0x000001ecb33e963c: ;   {runtime_call counter_overflow Runtime1 stub}
  0x000001ecb33e963c: ffe8 be08 

  0x000001ecb33e9640: ; ImmutableOopMap {rdx=Oop rsi=Oop [216]=Oop }
                      ;*synchronization entry
                      ; - com.mojang.blaze3d.platform.Window::shouldClose@-1 (line 137)
                      ; - net.minecraft.client.Minecraft::runTick@14 (line 1137)
  0x000001ecb33e9640: 0b06 e94a 

  0x000001ecb33e9644: ;   {metadata({method} {0x000001ed1d45b390} '_shouldClose' '(Lcom/mojang/blaze3d/platform/Window;)Z' in 'com/mojang/blaze3d/platform/GLX')}
  0x000001ecb33e9644: 5eff ff49 | ba88 b345 | 1ded 0100 | 004c 8954 | 2408 48c7 | 0424 ffff 

  0x000001ecb33e965c: ;   {runtime_call counter_overflow Runtime1 stub}
  0x000001ecb33e965c: ffff e89d 

  0x000001ecb33e9660: ; ImmutableOopMap {rdx=Oop rsi=Oop [216]=Oop }
                      ;*synchronization entry
                      ; - com.mojang.blaze3d.platform.GLX::_shouldClose@-1 (line 90)
                      ; - com.mojang.blaze3d.platform.Window::shouldClose@1 (line 137)
                      ; - net.minecraft.client.Minecraft::runTick@14 (line 1137)
  0x000001ecb33e9660: 080b 06e9 | 625e ffff 

  0x000001ecb33e9668: ;   {metadata({method} {0x000001ed0c79a570} 'stop' '()V' in 'net/minecraft/client/Minecraft')}
  0x000001ecb33e9668: 49ba 68a5 | 790c ed01 | 0000 4c89 | 5424 0848 | c704 24ff 

  0x000001ecb33e967c: ;   {runtime_call counter_overflow Runtime1 stub}
  0x000001ecb33e967c: ffff ffe8 

  0x000001ecb33e9680: ; ImmutableOopMap {rdx=Oop [216]=Oop }
                      ;*synchronization entry
                      ; - net.minecraft.client.Minecraft::stop@-1 (line 1600)
                      ; - net.minecraft.client.Minecraft::runTick@21 (line 1138)
  0x000001ecb33e9680: 7c08 0b06 | e912 5fff 

  0x000001ecb33e9688: ;   {metadata(nullptr)}
  0x000001ecb33e9688: ff48 ba00 | 0000 0000 | 0000 00b8 | 000f 050a 

  0x000001ecb33e9698: ;   {runtime_call load_klass_patching Runtime1 stub}
  0x000001ecb33e9698: e863 e90a 

  0x000001ecb33e969c: ; ImmutableOopMap {[216]=Oop }
                      ;*new {reexecute=1 rethrow=0 return_oop=0}
                      ; - (reexecute) net.minecraft.client.Minecraft::stop@10 (line 1600)
                      ; - net.minecraft.client.Minecraft::runTick@21 (line 1138)
  0x000001ecb33e969c: 06e9 5e5f 

  0x000001ecb33e96a0: ;   {runtime_call throw_null_pointer_exception Runtime1 stub}
  0x000001ecb33e96a0: ffff e859 

  0x000001ecb33e96a4: ; ImmutableOopMap {[216]=Oop }
                      ;*new {reexecute=0 rethrow=0 return_oop=0}
                      ; - net.minecraft.client.Minecraft::stop@10 (line 1600)
                      ; - net.minecraft.client.Minecraft::runTick@21 (line 1138)
  0x000001ecb33e96a4: 8d0a 0648 

  0x000001ecb33e96a8: ;   {runtime_call fast_new_instance_init_check Runtime1 stub}
  0x000001ecb33e96a8: 8bd2 e8d1 

  0x000001ecb33e96ac: ; ImmutableOopMap {[216]=Oop }
                      ;*new {reexecute=0 rethrow=0 return_oop=0}
                      ; - net.minecraft.client.Minecraft::stop@10 (line 1600)
                      ; - net.minecraft.client.Minecraft::runTick@21 (line 1138)
  0x000001ecb33e96ac: a20a 06e9 | a55f ffff 

  0x000001ecb33e96b4: ;   {metadata({method} {0x000001ed1d21c0e8} 'post' '(Lnet/neoforged/bus/api/Event;)Lnet/neoforged/bus/api/Event;' in 'net/neoforged/bus/EventBus')}
  0x000001ecb33e96b4: 49ba e0c0 | 211d ed01 | 0000 4c89 | 5424 0848 | c704 24ff 

  0x000001ecb33e96c8: ;   {runtime_call counter_overflow Runtime1 stub}
  0x000001ecb33e96c8: ffff ffe8 

  0x000001ecb33e96cc: ; ImmutableOopMap {r8=Oop [216]=Oop [232]=Oop }
                      ;*synchronization entry
                      ; - net.neoforged.bus.EventBus::post@-1 (line 310)
                      ; - net.minecraft.client.Minecraft::stop@17 (line 1600)
                      ; - net.minecraft.client.Minecraft::runTick@21 (line 1138)
  0x000001ecb33e96cc: 3008 0b06 | e90e 60ff 

  0x000001ecb33e96d4: ;   {runtime_call throw_null_pointer_exception Runtime1 stub}
  0x000001ecb33e96d4: ffe8 268d 

  0x000001ecb33e96d8: ; ImmutableOopMap {[216]=Oop [232]=Oop }
                      ;*getfield shutdown {reexecute=1 rethrow=0 return_oop=0}
                      ; - (reexecute) net.neoforged.bus.EventBus::post@1 (line 310)
                      ; - net.minecraft.client.Minecraft::stop@17 (line 1600)
                      ; - net.minecraft.client.Minecraft::runTick@21 (line 1138)
                      ;   {runtime_call throw_null_pointer_exception Runtime1 stub}
  0x000001ecb33e96d8: 0a06 e821 

  0x000001ecb33e96dc: ; ImmutableOopMap {rax=Oop [216]=Oop [232]=Oop }
                      ;*invokevirtual getListeners {reexecute=0 rethrow=0 return_oop=0}
                      ; - net.neoforged.bus.EventBus::post@24 (line 315)
                      ; - net.minecraft.client.Minecraft::stop@17 (line 1600)
                      ; - net.minecraft.client.Minecraft::runTick@21 (line 1138)
                      ;   {metadata({method} {0x000001ed1da3d8c0} 'getListeners' '()[Lnet/neoforged/bus/api/EventListener;' in 'net/neoforged/bus/ListenerList')}
  0x000001ecb33e96dc: 8d0a 0649 | bab8 d8a3 | 1ded 0100 | 004c 8954 | 2408 48c7 | 0424 ffff 

  0x000001ecb33e96f4: ;   {runtime_call counter_overflow Runtime1 stub}
  0x000001ecb33e96f4: ffff e805 

  0x000001ecb33e96f8: ; ImmutableOopMap {rax=Oop [216]=Oop [232]=Oop }
                      ;*synchronization entry
                      ; - net.neoforged.bus.ListenerList::getListeners@-1 (line 89)
                      ; - net.neoforged.bus.EventBus::post@24 (line 315)
                      ; - net.minecraft.client.Minecraft::stop@17 (line 1600)
                      ; - net.minecraft.client.Minecraft::runTick@21 (line 1138)
  0x000001ecb33e96f8: 080b 06e9 | 2461 ffff 

  0x000001ecb33e9700: ;   {runtime_call throw_null_pointer_exception Runtime1 stub}
  0x000001ecb33e9700: e8fb 8c0a 

  0x000001ecb33e9704: ; ImmutableOopMap {r8=Oop [216]=Oop [232]=Oop }
                      ;*invokevirtual get {reexecute=0 rethrow=0 return_oop=0}
                      ; - net.neoforged.bus.ListenerList::getListeners@15 (line 90)
                      ; - net.neoforged.bus.EventBus::post@24 (line 315)
                      ; - net.minecraft.client.Minecraft::stop@17 (line 1600)
                      ; - net.minecraft.client.Minecraft::runTick@21 (line 1138)
  0x000001ecb33e9704: 064c 8904 

  0x000001ecb33e9708: ;   {runtime_call throw_class_cast_exception Runtime1 stub}
  0x000001ecb33e9708: 24e8 72ba 

  0x000001ecb33e970c: ; ImmutableOopMap {[216]=Oop [232]=Oop }
                      ;*checkcast {reexecute=0 rethrow=0 return_oop=0}
                      ; - net.neoforged.bus.ListenerList::getListeners@18 (line 90)
                      ; - net.neoforged.bus.EventBus::post@24 (line 315)
                      ; - net.minecraft.client.Minecraft::stop@17 (line 1600)
                      ; - net.minecraft.client.Minecraft::runTick@21 (line 1138)
  0x000001ecb33e970c: 0a06 448b | 82b0 0100 | 0049 c1e0 | 0349 83f8 | 000f 848f | 64ff ff4c 

  0x000001ecb33e9724: ;   {runtime_call g1_pre_barrier_slow}
  0x000001ecb33e9724: 8904 24e8 | 5412 0b06 | e981 64ff 

  0x000001ecb33e9730: ;   {metadata({method} {0x000001ed0c7af630} 'reloadResourcePacks' '()Ljava/util/concurrent/CompletableFuture;' in 'net/minecraft/client/Minecraft')}
  0x000001ecb33e9730: ff49 ba28 | f67a 0ced | 0100 004c | 8954 2408 | 48c7 0424 | ffff ffff 

  0x000001ecb33e9748: ;   {runtime_call counter_overflow Runtime1 stub}
  0x000001ecb33e9748: e8b3 070b 

  0x000001ecb33e974c: ; ImmutableOopMap {rdx=Oop [216]=Oop [256]=Oop }
                      ;*synchronization entry
                      ; - net.minecraft.client.Minecraft::reloadResourcePacks@-1 (line 898)
                      ; - net.minecraft.client.Minecraft::runTick@52 (line 1144)
  0x000001ecb33e974c: 06e9 bc64 | ffff 49b8 | 0000 0000 | 0000 0000 | b800 0f05 

  0x000001ecb33e9760: ;   {runtime_call load_appendix_patching Runtime1 stub}
  0x000001ecb33e9760: 0ae8 1afb 

  0x000001ecb33e9764: ; ImmutableOopMap {rax=Oop [216]=Oop [256]=Oop }
                      ;*invokedynamic {reexecute=1 rethrow=0 return_oop=0}
                      ; - (reexecute) net.minecraft.client.Minecraft::runTick@56 (line 1144)
  0x000001ecb33e9764: 0a06 e9e5 

  0x000001ecb33e9768: ;   {runtime_call throw_null_pointer_exception Runtime1 stub}
  0x000001ecb33e9768: 64ff ffe8 

  0x000001ecb33e976c: ; ImmutableOopMap {rax=Oop rdx=Oop [216]=Oop }
                      ;*invokevirtual thenRun {reexecute=0 rethrow=0 return_oop=0}
                      ; - net.minecraft.client.Minecraft::runTick@61 (line 1144)
  0x000001ecb33e976c: 908c 0a06 

  0x000001ecb33e9770: ;   {metadata({method} {0x000001ed0c14e478} 'thenRun' '(Ljava/lang/Runnable;)Ljava/util/concurrent/CompletableFuture;' in 'java/util/concurrent/CompletableFuture')}
  0x000001ecb33e9770: 49ba 70e4 | 140c ed01 | 0000 4c89 | 5424 0848 | c704 24ff 

  0x000001ecb33e9784: ;   {runtime_call counter_overflow Runtime1 stub}
  0x000001ecb33e9784: ffff ffe8 

  0x000001ecb33e9788: ; ImmutableOopMap {rax=Oop rdx=Oop [216]=Oop }
                      ;*synchronization entry
                      ; - java.util.concurrent.CompletableFuture::thenRun@-1 (line 2227)
                      ; - net.minecraft.client.Minecraft::runTick@61 (line 1144)
  0x000001ecb33e9788: 7407 0b06 | e920 66ff 

  0x000001ecb33e9790: ;   {runtime_call throw_null_pointer_exception Runtime1 stub}
  0x000001ecb33e9790: ffe8 6a8c 

  0x000001ecb33e9794: ; ImmutableOopMap {rdx=Oop [216]=Oop }
                      ;*invokeinterface run {reexecute=0 rethrow=0 return_oop=0}
                      ; - net.minecraft.client.Minecraft::runTick@83 (line 1149)
                      ;   {metadata({method} {0x000001ed0c798a18} 'runTick' '(Z)V' in 'net/minecraft/client/Minecraft')}
  0x000001ecb33e9794: 0a06 49ba | 108a 790c | ed01 0000 | 4c89 5424 | 0848 c704 | 2458 0000 

  0x000001ecb33e97ac: ;   {runtime_call counter_overflow Runtime1 stub}
  0x000001ecb33e97ac: 00e8 4e07 

  0x000001ecb33e97b0: ; ImmutableOopMap {[216]=Oop }
                      ;*goto {reexecute=1 rethrow=0 return_oop=0}
                      ; - (reexecute) net.minecraft.client.Minecraft::runTick@88 (line 1149)
  0x000001ecb33e97b0: 0b06 e91c 

  0x000001ecb33e97b4: ;   {runtime_call throw_null_pointer_exception Runtime1 stub}
  0x000001ecb33e97b4: 67ff ffe8 

  0x000001ecb33e97b8: ; ImmutableOopMap {rdx=Oop rsi=Oop [216]=Oop }
                      ;*invokeinterface poll {reexecute=0 rethrow=0 return_oop=0}
                      ; - net.minecraft.client.Minecraft::runTick@69 (line 1148)
  0x000001ecb33e97b8: 448c 0a06 | 4889 0424 

  0x000001ecb33e97c0: ;   {runtime_call throw_class_cast_exception Runtime1 stub}
  0x000001ecb33e97c0: e8bb b90a 

  0x000001ecb33e97c4: ; ImmutableOopMap {[216]=Oop }
                      ;*checkcast {reexecute=0 rethrow=0 return_oop=0}
                      ; - net.minecraft.client.Minecraft::runTick@74 (line 1148)
                      ;   {metadata({method} {0x000001ed0ce5c088} 'getMillis' '()J' in 'net/minecraft/Util')}
  0x000001ecb33e97c4: 0649 ba80 | c0e5 0ced | 0100 004c | 8954 2408 | 48c7 0424 | ffff ffff 

  0x000001ecb33e97dc: ;   {runtime_call counter_overflow Runtime1 stub}
  0x000001ecb33e97dc: e81f 070b 

  0x000001ecb33e97e0: ; ImmutableOopMap {rdx=Oop rsi=Oop [216]=Oop [272]=Oop }
                      ;*synchronization entry
                      ; - net.minecraft.Util::getMillis@-1 (line 134)
                      ; - net.minecraft.client.Minecraft::runTick@95 (line 1152)
  0x000001ecb33e97e0: 06e9 5b69 

  0x000001ecb33e97e4: ;   {metadata({method} {0x000001ed0ce5c128} 'getNanos' '()J' in 'net/minecraft/Util')}
  0x000001ecb33e97e4: ffff 49ba | 20c1 e50c | ed01 0000 | 4c89 5424 | 0848 c704 | 24ff ffff 

  0x000001ecb33e97fc: ;   {runtime_call counter_overflow Runtime1 stub}
  0x000001ecb33e97fc: ffe8 fe06 

  0x000001ecb33e9800: ; ImmutableOopMap {rdx=Oop rsi=Oop [216]=Oop [272]=Oop }
                      ;*synchronization entry
                      ; - net.minecraft.Util::getNanos@-1 (line 138)
                      ; - net.minecraft.Util::getMillis@0 (line 134)
                      ; - net.minecraft.client.Minecraft::runTick@95 (line 1152)
  0x000001ecb33e9800: 0b06 e973 

  0x000001ecb33e9804: ;   {runtime_call throw_null_pointer_exception Runtime1 stub}
  0x000001ecb33e9804: 69ff ffe8 

  0x000001ecb33e9808: ; ImmutableOopMap {rdx=Oop rsi=Oop rdi=Oop [216]=Oop [272]=Oop }
                      ;*invokeinterface getAsLong {reexecute=0 rethrow=0 return_oop=0}
                      ; - net.minecraft.Util::getNanos@3 (line 138)
                      ; - net.minecraft.Util::getMillis@0 (line 134)
                      ; - net.minecraft.client.Minecraft::runTick@95 (line 1152)
  0x000001ecb33e9808: f48b 0a06 

  0x000001ecb33e980c: ;   {runtime_call throw_div0_exception Runtime1 stub}
  0x000001ecb33e980c: e8ef 880a 

  0x000001ecb33e9810: ; ImmutableOopMap {[216]=Oop [272]=Oop }
                      ;*ldiv {reexecute=0 rethrow=0 return_oop=0}
                      ; - net.minecraft.Util::getMillis@6 (line 134)
                      ; - net.minecraft.client.Minecraft::runTick@95 (line 1152)
                      ;   {runtime_call throw_null_pointer_exception Runtime1 stub}
  0x000001ecb33e9810: 06e8 ea8b 

  0x000001ecb33e9814: ; ImmutableOopMap {rsi=Oop [216]=Oop [272]=Oop }
                      ;*invokevirtual advanceTime {reexecute=0 rethrow=0 return_oop=0}
                      ; - net.minecraft.client.Minecraft::runTick@99 (line 1152)
                      ;   {metadata({method} {0x000001ed1d2cef30} 'advanceTime' '(JZ)I' in 'net/minecraft/client/DeltaTracker$Timer')}
  0x000001ecb33e9814: 0a06 49ba | 28ef 2c1d | ed01 0000 | 4c89 5424 | 0848 c704 | 24ff ffff 

  0x000001ecb33e982c: ;   {runtime_call counter_overflow Runtime1 stub}
  0x000001ecb33e982c: ffe8 ce06 

  0x000001ecb33e9830: ; ImmutableOopMap {rsi=Oop [216]=Oop [272]=Oop }
                      ;*synchronization entry
                      ; - net.minecraft.client.DeltaTracker$Timer::advanceTime@-1 (line 62)
                      ; - net.minecraft.client.Minecraft::runTick@99 (line 1152)
  0x000001ecb33e9830: 0b06 e998 

  0x000001ecb33e9834: ;   {runtime_call throw_incompatible_class_change_error Runtime1 stub}
  0x000001ecb33e9834: 6aff ffe8 

  0x000001ecb33e9838: ; ImmutableOopMap {rdx=Oop rsi=Oop [216]=Oop }
                      ;*invokeinterface push {reexecute=0 rethrow=0 return_oop=0}
                      ; - net.minecraft.client.Minecraft::runTick@114 (line 1154)
  0x000001ecb33e9838: c4c0 0a06 

  0x000001ecb33e983c: ;   {runtime_call throw_null_pointer_exception Runtime1 stub}
  0x000001ecb33e983c: e8bf 8b0a 

  0x000001ecb33e9840: ; ImmutableOopMap {rdx=Oop rsi=Oop [216]=Oop }
                      ;*invokeinterface push {reexecute=0 rethrow=0 return_oop=0}
                      ; - net.minecraft.client.Minecraft::runTick@114 (line 1154)
                      ;   {metadata({method} {0x000001ed1d2bf608} 'push' '(Ljava/lang/String;)V' in 'net/minecraft/util/profiling/InactiveProfiler')}
  0x000001ecb33e9840: 0649 ba00 | f62b 1ded | 0100 004c | 8954 2408 | 48c7 0424 | ffff ffff 

  0x000001ecb33e9858: ;   {runtime_call counter_overflow Runtime1 stub}
  0x000001ecb33e9858: e8a3 060b 

  0x000001ecb33e985c: ; ImmutableOopMap {rdx=Oop [216]=Oop }
                      ;*synchronization entry
                      ; - net.minecraft.util.profiling.InactiveProfiler::push@-1 (line 26)
                      ; - net.minecraft.client.Minecraft::runTick@114 (line 1154)
  0x000001ecb33e985c: 06e9 056c 

  0x000001ecb33e9860: ;   {metadata({method} {0x000001ed0c7c03f8} 'runAllTasks' '()V' in 'net/minecraft/util/thread/BlockableEventLoop')}
  0x000001ecb33e9860: ffff 49ba | f003 7c0c | ed01 0000 | 4c89 5424 | 0848 c704 | 24ff ffff 

  0x000001ecb33e9878: ;   {runtime_call counter_overflow Runtime1 stub}
  0x000001ecb33e9878: ffe8 8206 

  0x000001ecb33e987c: ; ImmutableOopMap {rdx=Oop [216]=Oop }
                      ;*synchronization entry
                      ; - net.minecraft.util.thread.BlockableEventLoop::runAllTasks@-1 (line 111)
                      ; - net.minecraft.client.Minecraft::runTick@120 (line 1155)
  0x000001ecb33e987c: 0b06 e99e 

  0x000001ecb33e9880: ;   {metadata({method} {0x000001ed0c7c03f8} 'runAllTasks' '()V' in 'net/minecraft/util/thread/BlockableEventLoop')}
  0x000001ecb33e9880: 6cff ff49 | baf0 037c | 0ced 0100 | 004c 8954 | 2408 48c7 | 0424 0700 

  0x000001ecb33e9898: ;   {runtime_call counter_overflow Runtime1 stub}
  0x000001ecb33e9898: 0000 e861 

  0x000001ecb33e989c: ; ImmutableOopMap {[216]=Oop }
                      ;*goto {reexecute=1 rethrow=0 return_oop=0}
                      ; - (reexecute) net.minecraft.util.thread.BlockableEventLoop::runAllTasks@7 (line 111)
                      ; - net.minecraft.client.Minecraft::runTick@120 (line 1155)
  0x000001ecb33e989c: 060b 06e9 | b36c ffff 

  0x000001ecb33e98a4: ;   {runtime_call throw_incompatible_class_change_error Runtime1 stub}
  0x000001ecb33e98a4: e857 c00a 

  0x000001ecb33e98a8: ; ImmutableOopMap {rdx=Oop rsi=Oop [216]=Oop }
                      ;*invokeinterface pop {reexecute=0 rethrow=0 return_oop=0}
                      ; - net.minecraft.client.Minecraft::runTick@127 (line 1156)
                      ;   {runtime_call throw_null_pointer_exception Runtime1 stub}
  0x000001ecb33e98a8: 06e8 528b 

  0x000001ecb33e98ac: ; ImmutableOopMap {rdx=Oop rsi=Oop [216]=Oop }
                      ;*invokeinterface pop {reexecute=0 rethrow=0 return_oop=0}
                      ; - net.minecraft.client.Minecraft::runTick@127 (line 1156)
                      ;   {metadata({method} {0x000001ed1d2bf818} 'pop' '()V' in 'net/minecraft/util/profiling/InactiveProfiler')}
  0x000001ecb33e98ac: 0a06 49ba | 10f8 2b1d | ed01 0000 | 4c89 5424 | 0848 c704 | 24ff ffff 

  0x000001ecb33e98c4: ;   {runtime_call counter_overflow Runtime1 stub}
  0x000001ecb33e98c4: ffe8 3606 

  0x000001ecb33e98c8: ; ImmutableOopMap {rdx=Oop rsi=Oop [216]=Oop }
                      ;*synchronization entry
                      ; - net.minecraft.util.profiling.InactiveProfiler::pop@-1 (line 38)
                      ; - net.minecraft.client.Minecraft::runTick@127 (line 1156)
  0x000001ecb33e98c8: 0b06 e920 

  0x000001ecb33e98cc: ;   {runtime_call throw_incompatible_class_change_error Runtime1 stub}
  0x000001ecb33e98cc: 6eff ffe8 

  0x000001ecb33e98d0: ; ImmutableOopMap {rdx=Oop rsi=Oop [216]=Oop }
                      ;*invokeinterface push {reexecute=0 rethrow=0 return_oop=0}
                      ; - net.minecraft.client.Minecraft::runTick@139 (line 1157)
  0x000001ecb33e98d0: 2cc0 0a06 

  0x000001ecb33e98d4: ;   {metadata({method} {0x000001ed1d2bf608} 'push' '(Ljava/lang/String;)V' in 'net/minecraft/util/profiling/InactiveProfiler')}
  0x000001ecb33e98d4: 49ba 00f6 | 2b1d ed01 | 0000 4c89 | 5424 0848 | c704 24ff 

  0x000001ecb33e98e8: ;   {runtime_call counter_overflow Runtime1 stub}
  0x000001ecb33e98e8: ffff ffe8 

  0x000001ecb33e98ec: ; ImmutableOopMap {rdx=Oop [216]=Oop }
                      ;*synchronization entry
                      ; - net.minecraft.util.profiling.InactiveProfiler::push@-1 (line 26)
                      ; - net.minecraft.client.Minecraft::runTick@139 (line 1157)
  0x000001ecb33e98ec: 1006 0b06 | e979 6eff 

  0x000001ecb33e98f4: ;   {metadata({method} {0x000001ecca42b3c8} 'min' '(II)I' in 'java/lang/Math')}
  0x000001ecb33e98f4: ff49 bac0 | b342 caec | 0100 004c | 8954 2408 | 48c7 0424 | ffff ffff 

  0x000001ecb33e990c: ;   {runtime_call counter_overflow Runtime1 stub}
  0x000001ecb33e990c: e8ef 050b 

  0x000001ecb33e9910: ; ImmutableOopMap {rdx=Oop [216]=Oop }
                      ;*synchronization entry
                      ; - java.lang.Math::min@-1 (line 2115)
                      ; - net.minecraft.client.Minecraft::runTick@152 (line 1159)
  0x000001ecb33e9910: 06e9 a36e 

  0x000001ecb33e9914: ;   {runtime_call throw_incompatible_class_change_error Runtime1 stub}
  0x000001ecb33e9914: ffff e8e5 

  0x000001ecb33e9918: ; ImmutableOopMap {rdx=Oop rdi=Oop [216]=Oop }
                      ;*invokeinterface incrementCounter {reexecute=0 rethrow=0 return_oop=0}
                      ; - net.minecraft.client.Minecraft::runTick@165 (line 1160)
                      ;   {runtime_call throw_null_pointer_exception Runtime1 stub}
  0x000001ecb33e9918: bf0a 06e8 

  0x000001ecb33e991c: ; ImmutableOopMap {rdx=Oop rdi=Oop [216]=Oop }
                      ;*invokeinterface incrementCounter {reexecute=0 rethrow=0 return_oop=0}
                      ; - net.minecraft.client.Minecraft::runTick@165 (line 1160)
  0x000001ecb33e991c: e08a 0a06 

  0x000001ecb33e9920: ;   {metadata({method} {0x000001ed1d24fd10} 'incrementCounter' '(Ljava/lang/String;)V' in 'net/minecraft/util/profiling/ProfilerFiller')}
  0x000001ecb33e9920: 49ba 08fd | 241d ed01 | 0000 4c89 | 5424 0848 | c704 24ff 

  0x000001ecb33e9934: ;   {runtime_call counter_overflow Runtime1 stub}
  0x000001ecb33e9934: ffff ffe8 

  0x000001ecb33e9938: ; ImmutableOopMap {rdx=Oop rdi=Oop [216]=Oop }
                      ;*synchronization entry
                      ; - net.minecraft.util.profiling.ProfilerFiller::incrementCounter@-1 (line 26)
                      ; - net.minecraft.client.Minecraft::runTick@165 (line 1160)
  0x000001ecb33e9938: c405 0b06 | e909 70ff 

  0x000001ecb33e9940: ;   {runtime_call throw_incompatible_class_change_error Runtime1 stub}
  0x000001ecb33e9940: ffe8 babf 

  0x000001ecb33e9944: ; ImmutableOopMap {rdx=Oop rdi=Oop [216]=Oop }
                      ;*invokeinterface incrementCounter {reexecute=0 rethrow=0 return_oop=0}
                      ; - net.minecraft.util.profiling.ProfilerFiller::incrementCounter@3 (line 26)
                      ; - net.minecraft.client.Minecraft::runTick@165 (line 1160)
                      ;   {metadata({method} {0x000001ed1d2bfa40} 'incrementCounter' '(Ljava/lang/String;I)V' in 'net/minecraft/util/profiling/InactiveProfiler')}
  0x000001ecb33e9944: 0a06 49ba | 38fa 2b1d | ed01 0000 | 4c89 5424 | 0848 c704 | 24ff ffff 

  0x000001ecb33e995c: ;   {runtime_call counter_overflow Runtime1 stub}
  0x000001ecb33e995c: ffe8 9e05 

  0x000001ecb33e9960: ; ImmutableOopMap {rdx=Oop [216]=Oop }
                      ;*synchronization entry
                      ; - net.minecraft.util.profiling.InactiveProfiler::incrementCounter@-1 (line 50)
                      ; - net.minecraft.util.profiling.ProfilerFiller::incrementCounter@3 (line 26)
                      ; - net.minecraft.client.Minecraft::runTick@165 (line 1160)
  0x000001ecb33e9960: 0b06 e963 

  0x000001ecb33e9964: ;   {metadata({method} {0x000001ed0c798a18} 'runTick' '(Z)V' in 'net/minecraft/client/Minecraft')}
  0x000001ecb33e9964: 70ff ff49 | ba10 8a79 | 0ced 0100 | 004c 8954 | 2408 48c7 | 0424 b100 

  0x000001ecb33e997c: ;   {runtime_call counter_overflow Runtime1 stub}
  0x000001ecb33e997c: 0000 e87d 

  0x000001ecb33e9980: ; ImmutableOopMap {[216]=Oop }
                      ;*goto {reexecute=1 rethrow=0 return_oop=0}
                      ; - (reexecute) net.minecraft.client.Minecraft::runTick@177 (line 1159)
  0x000001ecb33e9980: 050b 06e9 | ae70 ffff 

  0x000001ecb33e9988: ;   {runtime_call throw_incompatible_class_change_error Runtime1 stub}
  0x000001ecb33e9988: e873 bf0a 

  0x000001ecb33e998c: ; ImmutableOopMap {rdx=Oop r8=Oop [216]=Oop }
                      ;*invokeinterface pop {reexecute=0 rethrow=0 return_oop=0}
                      ; - net.minecraft.client.Minecraft::runTick@184 (line 1164)
                      ;   {runtime_call throw_null_pointer_exception Runtime1 stub}
  0x000001ecb33e998c: 06e8 6e8a 

  0x000001ecb33e9990: ; ImmutableOopMap {rdx=Oop r8=Oop [216]=Oop }
                      ;*invokeinterface pop {reexecute=0 rethrow=0 return_oop=0}
                      ; - net.minecraft.client.Minecraft::runTick@184 (line 1164)
                      ;   {metadata({method} {0x000001ed1d2bf818} 'pop' '()V' in 'net/minecraft/util/profiling/InactiveProfiler')}
  0x000001ecb33e9990: 0a06 49ba | 10f8 2b1d | ed01 0000 | 4c89 5424 | 0848 c704 | 24ff ffff 

  0x000001ecb33e99a8: ;   {runtime_call counter_overflow Runtime1 stub}
  0x000001ecb33e99a8: ffe8 5205 

  0x000001ecb33e99ac: ; ImmutableOopMap {rdx=Oop [216]=Oop }
                      ;*synchronization entry
                      ; - net.minecraft.util.profiling.InactiveProfiler::pop@-1 (line 38)
                      ; - net.minecraft.client.Minecraft::runTick@184 (line 1164)
  0x000001ecb33e99ac: 0b06 e942 

  0x000001ecb33e99b0: ;   {runtime_call throw_null_pointer_exception Runtime1 stub}
  0x000001ecb33e99b0: 71ff ffe8 

  0x000001ecb33e99b4: ; ImmutableOopMap {rdx=Oop r8=Oop [216]=Oop }
                      ;*invokevirtual setErrorSection {reexecute=0 rethrow=0 return_oop=0}
                      ; - net.minecraft.client.Minecraft::runTick@196 (line 1167)
  0x000001ecb33e99b4: 488a 0a06 | 418b 7064 | 48c1 e603 | 4883 fe00 | 0f84 5b71 | ffff 4889 

  0x000001ecb33e99cc: ;   {runtime_call g1_pre_barrier_slow}
  0x000001ecb33e99cc: 3424 e8ad | 0f0b 06e9 | 4d71 ffff | 4883 fe00 | 0f84 7371 | ffff 4c89 

  0x000001ecb33e99e4: ;   {runtime_call g1_post_barrier_slow}
  0x000001ecb33e99e4: 0424 e895 | 120b 06e9 | 6571 ffff 

  0x000001ecb33e99f0: ;   {runtime_call throw_incompatible_class_change_error Runtime1 stub}
  0x000001ecb33e99f0: e80b bf0a 

  0x000001ecb33e99f4: ; ImmutableOopMap {rdx=Oop r8=Oop [216]=Oop }
                      ;*invokeinterface push {reexecute=0 rethrow=0 return_oop=0}
                      ; - net.minecraft.client.Minecraft::runTick@206 (line 1168)
                      ;   {runtime_call throw_null_pointer_exception Runtime1 stub}
  0x000001ecb33e99f4: 06e8 068a 

  0x000001ecb33e99f8: ; ImmutableOopMap {rdx=Oop r8=Oop [216]=Oop }
                      ;*invokeinterface push {reexecute=0 rethrow=0 return_oop=0}
                      ; - net.minecraft.client.Minecraft::runTick@206 (line 1168)
                      ;   {metadata({method} {0x000001ed1d2bf608} 'push' '(Ljava/lang/String;)V' in 'net/minecraft/util/profiling/InactiveProfiler')}
  0x000001ecb33e99f8: 0a06 49ba | 00f6 2b1d | ed01 0000 | 4c89 5424 | 0848 c704 | 24ff ffff 

  0x000001ecb33e9a10: ;   {runtime_call counter_overflow Runtime1 stub}
  0x000001ecb33e9a10: ffe8 ea04 

  0x000001ecb33e9a14: ; ImmutableOopMap {rdx=Oop [216]=Oop }
                      ;*synchronization entry
                      ; - net.minecraft.util.profiling.InactiveProfiler::push@-1 (line 26)
                      ; - net.minecraft.client.Minecraft::runTick@206 (line 1168)
  0x000001ecb33e9a14: 0b06 e9ca 

  0x000001ecb33e9a18: ;   {runtime_call throw_null_pointer_exception Runtime1 stub}
  0x000001ecb33e9a18: 71ff ffe8 

  0x000001ecb33e9a1c: ; ImmutableOopMap {rdx=Oop r8=Oop rsi=Oop [216]=Oop }
                      ;*invokevirtual getMainCamera {reexecute=0 rethrow=0 return_oop=0}
                      ; - net.minecraft.client.Minecraft::runTick@219 (line 1169)
  0x000001ecb33e9a1c: e089 0a06 

  0x000001ecb33e9a20: ;   {runtime_call throw_null_pointer_exception Runtime1 stub}
  0x000001ecb33e9a20: e8db 890a 

  0x000001ecb33e9a24: ; ImmutableOopMap {rdx=Oop r8=Oop rsi=Oop [216]=Oop }
                      ;*invokevirtual updateSource {reexecute=0 rethrow=0 return_oop=0}
                      ; - net.minecraft.client.Minecraft::runTick@222 (line 1169)
                      ;   {metadata({method} {0x000001ed1e131ac8} 'updateSource' '(Lnet/minecraft/client/Camera;)V' in 'net/minecraft/client/sounds/SoundManager')}
  0x000001ecb33e9a24: 0649 bac0 | 1a13 1eed | 0100 004c | 8954 2408 | 48c7 0424 | ffff ffff 

  0x000001ecb33e9a3c: ;   {runtime_call counter_overflow Runtime1 stub}
  0x000001ecb33e9a3c: e8bf 040b 

  0x000001ecb33e9a40: ; ImmutableOopMap {rdx=Oop r8=Oop rsi=Oop [216]=Oop }
                      ;*synchronization entry
                      ; - net.minecraft.client.sounds.SoundManager::updateSource@-1 (line 173)
                      ; - net.minecraft.client.Minecraft::runTick@222 (line 1169)
  0x000001ecb33e9a40: 06e9 3772 

  0x000001ecb33e9a44: ;   {runtime_call throw_null_pointer_exception Runtime1 stub}
  0x000001ecb33e9a44: ffff e8b5 

  0x000001ecb33e9a48: ; ImmutableOopMap {rdx=Oop rsi=Oop rdi=Oop [216]=Oop }
                      ;*invokevirtual updateSource {reexecute=0 rethrow=0 return_oop=0}
                      ; - net.minecraft.client.sounds.SoundManager::updateSource@5 (line 173)
                      ; - net.minecraft.client.Minecraft::runTick@222 (line 1169)
                      ;   {runtime_call throw_incompatible_class_change_error Runtime1 stub}
  0x000001ecb33e9a48: 890a 06e8 

  0x000001ecb33e9a4c: ; ImmutableOopMap {rdx=Oop rsi=Oop [216]=Oop }
                      ;*invokeinterface pop {reexecute=0 rethrow=0 return_oop=0}
                      ; - net.minecraft.client.Minecraft::runTick@229 (line 1170)
  0x000001ecb33e9a4c: b0be 0a06 

  0x000001ecb33e9a50: ;   {runtime_call throw_null_pointer_exception Runtime1 stub}
  0x000001ecb33e9a50: e8ab 890a 

  0x000001ecb33e9a54: ; ImmutableOopMap {rdx=Oop rsi=Oop [216]=Oop }
                      ;*invokeinterface pop {reexecute=0 rethrow=0 return_oop=0}
                      ; - net.minecraft.client.Minecraft::runTick@229 (line 1170)
                      ;   {metadata({method} {0x000001ed1d2bf818} 'pop' '()V' in 'net/minecraft/util/profiling/InactiveProfiler')}
  0x000001ecb33e9a54: 0649 ba10 | f82b 1ded | 0100 004c | 8954 2408 | 48c7 0424 | ffff ffff 

  0x000001ecb33e9a6c: ;   {runtime_call counter_overflow Runtime1 stub}
  0x000001ecb33e9a6c: e88f 040b 

  0x000001ecb33e9a70: ; ImmutableOopMap {rdx=Oop rsi=Oop [216]=Oop }
                      ;*synchronization entry
                      ; - net.minecraft.util.profiling.InactiveProfiler::pop@-1 (line 38)
                      ; - net.minecraft.client.Minecraft::runTick@229 (line 1170)
  0x000001ecb33e9a70: 06e9 e572 

  0x000001ecb33e9a74: ;   {runtime_call throw_incompatible_class_change_error Runtime1 stub}
  0x000001ecb33e9a74: ffff e885 

  0x000001ecb33e9a78: ; ImmutableOopMap {rdx=Oop rsi=Oop [216]=Oop }
                      ;*invokeinterface push {reexecute=0 rethrow=0 return_oop=0}
                      ; - net.minecraft.client.Minecraft::runTick@241 (line 1171)
                      ;   {metadata({method} {0x000001ed1d2bf608} 'push' '(Ljava/lang/String;)V' in 'net/minecraft/util/profiling/InactiveProfiler')}
  0x000001ecb33e9a78: be0a 0649 | ba00 f62b | 1ded 0100 | 004c 8954 | 2408 48c7 | 0424 ffff 

  0x000001ecb33e9a90: ;   {runtime_call counter_overflow Runtime1 stub}
  0x000001ecb33e9a90: ffff e869 

  0x000001ecb33e9a94: ; ImmutableOopMap {rdx=Oop [216]=Oop }
                      ;*synchronization entry
                      ; - net.minecraft.util.profiling.InactiveProfiler::push@-1 (line 26)
                      ; - net.minecraft.client.Minecraft::runTick@241 (line 1171)
  0x000001ecb33e9a94: 040b 06e9 | 3e73 ffff 

  0x000001ecb33e9a9c: ;   {metadata({method} {0x000001ed0ce5c128} 'getNanos' '()J' in 'net/minecraft/Util')}
  0x000001ecb33e9a9c: 49ba 20c1 | e50c ed01 | 0000 4c89 | 5424 0848 | c704 24ff 

  0x000001ecb33e9ab0: ;   {runtime_call counter_overflow Runtime1 stub}
  0x000001ecb33e9ab0: ffff ffe8 

  0x000001ecb33e9ab4: ; ImmutableOopMap {rdx=Oop [216]=Oop }
                      ;*synchronization entry
                      ; - net.minecraft.Util::getNanos@-1 (line 138)
                      ; - net.minecraft.client.Minecraft::runTick@246 (line 1172)
  0x000001ecb33e9ab4: 4804 0b06 | e956 73ff 

  0x000001ecb33e9abc: ;   {runtime_call throw_null_pointer_exception Runtime1 stub}
  0x000001ecb33e9abc: ffe8 3e89 

  0x000001ecb33e9ac0: ; ImmutableOopMap {rdx=Oop rsi=Oop [216]=Oop }
                      ;*invokeinterface getAsLong {reexecute=0 rethrow=0 return_oop=0}
                      ; - net.minecraft.Util::getNanos@3 (line 138)
                      ; - net.minecraft.client.Minecraft::runTick@246 (line 1172)
                      ;   {metadata({method} {0x000001ed0c7b1408} 'getDebugOverlay' '()Lnet/minecraft/client/gui/components/DebugScreenOverlay;' in 'net/minecraft/client/Minecraft')}
  0x000001ecb33e9ac0: 0a06 49ba | 0014 7b0c | ed01 0000 | 4c89 5424 | 0848 c704 | 24ff ffff 

  0x000001ecb33e9ad8: ;   {runtime_call counter_overflow Runtime1 stub}
  0x000001ecb33e9ad8: ffe8 2204 

  0x000001ecb33e9adc: ; ImmutableOopMap {[216]=Oop }
                      ;*synchronization entry
                      ; - net.minecraft.client.Minecraft::getDebugOverlay@-1 (line 2847)
                      ; - net.minecraft.client.Minecraft::runTick@252 (line 1174)
  0x000001ecb33e9adc: 0b06 e953 

  0x000001ecb33e9ae0: ;   {runtime_call throw_null_pointer_exception Runtime1 stub}
  0x000001ecb33e9ae0: 74ff ffe8 

  0x000001ecb33e9ae4: ; ImmutableOopMap {rdx=Oop rsi=Oop [216]=Oop }
                      ;*invokevirtual getDebugOverlay {reexecute=0 rethrow=0 return_oop=0}
                      ; - net.minecraft.client.Minecraft::getDebugOverlay@4 (line 2847)
                      ; - net.minecraft.client.Minecraft::runTick@252 (line 1174)
  0x000001ecb33e9ae4: 1889 0a06 

  0x000001ecb33e9ae8: ;   {runtime_call throw_null_pointer_exception Runtime1 stub}
  0x000001ecb33e9ae8: e813 890a 

  0x000001ecb33e9aec: ; ImmutableOopMap {rdx=Oop rsi=Oop [216]=Oop }
                      ;*invokevirtual showDebugScreen {reexecute=0 rethrow=0 return_oop=0}
                      ; - net.minecraft.client.Minecraft::runTick@255 (line 1174)
                      ;   {metadata({method} {0x000001ed1e4193f0} 'showDebugScreen' '()Z' in 'net/minecraft/client/gui/components/DebugScreenOverlay')}
  0x000001ecb33e9aec: 0649 bae8 | 9341 1eed | 0100 004c | 8954 2408 | 48c7 0424 | ffff ffff 

  0x000001ecb33e9b04: ;   {runtime_call counter_overflow Runtime1 stub}
  0x000001ecb33e9b04: e8f7 030b 

  0x000001ecb33e9b08: ; ImmutableOopMap {rdx=Oop rsi=Oop [216]=Oop }
                      ;*synchronization entry
                      ; - net.minecraft.client.gui.components.DebugScreenOverlay::showDebugScreen@-1 (line 605)
                      ; - net.minecraft.client.Minecraft::runTick@255 (line 1174)
  0x000001ecb33e9b08: 06e9 ba74 

  0x000001ecb33e9b0c: ;   {runtime_call throw_null_pointer_exception Runtime1 stub}
  0x000001ecb33e9b0c: ffff e8ed 

  0x000001ecb33e9b10: ; ImmutableOopMap {rdx=Oop [216]=Oop }
                      ;*getfield options {reexecute=1 rethrow=0 return_oop=0}
                      ; - (reexecute) net.minecraft.client.gui.components.DebugScreenOverlay::showDebugScreen@11 (line 605)
                      ; - net.minecraft.client.Minecraft::runTick@255 (line 1174)
                      ;   {runtime_call throw_null_pointer_exception Runtime1 stub}
  0x000001ecb33e9b10: 880a 06e8 

  0x000001ecb33e9b14: ; ImmutableOopMap {rdx=Oop [216]=Oop }
                      ;*getfield hideGui {reexecute=1 rethrow=0 return_oop=0}
                      ; - (reexecute) net.minecraft.client.gui.components.DebugScreenOverlay::showDebugScreen@14 (line 605)
                      ; - net.minecraft.client.Minecraft::runTick@255 (line 1174)
  0x000001ecb33e9b14: e888 0a06 

  0x000001ecb33e9b18: ;   {runtime_call throw_incompatible_class_change_error Runtime1 stub}
  0x000001ecb33e9b18: e8e3 bd0a 

  0x000001ecb33e9b1c: ; ImmutableOopMap {rdx=Oop rsi=Oop [216]=Oop }
                      ;*invokeinterface isRecording {reexecute=0 rethrow=0 return_oop=0}
                      ; - net.minecraft.client.Minecraft::runTick@265 (line 1174)
                      ;   {runtime_call throw_null_pointer_exception Runtime1 stub}
  0x000001ecb33e9b1c: 06e8 de88 

  0x000001ecb33e9b20: ; ImmutableOopMap {rdx=Oop rsi=Oop [216]=Oop }
                      ;*invokeinterface isRecording {reexecute=0 rethrow=0 return_oop=0}
                      ; - net.minecraft.client.Minecraft::runTick@265 (line 1174)
                      ;   {metadata({method} {0x000001ed1d2d5ae8} 'isRecording' '()Z' in 'net/minecraft/util/profiling/metrics/profiling/InactiveMetricsRecorder')}
  0x000001ecb33e9b20: 0a06 49ba | e05a 2d1d | ed01 0000 | 4c89 5424 | 0848 c704 | 24ff ffff 

  0x000001ecb33e9b38: ;   {runtime_call counter_overflow Runtime1 stub}
  0x000001ecb33e9b38: ffe8 c203 

  0x000001ecb33e9b3c: ; ImmutableOopMap {rdx=Oop [216]=Oop }
                      ;*synchronization entry
                      ; - net.minecraft.util.profiling.metrics.profiling.InactiveMetricsRecorder::isRecording@-1 (line 23)
                      ; - net.minecraft.client.Minecraft::runTick@265 (line 1174)
  0x000001ecb33e9b3c: 0b06 e9e8 | 75ff ff48 | ba00 0000 | 0000 0000 | 00b8 000f 

  0x000001ecb33e9b50: ;   {runtime_call load_appendix_patching Runtime1 stub}
  0x000001ecb33e9b50: 050a e829 

  0x000001ecb33e9b54: ; ImmutableOopMap {rax=Oop [216]=Oop }
                      ;*invokedynamic {reexecute=1 rethrow=0 return_oop=0}
                      ; - (reexecute) net.minecraft.client.Minecraft::runTick@316 (line 1180)
  0x000001ecb33e9b54: f70a 06e9 | 0477 ffff 

  0x000001ecb33e9b5c: ;   {runtime_call throw_null_pointer_exception Runtime1 stub}
  0x000001ecb33e9b5c: e89f 880a 

  0x000001ecb33e9b60: ; ImmutableOopMap {rax=Oop r8=Oop [216]=Oop }
                      ;*invokevirtual ifPresent {reexecute=0 rethrow=0 return_oop=0}
                      ; - net.minecraft.client.Minecraft::runTick@321 (line 1180)
                      ;   {metadata({method} {0x000001ecca0ea7e0} 'ifPresent' '(Ljava/util/function/Consumer;)V' in 'java/util/Optional')}
  0x000001ecb33e9b60: 0649 bad8 | a70e caec | 0100 004c | 8954 2408 | 48c7 0424 | ffff ffff 

  0x000001ecb33e9b78: ;   {runtime_call counter_overflow Runtime1 stub}
  0x000001ecb33e9b78: e883 030b 

  0x000001ecb33e9b7c: ; ImmutableOopMap {rax=Oop r8=Oop [216]=Oop }
                      ;*synchronization entry
                      ; - java.util.Optional::ifPresent@-1 (line 177)
                      ; - net.minecraft.client.Minecraft::runTick@321 (line 1180)
  0x000001ecb33e9b7c: 06e9 b177 

  0x000001ecb33e9b80: ;   {runtime_call throw_null_pointer_exception Runtime1 stub}
  0x000001ecb33e9b80: ffff e879 

  0x000001ecb33e9b84: ; ImmutableOopMap {r8=Oop rax=Oop [216]=Oop }
                      ;*invokeinterface accept {reexecute=0 rethrow=0 return_oop=0}
                      ; - java.util.Optional::ifPresent@12 (line 178)
                      ; - net.minecraft.client.Minecraft::runTick@321 (line 1180)
                      ;   {metadata({method} {0x000001ed1d241050} 'clear' '(IZ)V' in 'com/mojang/blaze3d/systems/RenderSystem')}
  0x000001ecb33e9b84: 880a 0649 | ba48 1024 | 1ded 0100 | 004c 8954 | 2408 48c7 | 0424 ffff 

  0x000001ecb33e9b9c: ;   {runtime_call counter_overflow Runtime1 stub}
  0x000001ecb33e9b9c: ffff e85d 

  0x000001ecb33e9ba0: ; ImmutableOopMap {[216]=Oop }
                      ;*synchronization entry
                      ; - com.mojang.blaze3d.systems.RenderSystem::clear@-1 (line 337)
                      ; - net.minecraft.client.Minecraft::runTick@330 (line 1184)
  0x000001ecb33e9ba0: 030b 06e9 | bc78 ffff 

  0x000001ecb33e9ba8: ;   {metadata({method} {0x000001ed1d607c98} '_clear' '(IZ)V' in 'com/mojang/blaze3d/platform/GlStateManager')}
  0x000001ecb33e9ba8: 49ba 907c | 601d ed01 | 0000 4c89 | 5424 0848 | c704 24ff 

  0x000001ecb33e9bbc: ;   {runtime_call counter_overflow Runtime1 stub}
  0x000001ecb33e9bbc: ffff ffe8 

  0x000001ecb33e9bc0: ; ImmutableOopMap {[216]=Oop }
                      ;*synchronization entry
                      ; - com.mojang.blaze3d.platform.GlStateManager::_clear@-1 (line 679)
                      ; - com.mojang.blaze3d.systems.RenderSystem::clear@2 (line 337)
                      ; - net.minecraft.client.Minecraft::runTick@330 (line 1184)
  0x000001ecb33e9bc0: 3c03 0b06 | e9d4 78ff 

  0x000001ecb33e9bc8: ;   {metadata({method} {0x000001ed1d23f078} 'assertOnRenderThreadOrInit' '()V' in 'com/mojang/blaze3d/systems/RenderSystem')}
  0x000001ecb33e9bc8: ff49 ba70 | f023 1ded | 0100 004c | 8954 2408 | 48c7 0424 | ffff ffff 

  0x000001ecb33e9be0: ;   {runtime_call counter_overflow Runtime1 stub}
  0x000001ecb33e9be0: e81b 030b 

  0x000001ecb33e9be4: ; ImmutableOopMap {[216]=Oop }
                      ;*synchronization entry
                      ; - com.mojang.blaze3d.systems.RenderSystem::assertOnRenderThreadOrInit@-1 (line 112)
                      ; - com.mojang.blaze3d.platform.GlStateManager::_clear@0 (line 679)
                      ; - com.mojang.blaze3d.systems.RenderSystem::clear@2 (line 337)
                      ; - net.minecraft.client.Minecraft::runTick@330 (line 1184)
  0x000001ecb33e9be4: 06e9 ec78 

  0x000001ecb33e9be8: ;   {metadata({method} {0x000001ed1d23ef08} 'isOnRenderThread' '()Z' in 'com/mojang/blaze3d/systems/RenderSystem')}
  0x000001ecb33e9be8: ffff 49ba | 00ef 231d | ed01 0000 | 4c89 5424 | 0848 c704 | 24ff ffff 

  0x000001ecb33e9c00: ;   {runtime_call counter_overflow Runtime1 stub}
  0x000001ecb33e9c00: ffe8 fa02 

  0x000001ecb33e9c04: ; ImmutableOopMap {[216]=Oop }
                      ;*synchronization entry
                      ; - com.mojang.blaze3d.systems.RenderSystem::isOnRenderThread@-1 (line 104)
                      ; - com.mojang.blaze3d.systems.RenderSystem::assertOnRenderThreadOrInit@6 (line 112)
                      ; - com.mojang.blaze3d.platform.GlStateManager::_clear@0 (line 679)
                      ; - com.mojang.blaze3d.systems.RenderSystem::clear@2 (line 337)
                      ; - net.minecraft.client.Minecraft::runTick@330 (line 1184)
  0x000001ecb33e9c04: 0b06 e949 

  0x000001ecb33e9c08: ;   {metadata({method} {0x000001ed1d47dd80} 'glClear' '(I)V' in 'org/lwjgl/opengl/GL11')}
  0x000001ecb33e9c08: 79ff ff49 | ba78 dd47 | 1ded 0100 | 004c 8954 | 2408 48c7 | 0424 ffff 

  0x000001ecb33e9c20: ;   {runtime_call counter_overflow Runtime1 stub}
  0x000001ecb33e9c20: ffff e8d9 

  0x000001ecb33e9c24: ; ImmutableOopMap {[216]=Oop }
                      ;*synchronization entry
                      ; - org.lwjgl.opengl.GL11::glClear@-1 (line 992)
                      ; - com.mojang.blaze3d.platform.GlStateManager::_clear@4 (line 680)
                      ; - com.mojang.blaze3d.systems.RenderSystem::clear@2 (line 337)
                      ; - net.minecraft.client.Minecraft::runTick@330 (line 1184)
  0x000001ecb33e9c24: 020b 06e9 | 207a ffff 

  0x000001ecb33e9c2c: ;   {runtime_call throw_null_pointer_exception Runtime1 stub}
  0x000001ecb33e9c2c: e8cf 870a 

  0x000001ecb33e9c30: ; ImmutableOopMap {rdx=Oop rsi=Oop [216]=Oop [320]=Oop }
                      ;*invokevirtual bindWrite {reexecute=0 rethrow=0 return_oop=0}
                      ; - net.minecraft.client.Minecraft::runTick@338 (line 1185)
                      ;   {metadata({method} {0x000001ed1d251628} 'bindWrite' '(Z)V' in 'com/mojang/blaze3d/pipeline/RenderTarget')}
  0x000001ecb33e9c30: 0649 ba20 | 1625 1ded | 0100 004c | 8954 2408 | 48c7 0424 | ffff ffff 

  0x000001ecb33e9c48: ;   {runtime_call counter_overflow Runtime1 stub}
  0x000001ecb33e9c48: e8b3 020b 

  0x000001ecb33e9c4c: ; ImmutableOopMap {rdx=Oop rsi=Oop [216]=Oop [320]=Oop }
                      ;*synchronization entry
                      ; - com.mojang.blaze3d.pipeline.RenderTarget::bindWrite@-1 (line 187)
                      ; - net.minecraft.client.Minecraft::runTick@338 (line 1185)
  0x000001ecb33e9c4c: 06e9 0f7b 

  0x000001ecb33e9c50: ;   {metadata({method} {0x000001ed1d23ef08} 'isOnRenderThread' '()Z' in 'com/mojang/blaze3d/systems/RenderSystem')}
  0x000001ecb33e9c50: ffff 49ba | 00ef 231d | ed01 0000 | 4c89 5424 | 0848 c704 | 24ff ffff 

  0x000001ecb33e9c68: ;   {runtime_call counter_overflow Runtime1 stub}
  0x000001ecb33e9c68: ffe8 9202 

  0x000001ecb33e9c6c: ; ImmutableOopMap {rdx=Oop rsi=Oop [216]=Oop [320]=Oop }
                      ;*synchronization entry
                      ; - com.mojang.blaze3d.systems.RenderSystem::isOnRenderThread@-1 (line 104)
                      ; - com.mojang.blaze3d.pipeline.RenderTarget::bindWrite@0 (line 187)
                      ; - net.minecraft.client.Minecraft::runTick@338 (line 1185)
  0x000001ecb33e9c6c: 0b06 e92c | 7bff ff49 | b900 0000 | 0000 0000 | 00b8 000f 

  0x000001ecb33e9c80: ;   {runtime_call load_appendix_patching Runtime1 stub}
  0x000001ecb33e9c80: 050a e8f9 

  0x000001ecb33e9c84: ; ImmutableOopMap {rsi=Oop [216]=Oop [320]=Oop }
                      ;*invokedynamic {reexecute=1 rethrow=0 return_oop=0}
                      ; - (reexecute) com.mojang.blaze3d.pipeline.RenderTarget::bindWrite@8 (line 188)
                      ; - net.minecraft.client.Minecraft::runTick@338 (line 1185)
  0x000001ecb33e9c84: f50a 06e9 | d47b ffff 

  0x000001ecb33e9c8c: ;   {metadata({method} {0x000001ed1d23f290} 'recordRenderCall' '(Lcom/mojang/blaze3d/pipeline/RenderCall;)V' in 'com/mojang/blaze3d/systems/RenderSystem')}
  0x000001ecb33e9c8c: 49ba 88f2 | 231d ed01 | 0000 4c89 | 5424 0848 | c704 24ff 

  0x000001ecb33e9ca0: ;   {runtime_call counter_overflow Runtime1 stub}
  0x000001ecb33e9ca0: ffff ffe8 

  0x000001ecb33e9ca4: ; ImmutableOopMap {rax=Oop [216]=Oop }
                      ;*synchronization entry
                      ; - com.mojang.blaze3d.systems.RenderSystem::recordRenderCall@-1 (line 128)
                      ; - com.mojang.blaze3d.pipeline.RenderTarget::bindWrite@13 (line 188)
                      ; - net.minecraft.client.Minecraft::runTick@338 (line 1185)
  0x000001ecb33e9ca4: 5802 0b06 | e97a 7cff 

  0x000001ecb33e9cac: ;   {metadata({method} {0x000001ed0b293550} 'add' '(Ljava/lang/Object;)Z' in 'java/util/concurrent/ConcurrentLinkedQueue')}
  0x000001ecb33e9cac: ff49 ba48 | 3529 0bed | 0100 004c | 8954 2408 | 48c7 0424 | ffff ffff 

  0x000001ecb33e9cc4: ;   {runtime_call counter_overflow Runtime1 stub}
  0x000001ecb33e9cc4: e837 020b 

  0x000001ecb33e9cc8: ; ImmutableOopMap {rax=Oop rdx=Oop [216]=Oop }
                      ;*synchronization entry
                      ; - java.util.concurrent.ConcurrentLinkedQueue::add@-1 (line 283)
                      ; - com.mojang.blaze3d.systems.RenderSystem::recordRenderCall@4 (line 128)
                      ; - com.mojang.blaze3d.pipeline.RenderTarget::bindWrite@13 (line 188)
                      ; - net.minecraft.client.Minecraft::runTick@338 (line 1185)
  0x000001ecb33e9cc8: 06e9 207d 

  0x000001ecb33e9ccc: ;   {metadata({method} {0x000001ed1d251700} '_bindWrite' '(Z)V' in 'com/mojang/blaze3d/pipeline/RenderTarget')}
  0x000001ecb33e9ccc: ffff 49ba | f816 251d | ed01 0000 | 4c89 5424 | 0848 c704 | 24ff ffff 

  0x000001ecb33e9ce4: ;   {runtime_call counter_overflow Runtime1 stub}
  0x000001ecb33e9ce4: ffe8 1602 

  0x000001ecb33e9ce8: ; ImmutableOopMap {rdi=Oop rsi=Oop [216]=Oop [320]=Oop }
                      ;*synchronization entry
                      ; - com.mojang.blaze3d.pipeline.RenderTarget::_bindWrite@-1 (line 195)
                      ; - com.mojang.blaze3d.pipeline.RenderTarget::bindWrite@21 (line 190)
                      ; - net.minecraft.client.Minecraft::runTick@338 (line 1185)
  0x000001ecb33e9ce8: 0b06 e9fb 

  0x000001ecb33e9cec: ;   {metadata({method} {0x000001ed1d23f078} 'assertOnRenderThreadOrInit' '()V' in 'com/mojang/blaze3d/systems/RenderSystem')}
  0x000001ecb33e9cec: 7dff ff49 | ba70 f023 | 1ded 0100 | 004c 8954 | 2408 48c7 | 0424 ffff 

  0x000001ecb33e9d04: ;   {runtime_call counter_overflow Runtime1 stub}
  0x000001ecb33e9d04: ffff e8f5 

  0x000001ecb33e9d08: ; ImmutableOopMap {rdi=Oop rsi=Oop [216]=Oop [320]=Oop }
                      ;*synchronization entry
                      ; - com.mojang.blaze3d.systems.RenderSystem::assertOnRenderThreadOrInit@-1 (line 112)
                      ; - com.mojang.blaze3d.pipeline.RenderTarget::_bindWrite@0 (line 195)
                      ; - com.mojang.blaze3d.pipeline.RenderTarget::bindWrite@21 (line 190)
                      ; - net.minecraft.client.Minecraft::runTick@338 (line 1185)
  0x000001ecb33e9d08: 010b 06e9 | 187e ffff 

  0x000001ecb33e9d10: ;   {metadata({method} {0x000001ed1d23ef08} 'isOnRenderThread' '()Z' in 'com/mojang/blaze3d/systems/RenderSystem')}
  0x000001ecb33e9d10: 49ba 00ef | 231d ed01 | 0000 4c89 | 5424 0848 | c704 24ff 

  0x000001ecb33e9d24: ;   {runtime_call counter_overflow Runtime1 stub}
  0x000001ecb33e9d24: ffff ffe8 

  0x000001ecb33e9d28: ; ImmutableOopMap {rdi=Oop rsi=Oop [216]=Oop [320]=Oop }
                      ;*synchronization entry
                      ; - com.mojang.blaze3d.systems.RenderSystem::isOnRenderThread@-1 (line 104)
                      ; - com.mojang.blaze3d.systems.RenderSystem::assertOnRenderThreadOrInit@6 (line 112)
                      ; - com.mojang.blaze3d.pipeline.RenderTarget::_bindWrite@0 (line 195)
                      ; - com.mojang.blaze3d.pipeline.RenderTarget::bindWrite@21 (line 190)
                      ; - net.minecraft.client.Minecraft::runTick@338 (line 1185)
  0x000001ecb33e9d28: d401 0b06 | e977 7eff 

  0x000001ecb33e9d30: ;   {metadata({method} {0x000001ed1d605160} '_glBindFramebuffer' '(II)V' in 'com/mojang/blaze3d/platform/GlStateManager')}
  0x000001ecb33e9d30: ff49 ba58 | 5160 1ded | 0100 004c | 8954 2408 | 48c7 0424 | ffff ffff 

  0x000001ecb33e9d48: ;   {runtime_call counter_overflow Runtime1 stub}
  0x000001ecb33e9d48: e8b3 010b 

  0x000001ecb33e9d4c: ; ImmutableOopMap {rdi=Oop rsi=Oop [216]=Oop [320]=Oop }
                      ;*synchronization entry
                      ; - com.mojang.blaze3d.platform.GlStateManager::_glBindFramebuffer@-1 (line 335)
                      ; - com.mojang.blaze3d.pipeline.RenderTarget::_bindWrite@9 (line 196)
                      ; - com.mojang.blaze3d.pipeline.RenderTarget::bindWrite@21 (line 190)
                      ; - net.minecraft.client.Minecraft::runTick@338 (line 1185)
  0x000001ecb33e9d4c: 06e9 3f7f 

  0x000001ecb33e9d50: ;   {metadata({method} {0x000001ed1d23f078} 'assertOnRenderThreadOrInit' '()V' in 'com/mojang/blaze3d/systems/RenderSystem')}
  0x000001ecb33e9d50: ffff 49ba | 70f0 231d | ed01 0000 | 4c89 5424 | 0848 c704 | 24ff ffff 

  0x000001ecb33e9d68: ;   {runtime_call counter_overflow Runtime1 stub}
  0x000001ecb33e9d68: ffe8 9201 

  0x000001ecb33e9d6c: ; ImmutableOopMap {rdi=Oop rsi=Oop [216]=Oop [320]=Oop }
                      ;*synchronization entry
                      ; - com.mojang.blaze3d.systems.RenderSystem::assertOnRenderThreadOrInit@-1 (line 112)
                      ; - com.mojang.blaze3d.platform.GlStateManager::_glBindFramebuffer@0 (line 335)
                      ; - com.mojang.blaze3d.pipeline.RenderTarget::_bindWrite@9 (line 196)
                      ; - com.mojang.blaze3d.pipeline.RenderTarget::bindWrite@21 (line 190)
                      ; - net.minecraft.client.Minecraft::runTick@338 (line 1185)
  0x000001ecb33e9d6c: 0b06 e958 

  0x000001ecb33e9d70: ;   {metadata({method} {0x000001ed1d23ef08} 'isOnRenderThread' '()Z' in 'com/mojang/blaze3d/systems/RenderSystem')}
  0x000001ecb33e9d70: 7fff ff49 | ba00 ef23 | 1ded 0100 | 004c 8954 | 2408 48c7 | 0424 ffff 

  0x000001ecb33e9d88: ;   {runtime_call counter_overflow Runtime1 stub}
  0x000001ecb33e9d88: ffff e871 

  0x000001ecb33e9d8c: ; ImmutableOopMap {rsi=Oop rdi=Oop [216]=Oop [320]=Oop }
                      ;*synchronization entry
                      ; - com.mojang.blaze3d.systems.RenderSystem::isOnRenderThread@-1 (line 104)
                      ; - com.mojang.blaze3d.systems.RenderSystem::assertOnRenderThreadOrInit@6 (line 112)
                      ; - com.mojang.blaze3d.platform.GlStateManager::_glBindFramebuffer@0 (line 335)
                      ; - com.mojang.blaze3d.pipeline.RenderTarget::_bindWrite@9 (line 196)
                      ; - com.mojang.blaze3d.pipeline.RenderTarget::bindWrite@21 (line 190)
                      ; - net.minecraft.client.Minecraft::runTick@338 (line 1185)
  0x000001ecb33e9d8c: 010b 06e9 | a97f ffff 

  0x000001ecb33e9d94: ;   {metadata({method} {0x000001ed1d867b88} 'glBindFramebuffer' '(II)V' in 'org/lwjgl/opengl/GL30')}
  0x000001ecb33e9d94: 49ba 807b | 861d ed01 | 0000 4c89 | 5424 0848 | c704 24ff 

  0x000001ecb33e9da8: ;   {runtime_call counter_overflow Runtime1 stub}
  0x000001ecb33e9da8: ffff ffe8 

  0x000001ecb33e9dac: ; ImmutableOopMap {[216]=Oop [320]=Oop }
                      ;*synchronization entry
                      ; - org.lwjgl.opengl.GL30::glBindFramebuffer@-1 (line 1619)
                      ; - com.mojang.blaze3d.platform.GlStateManager::_glBindFramebuffer@5 (line 336)
                      ; - com.mojang.blaze3d.pipeline.RenderTarget::_bindWrite@9 (line 196)
                      ; - com.mojang.blaze3d.pipeline.RenderTarget::bindWrite@21 (line 190)
                      ; - net.minecraft.client.Minecraft::runTick@338 (line 1185)
  0x000001ecb33e9dac: 5001 0b06 | e96d 80ff 

  0x000001ecb33e9db4: ;   {metadata({method} {0x000001ed1e709ba0} 'setupNoFog' '()V' in 'net/minecraft/client/renderer/FogRenderer')}
  0x000001ecb33e9db4: ff49 ba98 | 9b70 1eed | 0100 004c | 8954 2408 | 48c7 0424 | ffff ffff 

  0x000001ecb33e9dcc: ;   {runtime_call counter_overflow Runtime1 stub}
  0x000001ecb33e9dcc: e82f 010b 

  0x000001ecb33e9dd0: ; ImmutableOopMap {[216]=Oop }
                      ;*synchronization entry
                      ; - net.minecraft.client.renderer.FogRenderer::setupNoFog@-1 (line 210)
                      ; - net.minecraft.client.Minecraft::runTick@341 (line 1186)
  0x000001ecb33e9dd0: 06e9 0181 

  0x000001ecb33e9dd4: ;   {metadata({method} {0x000001ed1d241100} 'setShaderFogStart' '(F)V' in 'com/mojang/blaze3d/systems/RenderSystem')}
  0x000001ecb33e9dd4: ffff 49ba | f810 241d | ed01 0000 | 4c89 5424 | 0848 c704 | 24ff ffff 

  0x000001ecb33e9dec: ;   {runtime_call counter_overflow Runtime1 stub}
  0x000001ecb33e9dec: ffe8 0e01 

  0x000001ecb33e9df0: ; ImmutableOopMap {[216]=Oop }
                      ;*synchronization entry
                      ; - com.mojang.blaze3d.systems.RenderSystem::setShaderFogStart@-1 (line 341)
                      ; - net.minecraft.client.renderer.FogRenderer::setupNoFog@3 (line 210)
                      ; - net.minecraft.client.Minecraft::runTick@341 (line 1186)
  0x000001ecb33e9df0: 0b06 e91b 

  0x000001ecb33e9df4: ;   {metadata({method} {0x000001ed1d23f130} 'assertOnRenderThread' '()V' in 'com/mojang/blaze3d/systems/RenderSystem')}
  0x000001ecb33e9df4: 81ff ff49 | ba28 f123 | 1ded 0100 | 004c 8954 | 2408 48c7 | 0424 ffff 

  0x000001ecb33e9e0c: ;   {runtime_call counter_overflow Runtime1 stub}
  0x000001ecb33e9e0c: ffff e8ed 

  0x000001ecb33e9e10: ; ImmutableOopMap {[216]=Oop }
                      ;*synchronization entry
                      ; - com.mojang.blaze3d.systems.RenderSystem::assertOnRenderThread@-1 (line 118)
                      ; - com.mojang.blaze3d.systems.RenderSystem::setShaderFogStart@0 (line 341)
                      ; - net.minecraft.client.renderer.FogRenderer::setupNoFog@3 (line 210)
                      ; - net.minecraft.client.Minecraft::runTick@341 (line 1186)
  0x000001ecb33e9e10: 000b 06e9 | 3581 ffff 

  0x000001ecb33e9e18: ;   {metadata({method} {0x000001ed1d23ef08} 'isOnRenderThread' '()Z' in 'com/mojang/blaze3d/systems/RenderSystem')}
  0x000001ecb33e9e18: 49ba 00ef | 231d ed01 | 0000 4c89 | 5424 0848 | c704 24ff 

  0x000001ecb33e9e2c: ;   {runtime_call counter_overflow Runtime1 stub}
  0x000001ecb33e9e2c: ffff ffe8 

  0x000001ecb33e9e30: ; ImmutableOopMap {[216]=Oop }
                      ;*synchronization entry
                      ; - com.mojang.blaze3d.systems.RenderSystem::isOnRenderThread@-1 (line 104)
                      ; - com.mojang.blaze3d.systems.RenderSystem::assertOnRenderThread@0 (line 118)
                      ; - com.mojang.blaze3d.systems.RenderSystem::setShaderFogStart@0 (line 341)
                      ; - net.minecraft.client.renderer.FogRenderer::setupNoFog@3 (line 210)
                      ; - net.minecraft.client.Minecraft::runTick@341 (line 1186)
  0x000001ecb33e9e30: cc00 0b06 | e94f 81ff 

  0x000001ecb33e9e38: ;   {runtime_call throw_incompatible_class_change_error Runtime1 stub}
  0x000001ecb33e9e38: ffe8 c2ba 

  0x000001ecb33e9e3c: ; ImmutableOopMap {r8=Oop rdx=Oop rsi=Oop [216]=Oop }
                      ;*invokeinterface push {reexecute=0 rethrow=0 return_oop=0}
                      ; - net.minecraft.client.Minecraft::runTick@351 (line 1187)
                      ;   {runtime_call throw_null_pointer_exception Runtime1 stub}
  0x000001ecb33e9e3c: 0a06 e8bd 

  0x000001ecb33e9e40: ; ImmutableOopMap {r8=Oop rdx=Oop rsi=Oop [216]=Oop }
                      ;*invokeinterface push {reexecute=0 rethrow=0 return_oop=0}
                      ; - net.minecraft.client.Minecraft::runTick@351 (line 1187)
                      ;   {metadata({method} {0x000001ed1d2bf608} 'push' '(Ljava/lang/String;)V' in 'net/minecraft/util/profiling/InactiveProfiler')}
  0x000001ecb33e9e40: 850a 0649 | ba00 f62b | 1ded 0100 | 004c 8954 | 2408 48c7 | 0424 ffff 

  0x000001ecb33e9e58: ;   {runtime_call counter_overflow Runtime1 stub}
  0x000001ecb33e9e58: ffff e8a1 

  0x000001ecb33e9e5c: ; ImmutableOopMap {r8=Oop rdx=Oop [216]=Oop }
                      ;*synchronization entry
                      ; - net.minecraft.util.profiling.InactiveProfiler::push@-1 (line 26)
                      ; - net.minecraft.client.Minecraft::runTick@351 (line 1187)
  0x000001ecb33e9e5c: 000b 06e9 | 8582 ffff 

  0x000001ecb33e9e64: ;   {metadata({method} {0x000001ed1d2400a8} 'enableCull' '()V' in 'com/mojang/blaze3d/systems/RenderSystem')}
  0x000001ecb33e9e64: 49ba a000 | 241d ed01 | 0000 4c89 | 5424 0848 | c704 24ff 

  0x000001ecb33e9e78: ;   {runtime_call counter_overflow Runtime1 stub}
  0x000001ecb33e9e78: ffff ffe8 

  0x000001ecb33e9e7c: ; ImmutableOopMap {r8=Oop rdx=Oop [216]=Oop }
                      ;*synchronization entry
                      ; - com.mojang.blaze3d.systems.RenderSystem::enableCull@-1 (line 234)
                      ; - net.minecraft.client.Minecraft::runTick@356 (line 1188)
  0x000001ecb33e9e7c: 8000 0b06 | e99d 82ff 

  0x000001ecb33e9e84: ;   {metadata({method} {0x000001ed1d23f130} 'assertOnRenderThread' '()V' in 'com/mojang/blaze3d/systems/RenderSystem')}
  0x000001ecb33e9e84: ff49 ba28 | f123 1ded | 0100 004c | 8954 2408 | 48c7 0424 | ffff ffff 

  0x000001ecb33e9e9c: ;   {runtime_call counter_overflow Runtime1 stub}
  0x000001ecb33e9e9c: e85f 000b 

  0x000001ecb33e9ea0: ; ImmutableOopMap {r8=Oop rdx=Oop [216]=Oop }
                      ;*synchronization entry
                      ; - com.mojang.blaze3d.systems.RenderSystem::assertOnRenderThread@-1 (line 118)
                      ; - com.mojang.blaze3d.systems.RenderSystem::enableCull@0 (line 234)
                      ; - net.minecraft.client.Minecraft::runTick@356 (line 1188)
  0x000001ecb33e9ea0: 06e9 b582 

  0x000001ecb33e9ea4: ;   {metadata({method} {0x000001ed1d23ef08} 'isOnRenderThread' '()Z' in 'com/mojang/blaze3d/systems/RenderSystem')}
  0x000001ecb33e9ea4: ffff 49ba | 00ef 231d | ed01 0000 | 4c89 5424 | 0848 c704 | 24ff ffff 

  0x000001ecb33e9ebc: ;   {runtime_call counter_overflow Runtime1 stub}
  0x000001ecb33e9ebc: ffe8 3e00 

  0x000001ecb33e9ec0: ; ImmutableOopMap {r8=Oop rdx=Oop [216]=Oop }
                      ;*synchronization entry
                      ; - com.mojang.blaze3d.systems.RenderSystem::isOnRenderThread@-1 (line 104)
                      ; - com.mojang.blaze3d.systems.RenderSystem::assertOnRenderThread@0 (line 118)
                      ; - com.mojang.blaze3d.systems.RenderSystem::enableCull@0 (line 234)
                      ; - net.minecraft.client.Minecraft::runTick@356 (line 1188)
  0x000001ecb33e9ec0: 0b06 e9cd 

  0x000001ecb33e9ec4: ;   {metadata({method} {0x000001ed1d606030} '_enableCull' '()V' in 'com/mojang/blaze3d/platform/GlStateManager')}
  0x000001ecb33e9ec4: 82ff ff49 | ba28 6060 | 1ded 0100 | 004c 8954 | 2408 48c7 | 0424 ffff 

  0x000001ecb33e9edc: ;   {runtime_call counter_overflow Runtime1 stub}
  0x000001ecb33e9edc: ffff e81d 

  0x000001ecb33e9ee0: ; ImmutableOopMap {r8=Oop rdx=Oop [216]=Oop }
                      ;*synchronization entry
                      ; - com.mojang.blaze3d.platform.GlStateManager::_enableCull@-1 (line 437)
                      ; - com.mojang.blaze3d.systems.RenderSystem::enableCull@3 (line 235)
                      ; - net.minecraft.client.Minecraft::runTick@356 (line 1188)
  0x000001ecb33e9ee0: 000b 06e9 | 8c83 ffff 

  0x000001ecb33e9ee8: ;   {metadata({method} {0x000001ed1d23f130} 'assertOnRenderThread' '()V' in 'com/mojang/blaze3d/systems/RenderSystem')}
  0x000001ecb33e9ee8: 49ba 28f1 | 231d ed01 | 0000 4c89 | 5424 0848 | c704 24ff 

  0x000001ecb33e9efc: ;   {runtime_call counter_overflow Runtime1 stub}
  0x000001ecb33e9efc: ffff ffe8 

  0x000001ecb33e9f00: ; ImmutableOopMap {r8=Oop rdx=Oop [216]=Oop }
                      ;*synchronization entry
                      ; - com.mojang.blaze3d.systems.RenderSystem::assertOnRenderThread@-1 (line 118)
                      ; - com.mojang.blaze3d.platform.GlStateManager::_enableCull@0 (line 437)
                      ; - com.mojang.blaze3d.systems.RenderSystem::enableCull@3 (line 235)
                      ; - net.minecraft.client.Minecraft::runTick@356 (line 1188)
  0x000001ecb33e9f00: fcff 0a06 | e9a4 83ff 

  0x000001ecb33e9f08: ;   {metadata({method} {0x000001ed1d23ef08} 'isOnRenderThread' '()Z' in 'com/mojang/blaze3d/systems/RenderSystem')}
  0x000001ecb33e9f08: ff49 ba00 | ef23 1ded | 0100 004c | 8954 2408 | 48c7 0424 | ffff ffff 

  0x000001ecb33e9f20: ;   {runtime_call counter_overflow Runtime1 stub}
  0x000001ecb33e9f20: e8db ff0a 

  0x000001ecb33e9f24: ; ImmutableOopMap {r8=Oop rdx=Oop [216]=Oop }
                      ;*synchronization entry
                      ; - com.mojang.blaze3d.systems.RenderSystem::isOnRenderThread@-1 (line 104)
                      ; - com.mojang.blaze3d.systems.RenderSystem::assertOnRenderThread@0 (line 118)
                      ; - com.mojang.blaze3d.platform.GlStateManager::_enableCull@0 (line 437)
                      ; - com.mojang.blaze3d.systems.RenderSystem::enableCull@3 (line 235)
                      ; - net.minecraft.client.Minecraft::runTick@356 (line 1188)
  0x000001ecb33e9f24: 06e9 bc83 

  0x000001ecb33e9f28: ;   {runtime_call throw_null_pointer_exception Runtime1 stub}
  0x000001ecb33e9f28: ffff e8d1 

  0x000001ecb33e9f2c: ; ImmutableOopMap {[216]=Oop }
                      ;*getfield enable {reexecute=1 rethrow=0 return_oop=0}
                      ; - (reexecute) com.mojang.blaze3d.platform.GlStateManager::_enableCull@6 (line 438)
                      ; - com.mojang.blaze3d.systems.RenderSystem::enableCull@3 (line 235)
                      ; - net.minecraft.client.Minecraft::runTick@356 (line 1188)
                      ;   {runtime_call throw_null_pointer_exception Runtime1 stub}
  0x000001ecb33e9f2c: 840a 06e8 

  0x000001ecb33e9f30: ; ImmutableOopMap {rsi=Oop [216]=Oop }
                      ;*invokevirtual enable {reexecute=0 rethrow=0 return_oop=0}
                      ; - com.mojang.blaze3d.platform.GlStateManager::_enableCull@9 (line 438)
                      ; - com.mojang.blaze3d.systems.RenderSystem::enableCull@3 (line 235)
                      ; - net.minecraft.client.Minecraft::runTick@356 (line 1188)
  0x000001ecb33e9f30: cc84 0a06 

  0x000001ecb33e9f34: ;   {metadata({method} {0x000001ed1d60a2b0} 'enable' '()V' in 'com/mojang/blaze3d/platform/GlStateManager$BooleanState')}
  0x000001ecb33e9f34: 49ba a8a2 | 601d ed01 | 0000 4c89 | 5424 0848 | c704 24ff 

  0x000001ecb33e9f48: ;   {runtime_call counter_overflow Runtime1 stub}
  0x000001ecb33e9f48: ffff ffe8 

  0x000001ecb33e9f4c: ; ImmutableOopMap {rsi=Oop [216]=Oop }
                      ;*synchronization entry
                      ; - com.mojang.blaze3d.platform.GlStateManager$BooleanState::enable@-1 (line 769)
                      ; - com.mojang.blaze3d.platform.GlStateManager::_enableCull@9 (line 438)
                      ; - com.mojang.blaze3d.systems.RenderSystem::enableCull@3 (line 235)
                      ; - net.minecraft.client.Minecraft::runTick@356 (line 1188)
  0x000001ecb33e9f4c: b0ff 0a06 | e9a1 84ff 

  0x000001ecb33e9f54: ;   {runtime_call throw_incompatible_class_change_error Runtime1 stub}
  0x000001ecb33e9f54: ffe8 a6b9 

  0x000001ecb33e9f58: ; ImmutableOopMap {rdx=Oop rsi=Oop [216]=Oop }
                      ;*invokeinterface popPush {reexecute=0 rethrow=0 return_oop=0}
                      ; - net.minecraft.client.Minecraft::runTick@366 (line 1189)
                      ;   {runtime_call throw_null_pointer_exception Runtime1 stub}
  0x000001ecb33e9f58: 0a06 e8a1 

  0x000001ecb33e9f5c: ; ImmutableOopMap {rdx=Oop rsi=Oop [216]=Oop }
                      ;*invokeinterface popPush {reexecute=0 rethrow=0 return_oop=0}
                      ; - net.minecraft.client.Minecraft::runTick@366 (line 1189)
                      ;   {metadata({method} {0x000001ed1d2bf8c8} 'popPush' '(Ljava/lang/String;)V' in 'net/minecraft/util/profiling/InactiveProfiler')}
  0x000001ecb33e9f5c: 840a 0649 | bac0 f82b | 1ded 0100 | 004c 8954 | 2408 48c7 | 0424 ffff 

  0x000001ecb33e9f74: ;   {runtime_call counter_overflow Runtime1 stub}
  0x000001ecb33e9f74: ffff e885 

  0x000001ecb33e9f78: ; ImmutableOopMap {rdx=Oop [216]=Oop }
                      ;*synchronization entry
                      ; - net.minecraft.util.profiling.InactiveProfiler::popPush@-1 (line 42)
                      ; - net.minecraft.client.Minecraft::runTick@366 (line 1189)
  0x000001ecb33e9f78: ff0a 06e9 | 4885 ffff 

  0x000001ecb33e9f80: ;   {runtime_call throw_null_pointer_exception Runtime1 stub}
  0x000001ecb33e9f80: e87b 840a 

  0x000001ecb33e9f84: ; ImmutableOopMap {rdx=Oop rsi=Oop [216]=Oop }
                      ;*invokevirtual handleAccumulatedMovement {reexecute=0 rethrow=0 return_oop=0}
                      ; - net.minecraft.client.Minecraft::runTick@375 (line 1190)
                      ;   {runtime_call throw_incompatible_class_change_error Runtime1 stub}
  0x000001ecb33e9f84: 06e8 76b9 

  0x000001ecb33e9f88: ; ImmutableOopMap {rdx=Oop rsi=Oop [216]=Oop }
                      ;*invokeinterface pop {reexecute=0 rethrow=0 return_oop=0}
                      ; - net.minecraft.client.Minecraft::runTick@382 (line 1191)
                      ;   {runtime_call throw_null_pointer_exception Runtime1 stub}
  0x000001ecb33e9f88: 0a06 e871 

  0x000001ecb33e9f8c: ; ImmutableOopMap {rdx=Oop rsi=Oop [216]=Oop }
                      ;*invokeinterface pop {reexecute=0 rethrow=0 return_oop=0}
                      ; - net.minecraft.client.Minecraft::runTick@382 (line 1191)
                      ;   {metadata({method} {0x000001ed1d2bf818} 'pop' '()V' in 'net/minecraft/util/profiling/InactiveProfiler')}
  0x000001ecb33e9f8c: 840a 0649 | ba10 f82b | 1ded 0100 | 004c 8954 | 2408 48c7 | 0424 ffff 

  0x000001ecb33e9fa4: ;   {runtime_call counter_overflow Runtime1 stub}
  0x000001ecb33e9fa4: ffff e855 

  0x000001ecb33e9fa8: ; ImmutableOopMap {rdx=Oop [216]=Oop }
                      ;*synchronization entry
                      ; - net.minecraft.util.profiling.InactiveProfiler::pop@-1 (line 38)
                      ; - net.minecraft.client.Minecraft::runTick@382 (line 1191)
  0x000001ecb33e9fa8: ff0a 06e9 | f085 ffff 

  0x000001ecb33e9fb0: ;   {metadata({method} {0x000001ed1e241e58} 'fireRenderFramePre' '(Lnet/minecraft/client/DeltaTracker;)V' in 'net/neoforged/neoforge/client/ClientHooks')}
  0x000001ecb33e9fb0: 49ba 501e | 241e ed01 | 0000 4c89 | 5424 0848 | c704 24ff 

  0x000001ecb33e9fc4: ;   {runtime_call counter_overflow Runtime1 stub}
  0x000001ecb33e9fc4: ffff ffe8 

  0x000001ecb33e9fc8: ; ImmutableOopMap {rdx=Oop r8=Oop [216]=Oop }
                      ;*synchronization entry
                      ; - net.neoforged.neoforge.client.ClientHooks::fireRenderFramePre@-1 (line 1051)
                      ; - net.minecraft.client.Minecraft::runTick@398 (line 1193)
  0x000001ecb33e9fc8: 34ff 0a06 | e94b 86ff | ff48 8bd2 

  0x000001ecb33e9fd4: ;   {runtime_call fast_new_instance Runtime1 stub}
  0x000001ecb33e9fd4: e8a7 960a 

  0x000001ecb33e9fd8: ; ImmutableOopMap {r8=Oop [216]=Oop }
                      ;*new {reexecute=0 rethrow=0 return_oop=0}
                      ; - net.neoforged.neoforge.client.ClientHooks::fireRenderFramePre@3 (line 1051)
                      ; - net.minecraft.client.Minecraft::runTick@398 (line 1193)
  0x000001ecb33e9fd8: 06e9 8e86 

  0x000001ecb33e9fdc: ;   {metadata({method} {0x000001ed1e257ec0} '<init>' '(Lnet/minecraft/client/DeltaTracker;)V' in 'net/neoforged/neoforge/client/event/RenderFrameEvent$Pre')}
  0x000001ecb33e9fdc: ffff 49ba | b87e 251e | ed01 0000 | 4c89 5424 | 0848 c704 | 24ff ffff 

  0x000001ecb33e9ff4: ;   {runtime_call counter_overflow Runtime1 stub}
  0x000001ecb33e9ff4: ffe8 06ff 

  0x000001ecb33e9ff8: ; ImmutableOopMap {r8=Oop rax=Oop [216]=Oop [328]=Oop }
                      ;*synchronization entry
                      ; - net.neoforged.neoforge.client.event.RenderFrameEvent$Pre::<init>@-1 (line 43)
                      ; - net.neoforged.neoforge.client.ClientHooks::fireRenderFramePre@8 (line 1051)
                      ; - net.minecraft.client.Minecraft::runTick@398 (line 1193)
  0x000001ecb33e9ff8: 0a06 e9b1 

  0x000001ecb33e9ffc: ;   {metadata({method} {0x000001ed1e258148} '<init>' '(Lnet/minecraft/client/DeltaTracker;)V' in 'net/neoforged/neoforge/client/event/RenderFrameEvent')}
  0x000001ecb33e9ffc: 86ff ff49 | ba40 8125 | 1eed 0100 | 004c 8954 | 2408 48c7 | 0424 ffff 

  0x000001ecb33ea014: ;   {runtime_call counter_overflow Runtime1 stub}
  0x000001ecb33ea014: ffff e8e5 

  0x000001ecb33ea018: ; ImmutableOopMap {r8=Oop rax=Oop [216]=Oop [328]=Oop }
                      ;*synchronization entry
                      ; - net.neoforged.neoforge.client.event.RenderFrameEvent::<init>@-1 (line 25)
                      ; - net.neoforged.neoforge.client.event.RenderFrameEvent$Pre::<init>@2 (line 43)
                      ; - net.neoforged.neoforge.client.ClientHooks::fireRenderFramePre@8 (line 1051)
                      ; - net.minecraft.client.Minecraft::runTick@398 (line 1193)
  0x000001ecb33ea018: fe0a 06e9 | cc86 ffff 

  0x000001ecb33ea020: ;   {metadata({method} {0x000001ed0d40cb60} '<init>' '()V' in 'net/neoforged/bus/api/Event')}
  0x000001ecb33ea020: 49ba 58cb | 400d ed01 | 0000 4c89 | 5424 0848 | c704 24ff 

  0x000001ecb33ea034: ;   {runtime_call counter_overflow Runtime1 stub}
  0x000001ecb33ea034: ffff ffe8 

  0x000001ecb33ea038: ; ImmutableOopMap {r8=Oop rax=Oop [216]=Oop [328]=Oop }
                      ;*synchronization entry
                      ; - net.neoforged.bus.api.Event::<init>@-1 (line 37)
                      ; - net.neoforged.neoforge.client.event.RenderFrameEvent::<init>@1 (line 25)
                      ; - net.neoforged.neoforge.client.event.RenderFrameEvent$Pre::<init>@2 (line 43)
                      ; - net.neoforged.neoforge.client.ClientHooks::fireRenderFramePre@8 (line 1051)
                      ; - net.minecraft.client.Minecraft::runTick@398 (line 1193)
  0x000001ecb33ea038: c4fe 0a06 | e9e7 86ff 

  0x000001ecb33ea040: ;   {metadata({method} {0x000001ecca479298} '<init>' '()V' in 'java/lang/Object')}
  0x000001ecb33ea040: ff49 ba90 | 9247 caec | 0100 004c | 8954 2408 | 48c7 0424 | ffff ffff 

  0x000001ecb33ea058: ;   {runtime_call counter_overflow Runtime1 stub}
  0x000001ecb33ea058: e8a3 fe0a 

  0x000001ecb33ea05c: ; ImmutableOopMap {r8=Oop rax=Oop [216]=Oop [328]=Oop }
                      ;*synchronization entry
                      ; - java.lang.Object::<init>@-1 (line 45)
                      ; - net.neoforged.bus.api.Event::<init>@1 (line 37)
                      ; - net.neoforged.neoforge.client.event.RenderFrameEvent::<init>@1 (line 25)
                      ; - net.neoforged.neoforge.client.event.RenderFrameEvent$Pre::<init>@2 (line 43)
                      ; - net.neoforged.neoforge.client.ClientHooks::fireRenderFramePre@8 (line 1051)
                      ; - net.minecraft.client.Minecraft::runTick@398 (line 1193)
  0x000001ecb33ea05c: 06e9 0287 | ffff 8b50 | 1048 c1e2 | 0348 83fa | 000f 84fe | 86ff ff48 

  0x000001ecb33ea074: ;   {runtime_call g1_pre_barrier_slow}
  0x000001ecb33ea074: 8914 24e8 | 0409 0b06 | e9f0 86ff | ff49 83f8 | 000f 8405 | 87ff ff48 

  0x000001ecb33ea08c: ;   {runtime_call g1_post_barrier_slow}
  0x000001ecb33ea08c: 8904 24e8 | ec0b 0b06 | e9f7 86ff 

  0x000001ecb33ea098: ;   {metadata({method} {0x000001ed1d21c0e8} 'post' '(Lnet/neoforged/bus/api/Event;)Lnet/neoforged/bus/api/Event;' in 'net/neoforged/bus/EventBus')}
  0x000001ecb33ea098: ff49 bae0 | c021 1ded | 0100 004c | 8954 2408 | 48c7 0424 | ffff ffff 

  0x000001ecb33ea0b0: ;   {runtime_call counter_overflow Runtime1 stub}
  0x000001ecb33ea0b0: e84b fe0a 

  0x000001ecb33ea0b4: ; ImmutableOopMap {rax=Oop r8=Oop [216]=Oop [328]=Oop }
                      ;*synchronization entry
                      ; - net.neoforged.bus.EventBus::post@-1 (line 310)
                      ; - net.neoforged.neoforge.client.ClientHooks::fireRenderFramePre@11 (line 1051)
                      ; - net.minecraft.client.Minecraft::runTick@398 (line 1193)
  0x000001ecb33ea0b4: 06e9 2d87 

  0x000001ecb33ea0b8: ;   {runtime_call throw_null_pointer_exception Runtime1 stub}
  0x000001ecb33ea0b8: ffff e841 

  0x000001ecb33ea0bc: ; ImmutableOopMap {rax=Oop [216]=Oop [328]=Oop }
                      ;*getfield shutdown {reexecute=1 rethrow=0 return_oop=0}
                      ; - (reexecute) net.neoforged.bus.EventBus::post@1 (line 310)
                      ; - net.neoforged.neoforge.client.ClientHooks::fireRenderFramePre@11 (line 1051)
                      ; - net.minecraft.client.Minecraft::runTick@398 (line 1193)
                      ;   {runtime_call throw_null_pointer_exception Runtime1 stub}
  0x000001ecb33ea0bc: 830a 06e8 

  0x000001ecb33ea0c0: ; ImmutableOopMap {rax=Oop [216]=Oop [328]=Oop }
                      ;*invokevirtual getListeners {reexecute=0 rethrow=0 return_oop=0}
                      ; - net.neoforged.bus.EventBus::post@24 (line 315)
                      ; - net.neoforged.neoforge.client.ClientHooks::fireRenderFramePre@11 (line 1051)
                      ; - net.minecraft.client.Minecraft::runTick@398 (line 1193)
  0x000001ecb33ea0c0: 3c83 0a06 

  0x000001ecb33ea0c4: ;   {metadata({method} {0x000001ed1da3d8c0} 'getListeners' '()[Lnet/neoforged/bus/api/EventListener;' in 'net/neoforged/bus/ListenerList')}
  0x000001ecb33ea0c4: 49ba b8d8 | a31d ed01 | 0000 4c89 | 5424 0848 | c704 24ff 

  0x000001ecb33ea0d8: ;   {runtime_call counter_overflow Runtime1 stub}
  0x000001ecb33ea0d8: ffff ffe8 

  0x000001ecb33ea0dc: ; ImmutableOopMap {rax=Oop [216]=Oop [328]=Oop }
                      ;*synchronization entry
                      ; - net.neoforged.bus.ListenerList::getListeners@-1 (line 89)
                      ; - net.neoforged.bus.EventBus::post@24 (line 315)
                      ; - net.neoforged.neoforge.client.ClientHooks::fireRenderFramePre@11 (line 1051)
                      ; - net.minecraft.client.Minecraft::runTick@398 (line 1193)
  0x000001ecb33ea0dc: 20fe 0a06 | e937 88ff 

  0x000001ecb33ea0e4: ;   {runtime_call throw_null_pointer_exception Runtime1 stub}
  0x000001ecb33ea0e4: ffe8 1683 

  0x000001ecb33ea0e8: ; ImmutableOopMap {r8=Oop [216]=Oop [328]=Oop }
                      ;*invokevirtual get {reexecute=0 rethrow=0 return_oop=0}
                      ; - net.neoforged.bus.ListenerList::getListeners@15 (line 90)
                      ; - net.neoforged.bus.EventBus::post@24 (line 315)
                      ; - net.neoforged.neoforge.client.ClientHooks::fireRenderFramePre@11 (line 1051)
                      ; - net.minecraft.client.Minecraft::runTick@398 (line 1193)
  0x000001ecb33ea0e8: 0a06 4c89 

  0x000001ecb33ea0ec: ;   {runtime_call throw_class_cast_exception Runtime1 stub}
  0x000001ecb33ea0ec: 0424 e88d 

  0x000001ecb33ea0f0: ; ImmutableOopMap {[216]=Oop [328]=Oop }
                      ;*checkcast {reexecute=0 rethrow=0 return_oop=0}
                      ; - net.neoforged.bus.ListenerList::getListeners@18 (line 90)
                      ; - net.neoforged.bus.EventBus::post@24 (line 315)
                      ; - net.neoforged.neoforge.client.ClientHooks::fireRenderFramePre@11 (line 1051)
                      ; - net.minecraft.client.Minecraft::runTick@398 (line 1193)
                      ;   {runtime_call throw_incompatible_class_change_error Runtime1 stub}
  0x000001ecb33ea0f0: b00a 06e8 

  0x000001ecb33ea0f4: ; ImmutableOopMap {rdx=Oop r8=Oop [216]=Oop }
                      ;*invokeinterface popPush {reexecute=0 rethrow=0 return_oop=0}
                      ; - net.minecraft.client.Minecraft::runTick@408 (line 1194)
  0x000001ecb33ea0f4: 08b8 0a06 

  0x000001ecb33ea0f8: ;   {runtime_call throw_null_pointer_exception Runtime1 stub}
  0x000001ecb33ea0f8: e803 830a 

  0x000001ecb33ea0fc: ; ImmutableOopMap {rdx=Oop r8=Oop [216]=Oop }
                      ;*invokeinterface popPush {reexecute=0 rethrow=0 return_oop=0}
                      ; - net.minecraft.client.Minecraft::runTick@408 (line 1194)
                      ;   {metadata({method} {0x000001ed1d2bf8c8} 'popPush' '(Ljava/lang/String;)V' in 'net/minecraft/util/profiling/InactiveProfiler')}
  0x000001ecb33ea0fc: 0649 bac0 | f82b 1ded | 0100 004c | 8954 2408 | 48c7 0424 | ffff ffff 

  0x000001ecb33ea114: ;   {runtime_call counter_overflow Runtime1 stub}
  0x000001ecb33ea114: e8e7 fd0a 

  0x000001ecb33ea118: ; ImmutableOopMap {rdx=Oop [216]=Oop }
                      ;*synchronization entry
                      ; - net.minecraft.util.profiling.InactiveProfiler::popPush@-1 (line 42)
                      ; - net.minecraft.client.Minecraft::runTick@408 (line 1194)
  0x000001ecb33ea118: 06e9 818a 

  0x000001ecb33ea11c: ;   {runtime_call throw_null_pointer_exception Runtime1 stub}
  0x000001ecb33ea11c: ffff e8dd 

  0x000001ecb33ea120: ; ImmutableOopMap {rdx=Oop rsi=Oop r8=Oop [216]=Oop }
                      ;*invokevirtual render {reexecute=0 rethrow=0 return_oop=0}
                      ; - net.minecraft.client.Minecraft::runTick@422 (line 1195)
                      ;   {runtime_call throw_incompatible_class_change_error Runtime1 stub}
  0x000001ecb33ea120: 820a 06e8 

  0x000001ecb33ea124: ; ImmutableOopMap {rdx=Oop rsi=Oop [216]=Oop }
                      ;*invokeinterface pop {reexecute=0 rethrow=0 return_oop=0}
                      ; - net.minecraft.client.Minecraft::runTick@429 (line 1196)
  0x000001ecb33ea124: d8b7 0a06 

  0x000001ecb33ea128: ;   {runtime_call throw_null_pointer_exception Runtime1 stub}
  0x000001ecb33ea128: e8d3 820a 

  0x000001ecb33ea12c: ; ImmutableOopMap {rdx=Oop rsi=Oop [216]=Oop }
                      ;*invokeinterface pop {reexecute=0 rethrow=0 return_oop=0}
                      ; - net.minecraft.client.Minecraft::runTick@429 (line 1196)
                      ;   {metadata({method} {0x000001ed1d2bf818} 'pop' '()V' in 'net/minecraft/util/profiling/InactiveProfiler')}
  0x000001ecb33ea12c: 0649 ba10 | f82b 1ded | 0100 004c | 8954 2408 | 48c7 0424 | ffff ffff 

  0x000001ecb33ea144: ;   {runtime_call counter_overflow Runtime1 stub}
  0x000001ecb33ea144: e8b7 fd0a 

  0x000001ecb33ea148: ; ImmutableOopMap {rdx=Oop [216]=Oop }
                      ;*synchronization entry
                      ; - net.minecraft.util.profiling.InactiveProfiler::pop@-1 (line 38)
                      ; - net.minecraft.client.Minecraft::runTick@429 (line 1196)
  0x000001ecb33ea148: 06e9 428b 

  0x000001ecb33ea14c: ;   {metadata({method} {0x000001ed1e241f10} 'fireRenderFramePost' '(Lnet/minecraft/client/DeltaTracker;)V' in 'net/neoforged/neoforge/client/ClientHooks')}
  0x000001ecb33ea14c: ffff 49ba | 081f 241e | ed01 0000 | 4c89 5424 | 0848 c704 | 24ff ffff 

  0x000001ecb33ea164: ;   {runtime_call counter_overflow Runtime1 stub}
  0x000001ecb33ea164: ffe8 96fd 

  0x000001ecb33ea168: ; ImmutableOopMap {rdx=Oop r8=Oop [216]=Oop }
                      ;*synchronization entry
                      ; - net.neoforged.neoforge.client.ClientHooks::fireRenderFramePost@-1 (line 1062)
                      ; - net.minecraft.client.Minecraft::runTick@438 (line 1197)
  0x000001ecb33ea168: 0a06 e965 | 8bff ff48 

  0x000001ecb33ea170: ;   {runtime_call fast_new_instance Runtime1 stub}
  0x000001ecb33ea170: 8bd2 e809 

  0x000001ecb33ea174: ; ImmutableOopMap {r8=Oop [216]=Oop }
                      ;*new {reexecute=0 rethrow=0 return_oop=0}
                      ; - net.neoforged.neoforge.client.ClientHooks::fireRenderFramePost@3 (line 1062)
                      ; - net.minecraft.client.Minecraft::runTick@438 (line 1197)
  0x000001ecb33ea174: 950a 06e9 | a88b ffff 

  0x000001ecb33ea17c: ;   {metadata({method} {0x000001ed1e2594f8} '<init>' '(Lnet/minecraft/client/DeltaTracker;)V' in 'net/neoforged/neoforge/client/event/RenderFrameEvent$Post')}
  0x000001ecb33ea17c: 49ba f094 | 251e ed01 | 0000 4c89 | 5424 0848 | c704 24ff 

  0x000001ecb33ea190: ;   {runtime_call counter_overflow Runtime1 stub}
  0x000001ecb33ea190: ffff ffe8 

  0x000001ecb33ea194: ; ImmutableOopMap {r8=Oop rax=Oop [216]=Oop [352]=Oop }
                      ;*synchronization entry
                      ; - net.neoforged.neoforge.client.event.RenderFrameEvent$Post::<init>@-1 (line 54)
                      ; - net.neoforged.neoforge.client.ClientHooks::fireRenderFramePost@8 (line 1062)
                      ; - net.minecraft.client.Minecraft::runTick@438 (line 1197)
  0x000001ecb33ea194: 68fd 0a06 | e9cb 8bff 

  0x000001ecb33ea19c: ;   {metadata({method} {0x000001ed1e258148} '<init>' '(Lnet/minecraft/client/DeltaTracker;)V' in 'net/neoforged/neoforge/client/event/RenderFrameEvent')}
  0x000001ecb33ea19c: ff49 ba40 | 8125 1eed | 0100 004c | 8954 2408 | 48c7 0424 | ffff ffff 

  0x000001ecb33ea1b4: ;   {runtime_call counter_overflow Runtime1 stub}
  0x000001ecb33ea1b4: e847 fd0a 

  0x000001ecb33ea1b8: ; ImmutableOopMap {r8=Oop rax=Oop [216]=Oop [352]=Oop }
                      ;*synchronization entry
                      ; - net.neoforged.neoforge.client.event.RenderFrameEvent::<init>@-1 (line 25)
                      ; - net.neoforged.neoforge.client.event.RenderFrameEvent$Post::<init>@2 (line 54)
                      ; - net.neoforged.neoforge.client.ClientHooks::fireRenderFramePost@8 (line 1062)
                      ; - net.minecraft.client.Minecraft::runTick@438 (line 1197)
  0x000001ecb33ea1b8: 06e9 e68b 

  0x000001ecb33ea1bc: ;   {metadata({method} {0x000001ed0d40cb60} '<init>' '()V' in 'net/neoforged/bus/api/Event')}
  0x000001ecb33ea1bc: ffff 49ba | 58cb 400d | ed01 0000 | 4c89 5424 | 0848 c704 | 24ff ffff 

  0x000001ecb33ea1d4: ;   {runtime_call counter_overflow Runtime1 stub}
  0x000001ecb33ea1d4: ffe8 26fd 

  0x000001ecb33ea1d8: ; ImmutableOopMap {r8=Oop rax=Oop [216]=Oop [352]=Oop }
                      ;*synchronization entry
                      ; - net.neoforged.bus.api.Event::<init>@-1 (line 37)
                      ; - net.neoforged.neoforge.client.event.RenderFrameEvent::<init>@1 (line 25)
                      ; - net.neoforged.neoforge.client.event.RenderFrameEvent$Post::<init>@2 (line 54)
                      ; - net.neoforged.neoforge.client.ClientHooks::fireRenderFramePost@8 (line 1062)
                      ; - net.minecraft.client.Minecraft::runTick@438 (line 1197)
  0x000001ecb33ea1d8: 0a06 e901 

  0x000001ecb33ea1dc: ;   {metadata({method} {0x000001ecca479298} '<init>' '()V' in 'java/lang/Object')}
  0x000001ecb33ea1dc: 8cff ff49 | ba90 9247 | caec 0100 | 004c 8954 | 2408 48c7 | 0424 ffff 

  0x000001ecb33ea1f4: ;   {runtime_call counter_overflow Runtime1 stub}
  0x000001ecb33ea1f4: ffff e805 

  0x000001ecb33ea1f8: ; ImmutableOopMap {r8=Oop rax=Oop [216]=Oop [352]=Oop }
                      ;*synchronization entry
                      ; - java.lang.Object::<init>@-1 (line 45)
                      ; - net.neoforged.bus.api.Event::<init>@1 (line 37)
                      ; - net.neoforged.neoforge.client.event.RenderFrameEvent::<init>@1 (line 25)
                      ; - net.neoforged.neoforge.client.event.RenderFrameEvent$Post::<init>@2 (line 54)
                      ; - net.neoforged.neoforge.client.ClientHooks::fireRenderFramePost@8 (line 1062)
                      ; - net.minecraft.client.Minecraft::runTick@438 (line 1197)
  0x000001ecb33ea1f8: fd0a 06e9 | 1c8c ffff | 8b50 1048 | c1e2 0348 | 83fa 000f | 8418 8cff | ff48 8914 

  0x000001ecb33ea214: ;   {runtime_call g1_pre_barrier_slow}
  0x000001ecb33ea214: 24e8 6607 | 0b06 e90a | 8cff ff49 | 83f8 000f | 841f 8cff | ff48 8904 

  0x000001ecb33ea22c: ;   {runtime_call g1_post_barrier_slow}
  0x000001ecb33ea22c: 24e8 4e0a | 0b06 e911 

  0x000001ecb33ea234: ;   {metadata({method} {0x000001ed1d21c0e8} 'post' '(Lnet/neoforged/bus/api/Event;)Lnet/neoforged/bus/api/Event;' in 'net/neoforged/bus/EventBus')}
  0x000001ecb33ea234: 8cff ff49 | bae0 c021 | 1ded 0100 | 004c 8954 | 2408 48c7 | 0424 ffff 

  0x000001ecb33ea24c: ;   {runtime_call counter_overflow Runtime1 stub}
  0x000001ecb33ea24c: ffff e8ad 

  0x000001ecb33ea250: ; ImmutableOopMap {rax=Oop r8=Oop [216]=Oop [352]=Oop }
                      ;*synchronization entry
                      ; - net.neoforged.bus.EventBus::post@-1 (line 310)
                      ; - net.neoforged.neoforge.client.ClientHooks::fireRenderFramePost@11 (line 1062)
                      ; - net.minecraft.client.Minecraft::runTick@438 (line 1197)
  0x000001ecb33ea250: fc0a 06e9 | 478c ffff 

  0x000001ecb33ea258: ;   {runtime_call throw_null_pointer_exception Runtime1 stub}
  0x000001ecb33ea258: e8a3 810a 

  0x000001ecb33ea25c: ; ImmutableOopMap {rax=Oop [216]=Oop [352]=Oop }
                      ;*invokevirtual getListeners {reexecute=0 rethrow=0 return_oop=0}
                      ; - net.neoforged.bus.EventBus::post@24 (line 315)
                      ; - net.neoforged.neoforge.client.ClientHooks::fireRenderFramePost@11 (line 1062)
                      ; - net.minecraft.client.Minecraft::runTick@438 (line 1197)
                      ;   {metadata({method} {0x000001ed1da3d8c0} 'getListeners' '()[Lnet/neoforged/bus/api/EventListener;' in 'net/neoforged/bus/ListenerList')}
  0x000001ecb33ea25c: 0649 bab8 | d8a3 1ded | 0100 004c | 8954 2408 | 48c7 0424 | ffff ffff 

  0x000001ecb33ea274: ;   {runtime_call counter_overflow Runtime1 stub}
  0x000001ecb33ea274: e887 fc0a 

  0x000001ecb33ea278: ; ImmutableOopMap {rax=Oop [216]=Oop [352]=Oop }
                      ;*synchronization entry
                      ; - net.neoforged.bus.ListenerList::getListeners@-1 (line 89)
                      ; - net.neoforged.bus.EventBus::post@24 (line 315)
                      ; - net.neoforged.neoforge.client.ClientHooks::fireRenderFramePost@11 (line 1062)
                      ; - net.minecraft.client.Minecraft::runTick@438 (line 1197)
  0x000001ecb33ea278: 06e9 568d 

  0x000001ecb33ea27c: ;   {runtime_call throw_null_pointer_exception Runtime1 stub}
  0x000001ecb33ea27c: ffff e87d 

  0x000001ecb33ea280: ; ImmutableOopMap {r8=Oop [216]=Oop [352]=Oop }
                      ;*invokevirtual get {reexecute=0 rethrow=0 return_oop=0}
                      ; - net.neoforged.bus.ListenerList::getListeners@15 (line 90)
                      ; - net.neoforged.bus.EventBus::post@24 (line 315)
                      ; - net.neoforged.neoforge.client.ClientHooks::fireRenderFramePost@11 (line 1062)
                      ; - net.minecraft.client.Minecraft::runTick@438 (line 1197)
  0x000001ecb33ea280: 810a 064c 

  0x000001ecb33ea284: ;   {runtime_call throw_class_cast_exception Runtime1 stub}
  0x000001ecb33ea284: 8904 24e8 

  0x000001ecb33ea288: ; ImmutableOopMap {[216]=Oop [352]=Oop }
                      ;*checkcast {reexecute=0 rethrow=0 return_oop=0}
                      ; - net.neoforged.bus.ListenerList::getListeners@18 (line 90)
                      ; - net.neoforged.bus.EventBus::post@24 (line 315)
                      ; - net.neoforged.neoforge.client.ClientHooks::fireRenderFramePost@11 (line 1062)
                      ; - net.minecraft.client.Minecraft::runTick@438 (line 1197)
  0x000001ecb33ea288: f4ae 0a06 

  0x000001ecb33ea28c: ;   {runtime_call throw_incompatible_class_change_error Runtime1 stub}
  0x000001ecb33ea28c: e86f b60a 

  0x000001ecb33ea290: ; ImmutableOopMap {rdx=Oop rsi=Oop [216]=Oop }
                      ;*invokeinterface push {reexecute=0 rethrow=0 return_oop=0}
                      ; - net.minecraft.client.Minecraft::runTick@455 (line 1201)
                      ;   {runtime_call throw_null_pointer_exception Runtime1 stub}
  0x000001ecb33ea290: 06e8 6a81 

  0x000001ecb33ea294: ; ImmutableOopMap {rdx=Oop rsi=Oop [216]=Oop }
                      ;*invokeinterface push {reexecute=0 rethrow=0 return_oop=0}
                      ; - net.minecraft.client.Minecraft::runTick@455 (line 1201)
                      ;   {metadata({method} {0x000001ed1d2bf608} 'push' '(Ljava/lang/String;)V' in 'net/minecraft/util/profiling/InactiveProfiler')}
  0x000001ecb33ea294: 0a06 49ba | 00f6 2b1d | ed01 0000 | 4c89 5424 | 0848 c704 | 24ff ffff 

  0x000001ecb33ea2ac: ;   {runtime_call counter_overflow Runtime1 stub}
  0x000001ecb33ea2ac: ffe8 4efc 

  0x000001ecb33ea2b0: ; ImmutableOopMap {rdx=Oop [216]=Oop }
                      ;*synchronization entry
                      ; - net.minecraft.util.profiling.InactiveProfiler::push@-1 (line 26)
                      ; - net.minecraft.client.Minecraft::runTick@455 (line 1201)
  0x000001ecb33ea2b0: 0a06 e9d8 

  0x000001ecb33ea2b4: ;   {metadata(nullptr)}
  0x000001ecb33ea2b4: 8fff ff48 | ba00 0000 | 0000 0000 | 00b8 000f 

  0x000001ecb33ea2c4: ;   {runtime_call load_klass_patching Runtime1 stub}
  0x000001ecb33ea2c4: 050a e835 

  0x000001ecb33ea2c8: ; ImmutableOopMap {r8=Oop [216]=Oop }
                      ;*new {reexecute=1 rethrow=0 return_oop=0}
                      ; - (reexecute) net.minecraft.client.Minecraft::runTick@460 (line 1202)
  0x000001ecb33ea2c8: dd0a 06e9 | c88f ffff 

  0x000001ecb33ea2d0: ;   {runtime_call fast_new_instance Runtime1 stub}
  0x000001ecb33ea2d0: 488b d2e8 

  0x000001ecb33ea2d4: ; ImmutableOopMap {r8=Oop [216]=Oop }
                      ;*new {reexecute=0 rethrow=0 return_oop=0}
                      ; - net.minecraft.client.Minecraft::runTick@460 (line 1202)
  0x000001ecb33ea2d4: a893 0a06 | e913 90ff 

  0x000001ecb33ea2dc: ;   {runtime_call throw_null_pointer_exception Runtime1 stub}
  0x000001ecb33ea2dc: ffe8 1e81 

  0x000001ecb33ea2e0: ; ImmutableOopMap {r8=Oop rax=Oop rdx=Oop [216]=Oop [392]=Oop }
                      ;*invokevirtual bufferSource {reexecute=0 rethrow=0 return_oop=0}
                      ; - net.minecraft.client.Minecraft::runTick@469 (line 1202)
                      ;   {metadata({method} {0x000001ed0c783dd8} '<init>' '(Lnet/minecraft/client/Minecraft;Lnet/minecraft/client/renderer/MultiBufferSource$BufferSource;)V' in 'net/minecraft/client/gui/GuiGraphics')}
  0x000001ecb33ea2e0: 0a06 49ba | d03d 780c | ed01 0000 | 4c89 5424 | 0848 c704 | 24ff ffff 

  0x000001ecb33ea2f8: ;   {runtime_call counter_overflow Runtime1 stub}
  0x000001ecb33ea2f8: ffe8 02fc 

  0x000001ecb33ea2fc: ; ImmutableOopMap {r8=Oop rax=Oop r9=Oop [216]=Oop [392]=Oop }
                      ;*synchronization entry
                      ; - net.minecraft.client.gui.GuiGraphics::<init>@-1 (line 78)
                      ; - net.minecraft.client.Minecraft::runTick@472 (line 1202)
  0x000001ecb33ea2fc: 0a06 e96d | 90ff ff48 

  0x000001ecb33ea304: ;   {runtime_call fast_new_instance Runtime1 stub}
  0x000001ecb33ea304: 8bd2 e875 

  0x000001ecb33ea308: ; ImmutableOopMap {r8=Oop r9=Oop [216]=Oop [392]=Oop }
                      ;*new {reexecute=0 rethrow=0 return_oop=0}
                      ; - net.minecraft.client.gui.GuiGraphics::<init>@2 (line 78)
                      ; - net.minecraft.client.Minecraft::runTick@472 (line 1202)
  0x000001ecb33ea308: 930a 06e9 | ac90 ffff 

  0x000001ecb33ea310: ;   {metadata({method} {0x000001ed1df01870} '<init>' '()V' in 'com/mojang/blaze3d/vertex/PoseStack')}
  0x000001ecb33ea310: 49ba 6818 | f01d ed01 | 0000 4c89 | 5424 0848 | c704 24ff 

  0x000001ecb33ea324: ;   {runtime_call counter_overflow Runtime1 stub}
  0x000001ecb33ea324: ffff ffe8 

  0x000001ecb33ea328: ; ImmutableOopMap {r8=Oop r9=Oop rax=Oop [216]=Oop [392]=Oop }
                      ;*synchronization entry
                      ; - com.mojang.blaze3d.vertex.PoseStack::<init>@-1 (line 16)
                      ; - net.minecraft.client.gui.GuiGraphics::<init>@6 (line 78)
                      ; - net.minecraft.client.Minecraft::runTick@472 (line 1202)
  0x000001ecb33ea328: d4fb 0a06 | e9c7 90ff 

  0x000001ecb33ea330: ;   {metadata({method} {0x000001ecca479298} '<init>' '()V' in 'java/lang/Object')}
  0x000001ecb33ea330: ff49 ba90 | 9247 caec | 0100 004c | 8954 2408 | 48c7 0424 | ffff ffff 

  0x000001ecb33ea348: ;   {runtime_call counter_overflow Runtime1 stub}
  0x000001ecb33ea348: e8b3 fb0a 

  0x000001ecb33ea34c: ; ImmutableOopMap {r8=Oop r9=Oop rax=Oop [216]=Oop [392]=Oop }
                      ;*synchronization entry
                      ; - java.lang.Object::<init>@-1 (line 45)
                      ; - com.mojang.blaze3d.vertex.PoseStack::<init>@1 (line 16)
                      ; - net.minecraft.client.gui.GuiGraphics::<init>@6 (line 78)
                      ; - net.minecraft.client.Minecraft::runTick@472 (line 1202)
  0x000001ecb33ea34c: 06e9 e290 

  0x000001ecb33ea350: ;   {metadata({method} {0x000001ed0ea5f8b8} 'newArrayDeque' '()Ljava/util/ArrayDeque;' in 'com/google/common/collect/Queues')}
  0x000001ecb33ea350: ffff 49ba | b0f8 a50e | ed01 0000 | 4c89 5424 | 0848 c704 | 24ff ffff 

  0x000001ecb33ea368: ;   {runtime_call counter_overflow Runtime1 stub}
  0x000001ecb33ea368: ffe8 92fb 

  0x000001ecb33ea36c: ; ImmutableOopMap {r8=Oop r9=Oop rax=Oop [216]=Oop [392]=Oop }
                      ;*synchronization entry
                      ; - com.google.common.collect.Queues::newArrayDeque@-1 (line 69)
                      ; - com.mojang.blaze3d.vertex.PoseStack::<init>@5 (line 17)
                      ; - net.minecraft.client.gui.GuiGraphics::<init>@6 (line 78)
                      ; - net.minecraft.client.Minecraft::runTick@472 (line 1202)
  0x000001ecb33ea36c: 0a06 e9fa | 90ff ff48 

  0x000001ecb33ea374: ;   {runtime_call fast_new_instance Runtime1 stub}
  0x000001ecb33ea374: 8bd2 e805 

  0x000001ecb33ea378: ; ImmutableOopMap {r8=Oop r9=Oop [216]=Oop [376]=Oop [392]=Oop }
                      ;*new {reexecute=0 rethrow=0 return_oop=0}
                      ; - com.google.common.collect.Queues::newArrayDeque@0 (line 69)
                      ; - com.mojang.blaze3d.vertex.PoseStack::<init>@5 (line 17)
                      ; - net.minecraft.client.gui.GuiGraphics::<init>@6 (line 78)
                      ; - net.minecraft.client.Minecraft::runTick@472 (line 1202)
  0x000001ecb33ea378: 930a 06e9 | 4591 ffff 

  0x000001ecb33ea380: ;   {metadata({method} {0x000001ecca2101d0} '<init>' '()V' in 'java/util/ArrayDeque')}
  0x000001ecb33ea380: 49ba c801 | 21ca ec01 | 0000 4c89 | 5424 0848 | c704 24ff 

  0x000001ecb33ea394: ;   {runtime_call counter_overflow Runtime1 stub}
  0x000001ecb33ea394: ffff ffe8 

  0x000001ecb33ea398: ; ImmutableOopMap {r8=Oop r9=Oop rax=Oop [216]=Oop [376]=Oop [392]=Oop }
                      ;*synchronization entry
                      ; - java.util.ArrayDeque::<init>@-1 (line 180)
                      ; - com.google.common.collect.Queues::newArrayDeque@4 (line 69)
                      ; - com.mojang.blaze3d.vertex.PoseStack::<init>@5 (line 17)
                      ; - net.minecraft.client.gui.GuiGraphics::<init>@6 (line 78)
                      ; - net.minecraft.client.Minecraft::runTick@472 (line 1202)
  0x000001ecb33ea398: 64fb 0a06 | e960 91ff 

  0x000001ecb33ea3a0: ;   {metadata({method} {0x000001ecca05aa48} '<init>' '()V' in 'java/util/AbstractCollection')}
  0x000001ecb33ea3a0: ff49 ba40 | aa05 caec | 0100 004c | 8954 2408 | 48c7 0424 | ffff ffff 

  0x000001ecb33ea3b8: ;   {runtime_call counter_overflow Runtime1 stub}
  0x000001ecb33ea3b8: e843 fb0a 

  0x000001ecb33ea3bc: ; ImmutableOopMap {r8=Oop r9=Oop rax=Oop [216]=Oop [376]=Oop [392]=Oop }
                      ;*synchronization entry
                      ; - java.util.AbstractCollection::<init>@-1 (line 70)
                      ; - java.util.ArrayDeque::<init>@1 (line 180)
                      ; - com.google.common.collect.Queues::newArrayDeque@4 (line 69)
                      ; - com.mojang.blaze3d.vertex.PoseStack::<init>@5 (line 17)
                      ; - net.minecraft.client.gui.GuiGraphics::<init>@6 (line 78)
                      ; - net.minecraft.client.Minecraft::runTick@472 (line 1202)
  0x000001ecb33ea3bc: 06e9 7b91 

  0x000001ecb33ea3c0: ;   {metadata({method} {0x000001ecca479298} '<init>' '()V' in 'java/lang/Object')}
  0x000001ecb33ea3c0: ffff 49ba | 9092 47ca | ec01 0000 | 4c89 5424 | 0848 c704 | 24ff ffff 

  0x000001ecb33ea3d8: ;   {runtime_call counter_overflow Runtime1 stub}
  0x000001ecb33ea3d8: ffe8 22fb 

  0x000001ecb33ea3dc: ; ImmutableOopMap {r8=Oop r9=Oop rax=Oop [216]=Oop [376]=Oop [392]=Oop }
                      ;*synchronization entry
                      ; - java.lang.Object::<init>@-1 (line 45)
                      ; - java.util.AbstractCollection::<init>@1 (line 70)
                      ; - java.util.ArrayDeque::<init>@1 (line 180)
                      ; - com.google.common.collect.Queues::newArrayDeque@4 (line 69)
                      ; - com.mojang.blaze3d.vertex.PoseStack::<init>@5 (line 17)
                      ; - net.minecraft.client.gui.GuiGraphics::<init>@6 (line 78)
                      ; - net.minecraft.client.Minecraft::runTick@472 (line 1202)
  0x000001ecb33ea3dc: 0a06 e996 

  0x000001ecb33ea3e0: ;   {runtime_call new_object_array Runtime1 stub}
  0x000001ecb33ea3e0: 91ff ffe8 

  0x000001ecb33ea3e4: ; ImmutableOopMap {r8=Oop r9=Oop r14=Oop [216]=Oop [376]=Oop [392]=Oop }
                      ;*anewarray {reexecute=0 rethrow=0 return_oop=0}
                      ; - java.util.ArrayDeque::<init>@7 (line 181)
                      ; - com.google.common.collect.Queues::newArrayDeque@4 (line 69)
                      ; - com.mojang.blaze3d.vertex.PoseStack::<init>@5 (line 17)
                      ; - net.minecraft.client.gui.GuiGraphics::<init>@6 (line 78)
                      ; - net.minecraft.client.Minecraft::runTick@472 (line 1202)
  0x000001ecb33ea3e4: 989b 0a06 | e920 92ff | ff41 8b56 | 1448 c1e2 | 0348 83fa | 000f 841b | 92ff ff48 

  0x000001ecb33ea400: ;   {runtime_call g1_pre_barrier_slow}
  0x000001ecb33ea400: 8914 24e8 | 7805 0b06 | e90d 92ff | ff48 83f8 | 000f 8422 | 92ff ff4c 

  0x000001ecb33ea418: ;   {runtime_call g1_post_barrier_slow}
  0x000001ecb33ea418: 8934 24e8 | 6008 0b06 | e914 92ff 

  0x000001ecb33ea424: ;   {metadata({method} {0x000001ecca0afc30} 'linkToTargetMethod' '(Ljava/lang/Object;)Ljava/lang/Object;' in 'java/lang/invoke/Invokers$Holder')}
  0x000001ecb33ea424: ff49 ba28 | fc0a caec | 0100 004c | 8954 2408 | 48c7 0424 | ffff ffff 

  0x000001ecb33ea43c: ;   {runtime_call counter_overflow Runtime1 stub}
  0x000001ecb33ea43c: e8bf fa0a 

  0x000001ecb33ea440: ; ImmutableOopMap {r8=Oop r9=Oop r14=Oop rsi=Oop [216]=Oop [376]=Oop [392]=Oop }
                      ;*synchronization entry
                      ; - java.lang.invoke.Invokers$Holder::linkToTargetMethod@-1
                      ; - com.mojang.blaze3d.vertex.PoseStack::<init>@8 (line 17)
                      ; - net.minecraft.client.gui.GuiGraphics::<init>@6 (line 78)
                      ; - net.minecraft.client.Minecraft::runTick@472 (line 1202)
  0x000001ecb33ea440: 06e9 5692 

  0x000001ecb33ea444: ;   {metadata({method} {0x000001ed0b400a28} 'invoke' '(Ljava/lang/Object;)Ljava/lang/Object;' in 'java/lang/invoke/LambdaForm$MH+0x000001eccb000800')}
  0x000001ecb33ea444: ffff 49ba | 200a 400b | ed01 0000 | 4c89 5424 | 0848 c704 | 24ff ffff 

  0x000001ecb33ea45c: ;   {runtime_call counter_overflow Runtime1 stub}
  0x000001ecb33ea45c: ffe8 9efa 

  0x000001ecb33ea460: ; ImmutableOopMap {r8=Oop r9=Oop r14=Oop [216]=Oop [376]=Oop [392]=Oop }
                      ;*synchronization entry
                      ; - java.lang.invoke.LambdaForm$MH/0x000001eccb000800::invoke@-1
                      ; - java.lang.invoke.Invokers$Holder::linkToTargetMethod@4
                      ; - com.mojang.blaze3d.vertex.PoseStack::<init>@8 (line 17)
                      ; - net.minecraft.client.gui.GuiGraphics::<init>@6 (line 78)
                      ; - net.minecraft.client.Minecraft::runTick@472 (line 1202)
  0x000001ecb33ea460: 0a06 e98e 

  0x000001ecb33ea464: ;   {metadata({method} {0x000001ed0ce5db40} 'make' '(Ljava/lang/Object;Ljava/util/function/Consumer;)Ljava/lang/Object;' in 'net/minecraft/Util')}
  0x000001ecb33ea464: 92ff ff49 | ba38 dbe5 | 0ced 0100 | 004c 8954 | 2408 48c7 | 0424 ffff 

  0x000001ecb33ea47c: ;   {runtime_call counter_overflow Runtime1 stub}
  0x000001ecb33ea47c: ffff e87d 

  0x000001ecb33ea480: ; ImmutableOopMap {r8=Oop r9=Oop r14=Oop rsi=Oop [216]=Oop [376]=Oop [392]=Oop }
                      ;*synchronization entry
                      ; - net.minecraft.Util::make@-1 (line 461)
                      ; - com.mojang.blaze3d.vertex.PoseStack::<init>@13 (line 17)
                      ; - net.minecraft.client.gui.GuiGraphics::<init>@6 (line 78)
                      ; - net.minecraft.client.Minecraft::runTick@472 (line 1202)
  0x000001ecb33ea480: fa0a 06e9 | 3293 ffff 

  0x000001ecb33ea488: ;   {metadata({method} {0x000001ed1e7376e0} 'accept' '(Ljava/lang/Object;)V' in 'com/mojang/blaze3d/vertex/PoseStack$$Lambda+0x000001eccc055c70')}
  0x000001ecb33ea488: 49ba d876 | 731e ed01 | 0000 4c89 | 5424 0848 | c704 24ff 

  0x000001ecb33ea49c: ;   {runtime_call counter_overflow Runtime1 stub}
  0x000001ecb33ea49c: ffff ffe8 

  0x000001ecb33ea4a0: ; ImmutableOopMap {r8=Oop r9=Oop r14=Oop [216]=Oop [376]=Oop [392]=Oop }
                      ;*synchronization entry
                      ; - com.mojang.blaze3d.vertex.PoseStack$$Lambda/0x000001eccc055c70::accept@-1
                      ; - net.minecraft.Util::make@2 (line 461)
                      ; - com.mojang.blaze3d.vertex.PoseStack::<init>@13 (line 17)
                      ; - net.minecraft.client.gui.GuiGraphics::<init>@6 (line 78)
                      ; - net.minecraft.client.Minecraft::runTick@472 (line 1202)
  0x000001ecb33ea4a0: 5cfa 0a06 | e95b 93ff | ff44 8b40 | 0c49 c1e0 | 0349 83f8 | 000f 8497 | 93ff ff4c 

  0x000001ecb33ea4bc: ;   {runtime_call g1_pre_barrier_slow}
  0x000001ecb33ea4bc: 8904 24e8 | bc04 0b06 | e989 93ff | ff49 83f8 | 000f 84a6 | 93ff ff48 

  0x000001ecb33ea4d4: ;   {runtime_call g1_post_barrier_slow}
  0x000001ecb33ea4d4: 8904 24e8 | a407 0b06 | e998 93ff 

  0x000001ecb33ea4e0: ;   {metadata({method} {0x000001ed0c7843e0} 'flush' '()V' in 'net/minecraft/client/gui/GuiGraphics')}
  0x000001ecb33ea4e0: ff49 bad8 | 4378 0ced | 0100 004c | 8954 2408 | 48c7 0424 | ffff ffff 

  0x000001ecb33ea4f8: ;   {runtime_call counter_overflow Runtime1 stub}
  0x000001ecb33ea4f8: e803 fa0a 

  0x000001ecb33ea4fc: ; ImmutableOopMap {[216]=Oop [392]=Oop }
                      ;*synchronization entry
                      ; - net.minecraft.client.gui.GuiGraphics::flush@-1 (line 121)
                      ; - net.minecraft.client.Minecraft::runTick@489 (line 1204)
  0x000001ecb33ea4fc: 06e9 5694 

  0x000001ecb33ea500: ;   {metadata({method} {0x000001ed1d23f740} 'disableDepthTest' '()V' in 'com/mojang/blaze3d/systems/RenderSystem')}
  0x000001ecb33ea500: ffff 49ba | 38f7 231d | ed01 0000 | 4c89 5424 | 0848 c704 | 24ff ffff 

  0x000001ecb33ea518: ;   {runtime_call counter_overflow Runtime1 stub}
  0x000001ecb33ea518: ffe8 e2f9 

  0x000001ecb33ea51c: ; ImmutableOopMap {[216]=Oop [392]=Oop }
                      ;*synchronization entry
                      ; - com.mojang.blaze3d.systems.RenderSystem::disableDepthTest@-1 (line 169)
                      ; - net.minecraft.client.gui.GuiGraphics::flush@0 (line 121)
                      ; - net.minecraft.client.Minecraft::runTick@489 (line 1204)
  0x000001ecb33ea51c: 0a06 e970 

  0x000001ecb33ea520: ;   {metadata({method} {0x000001ed1d23f130} 'assertOnRenderThread' '()V' in 'com/mojang/blaze3d/systems/RenderSystem')}
  0x000001ecb33ea520: 94ff ff49 | ba28 f123 | 1ded 0100 | 004c 8954 | 2408 48c7 | 0424 ffff 

  0x000001ecb33ea538: ;   {runtime_call counter_overflow Runtime1 stub}
  0x000001ecb33ea538: ffff e8c1 

  0x000001ecb33ea53c: ; ImmutableOopMap {[216]=Oop [392]=Oop }
                      ;*synchronization entry
                      ; - com.mojang.blaze3d.systems.RenderSystem::assertOnRenderThread@-1 (line 118)
                      ; - com.mojang.blaze3d.systems.RenderSystem::disableDepthTest@0 (line 169)
                      ; - net.minecraft.client.gui.GuiGraphics::flush@0 (line 121)
                      ; - net.minecraft.client.Minecraft::runTick@489 (line 1204)
  0x000001ecb33ea53c: f90a 06e9 | 8a94 ffff 

  0x000001ecb33ea544: ;   {metadata({method} {0x000001ed1d23ef08} 'isOnRenderThread' '()Z' in 'com/mojang/blaze3d/systems/RenderSystem')}
  0x000001ecb33ea544: 49ba 00ef | 231d ed01 | 0000 4c89 | 5424 0848 | c704 24ff 

  0x000001ecb33ea558: ;   {runtime_call counter_overflow Runtime1 stub}
  0x000001ecb33ea558: ffff ffe8 

  0x000001ecb33ea55c: ; ImmutableOopMap {[216]=Oop [392]=Oop }
                      ;*synchronization entry
                      ; - com.mojang.blaze3d.systems.RenderSystem::isOnRenderThread@-1 (line 104)
                      ; - com.mojang.blaze3d.systems.RenderSystem::assertOnRenderThread@0 (line 118)
                      ; - com.mojang.blaze3d.systems.RenderSystem::disableDepthTest@0 (line 169)
                      ; - net.minecraft.client.gui.GuiGraphics::flush@0 (line 121)
                      ; - net.minecraft.client.Minecraft::runTick@489 (line 1204)
  0x000001ecb33ea55c: a0f9 0a06 | e9a4 94ff 

  0x000001ecb33ea564: ;   {metadata({method} {0x000001ed1d602f80} '_disableDepthTest' '()V' in 'com/mojang/blaze3d/platform/GlStateManager')}
  0x000001ecb33ea564: ff49 ba78 | 2f60 1ded | 0100 004c | 8954 2408 | 48c7 0424 | ffff ffff 

  0x000001ecb33ea57c: ;   {runtime_call counter_overflow Runtime1 stub}
  0x000001ecb33ea57c: e87f f90a 

  0x000001ecb33ea580: ; ImmutableOopMap {r8=Oop [216]=Oop [392]=Oop }
                      ;*synchronization entry
                      ; - com.mojang.blaze3d.platform.GlStateManager::_disableDepthTest@-1 (line 64)
                      ; - com.mojang.blaze3d.systems.RenderSystem::disableDepthTest@3 (line 170)
                      ; - net.minecraft.client.gui.GuiGraphics::flush@0 (line 121)
                      ; - net.minecraft.client.Minecraft::runTick@489 (line 1204)
  0x000001ecb33ea580: 06e9 7595 

  0x000001ecb33ea584: ;   {metadata({method} {0x000001ed1d23f078} 'assertOnRenderThreadOrInit' '()V' in 'com/mojang/blaze3d/systems/RenderSystem')}
  0x000001ecb33ea584: ffff 49ba | 70f0 231d | ed01 0000 | 4c89 5424 | 0848 c704 | 24ff ffff 

  0x000001ecb33ea59c: ;   {runtime_call counter_overflow Runtime1 stub}
  0x000001ecb33ea59c: ffe8 5ef9 

  0x000001ecb33ea5a0: ; ImmutableOopMap {r8=Oop [216]=Oop [392]=Oop }
                      ;*synchronization entry
                      ; - com.mojang.blaze3d.systems.RenderSystem::assertOnRenderThreadOrInit@-1 (line 112)
                      ; - com.mojang.blaze3d.platform.GlStateManager::_disableDepthTest@0 (line 64)
                      ; - com.mojang.blaze3d.systems.RenderSystem::disableDepthTest@3 (line 170)
                      ; - net.minecraft.client.gui.GuiGraphics::flush@0 (line 121)
                      ; - net.minecraft.client.Minecraft::runTick@489 (line 1204)
  0x000001ecb33ea5a0: 0a06 e98d 

  0x000001ecb33ea5a4: ;   {metadata({method} {0x000001ed1d23ef08} 'isOnRenderThread' '()Z' in 'com/mojang/blaze3d/systems/RenderSystem')}
  0x000001ecb33ea5a4: 95ff ff49 | ba00 ef23 | 1ded 0100 | 004c 8954 | 2408 48c7 | 0424 ffff 

  0x000001ecb33ea5bc: ;   {runtime_call counter_overflow Runtime1 stub}
  0x000001ecb33ea5bc: ffff e83d 

  0x000001ecb33ea5c0: ; ImmutableOopMap {r8=Oop [216]=Oop [392]=Oop }
                      ;*synchronization entry
                      ; - com.mojang.blaze3d.systems.RenderSystem::isOnRenderThread@-1 (line 104)
                      ; - com.mojang.blaze3d.systems.RenderSystem::assertOnRenderThreadOrInit@6 (line 112)
                      ; - com.mojang.blaze3d.platform.GlStateManager::_disableDepthTest@0 (line 64)
                      ; - com.mojang.blaze3d.systems.RenderSystem::disableDepthTest@3 (line 170)
                      ; - net.minecraft.client.gui.GuiGraphics::flush@0 (line 121)
                      ; - net.minecraft.client.Minecraft::runTick@489 (line 1204)
  0x000001ecb33ea5c0: f90a 06e9 | ea95 ffff 

  0x000001ecb33ea5c8: ;   {runtime_call throw_null_pointer_exception Runtime1 stub}
  0x000001ecb33ea5c8: e833 7e0a 

  0x000001ecb33ea5cc: ; ImmutableOopMap {[216]=Oop [392]=Oop }
                      ;*getfield mode {reexecute=1 rethrow=0 return_oop=0}
                      ; - (reexecute) com.mojang.blaze3d.platform.GlStateManager::_disableDepthTest@6 (line 65)
                      ; - com.mojang.blaze3d.systems.RenderSystem::disableDepthTest@3 (line 170)
                      ; - net.minecraft.client.gui.GuiGraphics::flush@0 (line 121)
                      ; - net.minecraft.client.Minecraft::runTick@489 (line 1204)
                      ;   {runtime_call throw_null_pointer_exception Runtime1 stub}
  0x000001ecb33ea5cc: 06e8 2e7e 

  0x000001ecb33ea5d0: ; ImmutableOopMap {rdx=Oop [216]=Oop [392]=Oop }
                      ;*invokevirtual disable {reexecute=0 rethrow=0 return_oop=0}
                      ; - com.mojang.blaze3d.platform.GlStateManager::_disableDepthTest@9 (line 65)
                      ; - com.mojang.blaze3d.systems.RenderSystem::disableDepthTest@3 (line 170)
                      ; - net.minecraft.client.gui.GuiGraphics::flush@0 (line 121)
                      ; - net.minecraft.client.Minecraft::runTick@489 (line 1204)
                      ;   {metadata({method} {0x000001ed1d60a200} 'disable' '()V' in 'com/mojang/blaze3d/platform/GlStateManager$BooleanState')}
  0x000001ecb33ea5d0: 0a06 49ba | f8a1 601d | ed01 0000 | 4c89 5424 | 0848 c704 | 24ff ffff 

  0x000001ecb33ea5e8: ;   {runtime_call counter_overflow Runtime1 stub}
  0x000001ecb33ea5e8: ffe8 12f9 

  0x000001ecb33ea5ec: ; ImmutableOopMap {rdx=Oop [216]=Oop [392]=Oop }
                      ;*synchronization entry
                      ; - com.mojang.blaze3d.platform.GlStateManager$BooleanState::disable@-1 (line 765)
                      ; - com.mojang.blaze3d.platform.GlStateManager::_disableDepthTest@9 (line 65)
                      ; - com.mojang.blaze3d.systems.RenderSystem::disableDepthTest@3 (line 170)
                      ; - net.minecraft.client.gui.GuiGraphics::flush@0 (line 121)
                      ; - net.minecraft.client.Minecraft::runTick@489 (line 1204)
  0x000001ecb33ea5ec: 0a06 e9be 

  0x000001ecb33ea5f0: ;   {runtime_call throw_null_pointer_exception Runtime1 stub}
  0x000001ecb33ea5f0: 96ff ffe8 

  0x000001ecb33ea5f4: ; ImmutableOopMap {rdx=Oop [216]=Oop }
                      ;*invokevirtual endBatch {reexecute=0 rethrow=0 return_oop=0}
                      ; - net.minecraft.client.gui.GuiGraphics::flush@7 (line 122)
                      ; - net.minecraft.client.Minecraft::runTick@489 (line 1204)
  0x000001ecb33ea5f4: 087e 0a06 

  0x000001ecb33ea5f8: ;   {metadata({method} {0x000001ed1d23f7e0} 'enableDepthTest' '()V' in 'com/mojang/blaze3d/systems/RenderSystem')}
  0x000001ecb33ea5f8: 49ba d8f7 | 231d ed01 | 0000 4c89 | 5424 0848 | c704 24ff 

  0x000001ecb33ea60c: ;   {runtime_call counter_overflow Runtime1 stub}
  0x000001ecb33ea60c: ffff ffe8 

  0x000001ecb33ea610: ; ImmutableOopMap {[216]=Oop }
                      ;*synchronization entry
                      ; - com.mojang.blaze3d.systems.RenderSystem::enableDepthTest@-1 (line 174)
                      ; - net.minecraft.client.gui.GuiGraphics::flush@10 (line 123)
                      ; - net.minecraft.client.Minecraft::runTick@489 (line 1204)
  0x000001ecb33ea610: ecf8 0a06 | e946 97ff 

  0x000001ecb33ea618: ;   {metadata({method} {0x000001ed1d603028} '_enableDepthTest' '()V' in 'com/mojang/blaze3d/platform/GlStateManager')}
  0x000001ecb33ea618: ff49 ba20 | 3060 1ded | 0100 004c | 8954 2408 | 48c7 0424 | ffff ffff 

  0x000001ecb33ea630: ;   {runtime_call counter_overflow Runtime1 stub}
  0x000001ecb33ea630: e8cb f80a 

  0x000001ecb33ea634: ; ImmutableOopMap {[216]=Oop }
                      ;*synchronization entry
                      ; - com.mojang.blaze3d.platform.GlStateManager::_enableDepthTest@-1 (line 69)
                      ; - com.mojang.blaze3d.systems.RenderSystem::enableDepthTest@0 (line 174)
                      ; - net.minecraft.client.gui.GuiGraphics::flush@10 (line 123)
                      ; - net.minecraft.client.Minecraft::runTick@489 (line 1204)
  0x000001ecb33ea634: 06e9 6097 

  0x000001ecb33ea638: ;   {metadata({method} {0x000001ed1d23f078} 'assertOnRenderThreadOrInit' '()V' in 'com/mojang/blaze3d/systems/RenderSystem')}
  0x000001ecb33ea638: ffff 49ba | 70f0 231d | ed01 0000 | 4c89 5424 | 0848 c704 | 24ff ffff 

  0x000001ecb33ea650: ;   {runtime_call counter_overflow Runtime1 stub}
  0x000001ecb33ea650: ffe8 aaf8 

  0x000001ecb33ea654: ; ImmutableOopMap {[216]=Oop }
                      ;*synchronization entry
                      ; - com.mojang.blaze3d.systems.RenderSystem::assertOnRenderThreadOrInit@-1 (line 112)
                      ; - com.mojang.blaze3d.platform.GlStateManager::_enableDepthTest@0 (line 69)
                      ; - com.mojang.blaze3d.systems.RenderSystem::enableDepthTest@0 (line 174)
                      ; - net.minecraft.client.gui.GuiGraphics::flush@10 (line 123)
                      ; - net.minecraft.client.Minecraft::runTick@489 (line 1204)
  0x000001ecb33ea654: 0a06 e97a 

  0x000001ecb33ea658: ;   {metadata({method} {0x000001ed1d23ef08} 'isOnRenderThread' '()Z' in 'com/mojang/blaze3d/systems/RenderSystem')}
  0x000001ecb33ea658: 97ff ff49 | ba00 ef23 | 1ded 0100 | 004c 8954 | 2408 48c7 | 0424 ffff 

  0x000001ecb33ea670: ;   {runtime_call counter_overflow Runtime1 stub}
  0x000001ecb33ea670: ffff e889 

  0x000001ecb33ea674: ; ImmutableOopMap {[216]=Oop }
                      ;*synchronization entry
                      ; - com.mojang.blaze3d.systems.RenderSystem::isOnRenderThread@-1 (line 104)
                      ; - com.mojang.blaze3d.systems.RenderSystem::assertOnRenderThreadOrInit@6 (line 112)
                      ; - com.mojang.blaze3d.platform.GlStateManager::_enableDepthTest@0 (line 69)
                      ; - com.mojang.blaze3d.systems.RenderSystem::enableDepthTest@0 (line 174)
                      ; - net.minecraft.client.gui.GuiGraphics::flush@10 (line 123)
                      ; - net.minecraft.client.Minecraft::runTick@489 (line 1204)
  0x000001ecb33ea674: f80a 06e9 | db97 ffff 

  0x000001ecb33ea67c: ;   {runtime_call throw_null_pointer_exception Runtime1 stub}
  0x000001ecb33ea67c: e87f 7d0a 

  0x000001ecb33ea680: ; ImmutableOopMap {rdx=Oop [216]=Oop }
                      ;*invokevirtual enable {reexecute=0 rethrow=0 return_oop=0}
                      ; - com.mojang.blaze3d.platform.GlStateManager::_enableDepthTest@9 (line 70)
                      ; - com.mojang.blaze3d.systems.RenderSystem::enableDepthTest@0 (line 174)
                      ; - net.minecraft.client.gui.GuiGraphics::flush@10 (line 123)
                      ; - net.minecraft.client.Minecraft::runTick@489 (line 1204)
                      ;   {metadata({method} {0x000001ed1d60a2b0} 'enable' '()V' in 'com/mojang/blaze3d/platform/GlStateManager$BooleanState')}
  0x000001ecb33ea680: 0649 baa8 | a260 1ded | 0100 004c | 8954 2408 | 48c7 0424 | ffff ffff 

  0x000001ecb33ea698: ;   {runtime_call counter_overflow Runtime1 stub}
  0x000001ecb33ea698: e863 f80a 

  0x000001ecb33ea69c: ; ImmutableOopMap {rdx=Oop [216]=Oop }
                      ;*synchronization entry
                      ; - com.mojang.blaze3d.platform.GlStateManager$BooleanState::enable@-1 (line 769)
                      ; - com.mojang.blaze3d.platform.GlStateManager::_enableDepthTest@9 (line 70)
                      ; - com.mojang.blaze3d.systems.RenderSystem::enableDepthTest@0 (line 174)
                      ; - net.minecraft.client.gui.GuiGraphics::flush@10 (line 123)
                      ; - net.minecraft.client.Minecraft::runTick@489 (line 1204)
  0x000001ecb33ea69c: 06e9 c698 

  0x000001ecb33ea6a0: ;   {runtime_call throw_incompatible_class_change_error Runtime1 stub}
  0x000001ecb33ea6a0: ffff e859 

  0x000001ecb33ea6a4: ; ImmutableOopMap {rdx=Oop rsi=Oop [216]=Oop }
                      ;*invokeinterface pop {reexecute=0 rethrow=0 return_oop=0}
                      ; - net.minecraft.client.Minecraft::runTick@496 (line 1205)
                      ;   {runtime_call throw_null_pointer_exception Runtime1 stub}
  0x000001ecb33ea6a4: b20a 06e8 

  0x000001ecb33ea6a8: ; ImmutableOopMap {rdx=Oop rsi=Oop [216]=Oop }
                      ;*invokeinterface pop {reexecute=0 rethrow=0 return_oop=0}
                      ; - net.minecraft.client.Minecraft::runTick@496 (line 1205)
  0x000001ecb33ea6a8: 547d 0a06 

  0x000001ecb33ea6ac: ;   {metadata({method} {0x000001ed1d2bf818} 'pop' '()V' in 'net/minecraft/util/profiling/InactiveProfiler')}
  0x000001ecb33ea6ac: 49ba 10f8 | 2b1d ed01 | 0000 4c89 | 5424 0848 | c704 24ff 

  0x000001ecb33ea6c0: ;   {runtime_call counter_overflow Runtime1 stub}
  0x000001ecb33ea6c0: ffff ffe8 

  0x000001ecb33ea6c4: ; ImmutableOopMap {rdx=Oop [216]=Oop }
                      ;*synchronization entry
                      ; - net.minecraft.util.profiling.InactiveProfiler::pop@-1 (line 38)
                      ; - net.minecraft.client.Minecraft::runTick@496 (line 1205)
  0x000001ecb33ea6c4: 38f8 0a06 | e96b 99ff 

  0x000001ecb33ea6cc: ;   {runtime_call throw_incompatible_class_change_error Runtime1 stub}
  0x000001ecb33ea6cc: ffe8 2eb2 

  0x000001ecb33ea6d0: ; ImmutableOopMap {rdx=Oop rsi=Oop [216]=Oop }
                      ;*invokeinterface push {reexecute=0 rethrow=0 return_oop=0}
                      ; - net.minecraft.client.Minecraft::runTick@508 (line 1208)
                      ;   {runtime_call throw_null_pointer_exception Runtime1 stub}
  0x000001ecb33ea6d0: 0a06 e829 

  0x000001ecb33ea6d4: ; ImmutableOopMap {rdx=Oop rsi=Oop [216]=Oop }
                      ;*invokeinterface push {reexecute=0 rethrow=0 return_oop=0}
                      ; - net.minecraft.client.Minecraft::runTick@508 (line 1208)
                      ;   {metadata({method} {0x000001ed1d2bf608} 'push' '(Ljava/lang/String;)V' in 'net/minecraft/util/profiling/InactiveProfiler')}
  0x000001ecb33ea6d4: 7d0a 0649 | ba00 f62b | 1ded 0100 | 004c 8954 | 2408 48c7 | 0424 ffff 

  0x000001ecb33ea6ec: ;   {runtime_call counter_overflow Runtime1 stub}
  0x000001ecb33ea6ec: ffff e80d 

  0x000001ecb33ea6f0: ; ImmutableOopMap {rdx=Oop [216]=Oop }
                      ;*synchronization entry
                      ; - net.minecraft.util.profiling.InactiveProfiler::push@-1 (line 26)
                      ; - net.minecraft.client.Minecraft::runTick@508 (line 1208)
  0x000001ecb33ea6f0: f80a 06e9 | cc99 ffff 

  0x000001ecb33ea6f8: ;   {runtime_call throw_null_pointer_exception Runtime1 stub}
  0x000001ecb33ea6f8: e803 7d0a 

  0x000001ecb33ea6fc: ; ImmutableOopMap {rdx=Oop rsi=Oop [216]=Oop }
                      ;*invokevirtual unbindWrite {reexecute=0 rethrow=0 return_oop=0}
                      ; - net.minecraft.client.Minecraft::runTick@517 (line 1209)
                      ;   {metadata({method} {0x000001ed1d2517d0} 'unbindWrite' '()V' in 'com/mojang/blaze3d/pipeline/RenderTarget')}
  0x000001ecb33ea6fc: 0649 bac8 | 1725 1ded | 0100 004c | 8954 2408 | 48c7 0424 | ffff ffff 

  0x000001ecb33ea714: ;   {runtime_call counter_overflow Runtime1 stub}
  0x000001ecb33ea714: e8e7 f70a 

  0x000001ecb33ea718: ; ImmutableOopMap {rdx=Oop [216]=Oop }
                      ;*synchronization entry
                      ; - com.mojang.blaze3d.pipeline.RenderTarget::unbindWrite@-1 (line 203)
                      ; - net.minecraft.client.Minecraft::runTick@517 (line 1209)
  0x000001ecb33ea718: 06e9 6a9a 

  0x000001ecb33ea71c: ;   {metadata({method} {0x000001ed1d23ef08} 'isOnRenderThread' '()Z' in 'com/mojang/blaze3d/systems/RenderSystem')}
  0x000001ecb33ea71c: ffff 49ba | 00ef 231d | ed01 0000 | 4c89 5424 | 0848 c704 | 24ff ffff 

  0x000001ecb33ea734: ;   {runtime_call counter_overflow Runtime1 stub}
  0x000001ecb33ea734: ffe8 c6f7 

  0x000001ecb33ea738: ; ImmutableOopMap {rdx=Oop [216]=Oop }
                      ;*synchronization entry
                      ; - com.mojang.blaze3d.systems.RenderSystem::isOnRenderThread@-1 (line 104)
                      ; - com.mojang.blaze3d.pipeline.RenderTarget::unbindWrite@0 (line 203)
                      ; - net.minecraft.client.Minecraft::runTick@517 (line 1209)
  0x000001ecb33ea738: 0a06 e982 | 9aff ff48 | be00 0000 | 0000 0000 | 00b8 000f 

  0x000001ecb33ea74c: ;   {runtime_call load_appendix_patching Runtime1 stub}
  0x000001ecb33ea74c: 050a e82d 

  0x000001ecb33ea750: ; ImmutableOopMap {[216]=Oop }
                      ;*invokedynamic {reexecute=1 rethrow=0 return_oop=0}
                      ; - (reexecute) com.mojang.blaze3d.pipeline.RenderTarget::unbindWrite@6 (line 204)
                      ; - net.minecraft.client.Minecraft::runTick@517 (line 1209)
  0x000001ecb33ea750: eb0a 06e9 | 289b ffff 

  0x000001ecb33ea758: ;   {metadata({method} {0x000001ed1d23f290} 'recordRenderCall' '(Lcom/mojang/blaze3d/pipeline/RenderCall;)V' in 'com/mojang/blaze3d/systems/RenderSystem')}
  0x000001ecb33ea758: 49ba 88f2 | 231d ed01 | 0000 4c89 | 5424 0848 | c704 24ff 

  0x000001ecb33ea76c: ;   {runtime_call counter_overflow Runtime1 stub}
  0x000001ecb33ea76c: ffff ffe8 

  0x000001ecb33ea770: ; ImmutableOopMap {rax=Oop [216]=Oop }
                      ;*synchronization entry
                      ; - com.mojang.blaze3d.systems.RenderSystem::recordRenderCall@-1 (line 128)
                      ; - com.mojang.blaze3d.pipeline.RenderTarget::unbindWrite@11 (line 204)
                      ; - net.minecraft.client.Minecraft::runTick@517 (line 1209)
  0x000001ecb33ea770: 8cf7 0a06 | e9c6 9bff 

  0x000001ecb33ea778: ;   {metadata({method} {0x000001ed0b293550} 'add' '(Ljava/lang/Object;)Z' in 'java/util/concurrent/ConcurrentLinkedQueue')}
  0x000001ecb33ea778: ff49 ba48 | 3529 0bed | 0100 004c | 8954 2408 | 48c7 0424 | ffff ffff 

  0x000001ecb33ea790: ;   {runtime_call counter_overflow Runtime1 stub}
  0x000001ecb33ea790: e86b f70a 

  0x000001ecb33ea794: ; ImmutableOopMap {rax=Oop rdx=Oop [216]=Oop }
                      ;*synchronization entry
                      ; - java.util.concurrent.ConcurrentLinkedQueue::add@-1 (line 283)
                      ; - com.mojang.blaze3d.systems.RenderSystem::recordRenderCall@4 (line 128)
                      ; - com.mojang.blaze3d.pipeline.RenderTarget::unbindWrite@11 (line 204)
                      ; - net.minecraft.client.Minecraft::runTick@517 (line 1209)
  0x000001ecb33ea794: 06e9 6c9c 

  0x000001ecb33ea798: ;   {metadata({method} {0x000001ed1d605160} '_glBindFramebuffer' '(II)V' in 'com/mojang/blaze3d/platform/GlStateManager')}
  0x000001ecb33ea798: ffff 49ba | 5851 601d | ed01 0000 | 4c89 5424 | 0848 c704 | 24ff ffff 

  0x000001ecb33ea7b0: ;   {runtime_call counter_overflow Runtime1 stub}
  0x000001ecb33ea7b0: ffe8 4af7 

  0x000001ecb33ea7b4: ; ImmutableOopMap {rsi=Oop [216]=Oop }
                      ;*synchronization entry
                      ; - com.mojang.blaze3d.platform.GlStateManager::_glBindFramebuffer@-1 (line 335)
                      ; - com.mojang.blaze3d.pipeline.RenderTarget::unbindWrite@20 (line 206)
                      ; - net.minecraft.client.Minecraft::runTick@517 (line 1209)
  0x000001ecb33ea7b4: 0a06 e944 

  0x000001ecb33ea7b8: ;   {metadata({method} {0x000001ed1d23f078} 'assertOnRenderThreadOrInit' '()V' in 'com/mojang/blaze3d/systems/RenderSystem')}
  0x000001ecb33ea7b8: 9dff ff49 | ba70 f023 | 1ded 0100 | 004c 8954 | 2408 48c7 | 0424 ffff 

  0x000001ecb33ea7d0: ;   {runtime_call counter_overflow Runtime1 stub}
  0x000001ecb33ea7d0: ffff e829 

  0x000001ecb33ea7d4: ; ImmutableOopMap {rsi=Oop [216]=Oop }
                      ;*synchronization entry
                      ; - com.mojang.blaze3d.systems.RenderSystem::assertOnRenderThreadOrInit@-1 (line 112)
                      ; - com.mojang.blaze3d.platform.GlStateManager::_glBindFramebuffer@0 (line 335)
                      ; - com.mojang.blaze3d.pipeline.RenderTarget::unbindWrite@20 (line 206)
                      ; - net.minecraft.client.Minecraft::runTick@517 (line 1209)
  0x000001ecb33ea7d4: f70a 06e9 | 619d ffff 

  0x000001ecb33ea7dc: ;   {metadata({method} {0x000001ed1d23ef08} 'isOnRenderThread' '()Z' in 'com/mojang/blaze3d/systems/RenderSystem')}
  0x000001ecb33ea7dc: 49ba 00ef | 231d ed01 | 0000 4c89 | 5424 0848 | c704 24ff 

  0x000001ecb33ea7f0: ;   {runtime_call counter_overflow Runtime1 stub}
  0x000001ecb33ea7f0: ffff ffe8 

  0x000001ecb33ea7f4: ; ImmutableOopMap {rsi=Oop [216]=Oop }
                      ;*synchronization entry
                      ; - com.mojang.blaze3d.systems.RenderSystem::isOnRenderThread@-1 (line 104)
                      ; - com.mojang.blaze3d.systems.RenderSystem::assertOnRenderThreadOrInit@6 (line 112)
                      ; - com.mojang.blaze3d.platform.GlStateManager::_glBindFramebuffer@0 (line 335)
                      ; - com.mojang.blaze3d.pipeline.RenderTarget::unbindWrite@20 (line 206)
                      ; - net.minecraft.client.Minecraft::runTick@517 (line 1209)
  0x000001ecb33ea7f4: 08f7 0a06 | e9c3 9dff 

  0x000001ecb33ea7fc: ;   {metadata({method} {0x000001ed1d867b88} 'glBindFramebuffer' '(II)V' in 'org/lwjgl/opengl/GL30')}
  0x000001ecb33ea7fc: ff49 ba80 | 7b86 1ded | 0100 004c | 8954 2408 | 48c7 0424 | ffff ffff 

  0x000001ecb33ea814: ;   {runtime_call counter_overflow Runtime1 stub}
  0x000001ecb33ea814: e8e7 f60a 

  0x000001ecb33ea818: ; ImmutableOopMap {[216]=Oop }
                      ;*synchronization entry
                      ; - org.lwjgl.opengl.GL30::glBindFramebuffer@-1 (line 1619)
                      ; - com.mojang.blaze3d.platform.GlStateManager::_glBindFramebuffer@5 (line 336)
                      ; - com.mojang.blaze3d.pipeline.RenderTarget::unbindWrite@20 (line 206)
                      ; - net.minecraft.client.Minecraft::runTick@517 (line 1209)
  0x000001ecb33ea818: 06e9 879e 

  0x000001ecb33ea81c: ;   {runtime_call throw_null_pointer_exception Runtime1 stub}
  0x000001ecb33ea81c: ffff e8dd 

  0x000001ecb33ea820: ; ImmutableOopMap {rdx=Oop rbx=Oop r8=Oop [216]=Oop }
                      ;*invokevirtual getWidth {reexecute=0 rethrow=0 return_oop=0}
                      ; - net.minecraft.client.Minecraft::runTick@528 (line 1210)
                      ;   {runtime_call throw_null_pointer_exception Runtime1 stub}
  0x000001ecb33ea820: 7b0a 06e8 

  0x000001ecb33ea824: ; ImmutableOopMap {rdx=Oop rbx=Oop [216]=Oop }
                      ;*invokevirtual blitToScreen {reexecute=0 rethrow=0 return_oop=0}
                      ; - net.minecraft.client.Minecraft::runTick@538 (line 1210)
  0x000001ecb33ea824: d87b 0a06 

  0x000001ecb33ea828: ;   {metadata({method} {0x000001ed1d2519a0} 'blitToScreen' '(II)V' in 'com/mojang/blaze3d/pipeline/RenderTarget')}
  0x000001ecb33ea828: 49ba 9819 | 251d ed01 | 0000 4c89 | 5424 0848 | c704 24ff 

  0x000001ecb33ea83c: ;   {runtime_call counter_overflow Runtime1 stub}
  0x000001ecb33ea83c: ffff ffe8 

  0x000001ecb33ea840: ; ImmutableOopMap {rdx=Oop rbx=Oop [216]=Oop }
                      ;*synchronization entry
                      ; - com.mojang.blaze3d.pipeline.RenderTarget::blitToScreen@-1 (line 218)
                      ; - net.minecraft.client.Minecraft::runTick@538 (line 1210)
  0x000001ecb33ea840: bcf6 0a06 | e99d 9fff 

  0x000001ecb33ea848: ;   {metadata({method} {0x000001ed1d251a70} 'blitToScreen' '(IIZ)V' in 'com/mojang/blaze3d/pipeline/RenderTarget')}
  0x000001ecb33ea848: ff49 ba68 | 1a25 1ded | 0100 004c | 8954 2408 | 48c7 0424 | ffff ffff 

  0x000001ecb33ea860: ;   {runtime_call counter_overflow Runtime1 stub}
  0x000001ecb33ea860: e89b f60a 

  0x000001ecb33ea864: ; ImmutableOopMap {rdx=Oop rbx=Oop [216]=Oop }
                      ;*synchronization entry
                      ; - com.mojang.blaze3d.pipeline.RenderTarget::blitToScreen@-1 (line 222)
                      ; - com.mojang.blaze3d.pipeline.RenderTarget::blitToScreen@4 (line 218)
                      ; - net.minecraft.client.Minecraft::runTick@538 (line 1210)
  0x000001ecb33ea864: 06e9 39a0 

  0x000001ecb33ea868: ;   {metadata({method} {0x000001ed0ce5c128} 'getNanos' '()J' in 'net/minecraft/Util')}
  0x000001ecb33ea868: ffff 49ba | 20c1 e50c | ed01 0000 | 4c89 5424 | 0848 c704 | 24ff ffff 

  0x000001ecb33ea880: ;   {runtime_call counter_overflow Runtime1 stub}
  0x000001ecb33ea880: ffe8 7af6 

  0x000001ecb33ea884: ; ImmutableOopMap {[216]=Oop }
                      ;*synchronization entry
                      ; - net.minecraft.Util::getNanos@-1 (line 138)
                      ; - net.minecraft.client.Minecraft::runTick@542 (line 1211)
  0x000001ecb33ea884: 0a06 e982 

  0x000001ecb33ea888: ;   {runtime_call throw_null_pointer_exception Runtime1 stub}
  0x000001ecb33ea888: a0ff ffe8 

  0x000001ecb33ea88c: ; ImmutableOopMap {rdx=Oop [216]=Oop }
                      ;*invokeinterface getAsLong {reexecute=0 rethrow=0 return_oop=0}
                      ; - net.minecraft.Util::getNanos@3 (line 138)
                      ; - net.minecraft.client.Minecraft::runTick@542 (line 1211)
  0x000001ecb33ea88c: 707b 0a06 | 49b8 0000 | 0000 0000 | 0000 b800 

  0x000001ecb33ea89c: ;   {runtime_call load_appendix_patching Runtime1 stub}
  0x000001ecb33ea89c: 0f05 0ae8 

  0x000001ecb33ea8a0: ; ImmutableOopMap {rax=Oop [216]=Oop }
                      ;*invokedynamic {reexecute=1 rethrow=0 return_oop=0}
                      ; - (reexecute) net.minecraft.client.Minecraft::runTick@560 (line 1213)
  0x000001ecb33ea8a0: dce9 0a06 | e997 a1ff 

  0x000001ecb33ea8a8: ;   {runtime_call throw_null_pointer_exception Runtime1 stub}
  0x000001ecb33ea8a8: ffe8 527b 

  0x000001ecb33ea8ac: ; ImmutableOopMap {rax=Oop r8=Oop [216]=Oop }
                      ;*invokevirtual ifPresent {reexecute=0 rethrow=0 return_oop=0}
                      ; - net.minecraft.client.Minecraft::runTick@565 (line 1213)
                      ;   {metadata({method} {0x000001ecca0ea7e0} 'ifPresent' '(Ljava/util/function/Consumer;)V' in 'java/util/Optional')}
  0x000001ecb33ea8ac: 0a06 49ba | d8a7 0eca | ec01 0000 | 4c89 5424 | 0848 c704 | 24ff ffff 

  0x000001ecb33ea8c4: ;   {runtime_call counter_overflow Runtime1 stub}
  0x000001ecb33ea8c4: ffe8 36f6 

  0x000001ecb33ea8c8: ; ImmutableOopMap {rax=Oop r8=Oop [216]=Oop }
                      ;*synchronization entry
                      ; - java.util.Optional::ifPresent@-1 (line 177)
                      ; - net.minecraft.client.Minecraft::runTick@565 (line 1213)
  0x000001ecb33ea8c8: 0a06 e94c 

  0x000001ecb33ea8cc: ;   {runtime_call throw_null_pointer_exception Runtime1 stub}
  0x000001ecb33ea8cc: a2ff ffe8 

  0x000001ecb33ea8d0: ; ImmutableOopMap {r8=Oop rax=Oop [216]=Oop }
                      ;*invokeinterface accept {reexecute=0 rethrow=0 return_oop=0}
                      ; - java.util.Optional::ifPresent@12 (line 178)
                      ; - net.minecraft.client.Minecraft::runTick@565 (line 1213)
  0x000001ecb33ea8d0: 2c7b 0a06 

  0x000001ecb33ea8d4: ;   {runtime_call throw_incompatible_class_change_error Runtime1 stub}
  0x000001ecb33ea8d4: e827 b00a 

  0x000001ecb33ea8d8: ; ImmutableOopMap {rdx=Oop rsi=Oop [216]=Oop }
                      ;*invokeinterface popPush {reexecute=0 rethrow=0 return_oop=0}
                      ; - net.minecraft.client.Minecraft::runTick@575 (line 1216)
                      ;   {runtime_call throw_null_pointer_exception Runtime1 stub}
  0x000001ecb33ea8d8: 06e8 227b 

  0x000001ecb33ea8dc: ; ImmutableOopMap {rdx=Oop rsi=Oop [216]=Oop }
                      ;*invokeinterface popPush {reexecute=0 rethrow=0 return_oop=0}
                      ; - net.minecraft.client.Minecraft::runTick@575 (line 1216)
                      ;   {metadata({method} {0x000001ed1d2bf8c8} 'popPush' '(Ljava/lang/String;)V' in 'net/minecraft/util/profiling/InactiveProfiler')}
  0x000001ecb33ea8dc: 0a06 49ba | c0f8 2b1d | ed01 0000 | 4c89 5424 | 0848 c704 | 24ff ffff 

  0x000001ecb33ea8f4: ;   {runtime_call counter_overflow Runtime1 stub}
  0x000001ecb33ea8f4: ffe8 06f6 

  0x000001ecb33ea8f8: ; ImmutableOopMap {rdx=Oop [216]=Oop }
                      ;*synchronization entry
                      ; - net.minecraft.util.profiling.InactiveProfiler::popPush@-1 (line 42)
                      ; - net.minecraft.client.Minecraft::runTick@575 (line 1216)
  0x000001ecb33ea8f8: 0a06 e9a1 

  0x000001ecb33ea8fc: ;   {runtime_call throw_null_pointer_exception Runtime1 stub}
  0x000001ecb33ea8fc: a3ff ffe8 

  0x000001ecb33ea900: ; ImmutableOopMap {rdx=Oop rsi=Oop [216]=Oop [424]=Oop }
                      ;*invokevirtual updateDisplay {reexecute=0 rethrow=0 return_oop=0}
                      ; - net.minecraft.client.Minecraft::runTick@584 (line 1217)
  0x000001ecb33ea900: fc7a 0a06 

  0x000001ecb33ea904: ;   {metadata({method} {0x000001ed1d464910} 'updateDisplay' '()V' in 'com/mojang/blaze3d/platform/Window')}
  0x000001ecb33ea904: 49ba 0849 | 461d ed01 | 0000 4c89 | 5424 0848 | c704 24ff 

  0x000001ecb33ea918: ;   {runtime_call counter_overflow Runtime1 stub}
  0x000001ecb33ea918: ffff ffe8 

  0x000001ecb33ea91c: ; ImmutableOopMap {rdx=Oop rsi=Oop [216]=Oop [424]=Oop }
                      ;*synchronization entry
                      ; - com.mojang.blaze3d.platform.Window::updateDisplay@-1 (line 290)
                      ; - net.minecraft.client.Minecraft::runTick@584 (line 1217)
  0x000001ecb33ea91c: e0f5 0a06 | e9cc a3ff 

  0x000001ecb33ea924: ;   {metadata({method} {0x000001ed1d23f4d0} 'flipFrame' '(J)V' in 'com/mojang/blaze3d/systems/RenderSystem')}
  0x000001ecb33ea924: ff49 bac8 | f423 1ded | 0100 004c | 8954 2408 | 48c7 0424 | ffff ffff 

  0x000001ecb33ea93c: ;   {runtime_call counter_overflow Runtime1 stub}
  0x000001ecb33ea93c: e8bf f50a 

  0x000001ecb33ea940: ; ImmutableOopMap {rdx=Oop rsi=Oop [216]=Oop [424]=Oop }
                      ;*synchronization entry
                      ; - com.mojang.blaze3d.systems.RenderSystem::flipFrame@-1 (line 143)
                      ; - com.mojang.blaze3d.platform.Window::updateDisplay@4 (line 290)
                      ; - net.minecraft.client.Minecraft::runTick@584 (line 1217)
  0x000001ecb33ea940: 06e9 efa3 

  0x000001ecb33ea944: ;   {metadata({method} {0x000001ed1d23f348} 'pollEvents' '()V' in 'com/mojang/blaze3d/systems/RenderSystem')}
  0x000001ecb33ea944: ffff 49ba | 40f3 231d | ed01 0000 | 4c89 5424 | 0848 c704 | 24ff ffff 

  0x000001ecb33ea95c: ;   {runtime_call counter_overflow Runtime1 stub}
  0x000001ecb33ea95c: ffe8 9ef5 

  0x000001ecb33ea960: ; ImmutableOopMap {rdx=Oop rsi=Oop [216]=Oop [424]=Oop }
                      ;*synchronization entry
                      ; - com.mojang.blaze3d.systems.RenderSystem::pollEvents@-1 (line 132)
                      ; - com.mojang.blaze3d.systems.RenderSystem::flipFrame@0 (line 143)
                      ; - com.mojang.blaze3d.platform.Window::updateDisplay@4 (line 290)
                      ; - net.minecraft.client.Minecraft::runTick@584 (line 1217)
  0x000001ecb33ea960: 0a06 e906 

  0x000001ecb33ea964: ;   {metadata({method} {0x000001ed0ce5c088} 'getMillis' '()J' in 'net/minecraft/Util')}
  0x000001ecb33ea964: a4ff ff49 | ba80 c0e5 | 0ced 0100 | 004c 8954 | 2408 48c7 | 0424 ffff 

  0x000001ecb33ea97c: ;   {runtime_call counter_overflow Runtime1 stub}
  0x000001ecb33ea97c: ffff e87d 

  0x000001ecb33ea980: ; ImmutableOopMap {rdx=Oop rsi=Oop [216]=Oop [424]=Oop }
                      ;*synchronization entry
                      ; - net.minecraft.Util::getMillis@-1 (line 134)
                      ; - com.mojang.blaze3d.systems.RenderSystem::pollEvents@3 (line 132)
                      ; - com.mojang.blaze3d.systems.RenderSystem::flipFrame@0 (line 143)
                      ; - com.mojang.blaze3d.platform.Window::updateDisplay@4 (line 290)
                      ; - net.minecraft.client.Minecraft::runTick@584 (line 1217)
  0x000001ecb33ea980: f50a 06e9 | 1da4 ffff 

  0x000001ecb33ea988: ;   {metadata({method} {0x000001ed0ce5c128} 'getNanos' '()J' in 'net/minecraft/Util')}
  0x000001ecb33ea988: 49ba 20c1 | e50c ed01 | 0000 4c89 | 5424 0848 | c704 24ff 

  0x000001ecb33ea99c: ;   {runtime_call counter_overflow Runtime1 stub}
  0x000001ecb33ea99c: ffff ffe8 

  0x000001ecb33ea9a0: ; ImmutableOopMap {rdx=Oop rsi=Oop [216]=Oop [424]=Oop }
                      ;*synchronization entry
                      ; - net.minecraft.Util::getNanos@-1 (line 138)
                      ; - net.minecraft.Util::getMillis@0 (line 134)
                      ; - com.mojang.blaze3d.systems.RenderSystem::pollEvents@3 (line 132)
                      ; - com.mojang.blaze3d.systems.RenderSystem::flipFrame@0 (line 143)
                      ; - com.mojang.blaze3d.platform.Window::updateDisplay@4 (line 290)
                      ; - net.minecraft.client.Minecraft::runTick@584 (line 1217)
  0x000001ecb33ea9a0: 5cf5 0a06 | e934 a4ff 

  0x000001ecb33ea9a8: ;   {runtime_call throw_null_pointer_exception Runtime1 stub}
  0x000001ecb33ea9a8: ffe8 527a 

  0x000001ecb33ea9ac: ; ImmutableOopMap {rdx=Oop rsi=Oop rbx=Oop [216]=Oop [424]=Oop }
                      ;*invokeinterface getAsLong {reexecute=0 rethrow=0 return_oop=0}
                      ; - net.minecraft.Util::getNanos@3 (line 138)
                      ; - net.minecraft.Util::getMillis@0 (line 134)
                      ; - com.mojang.blaze3d.systems.RenderSystem::pollEvents@3 (line 132)
                      ; - com.mojang.blaze3d.systems.RenderSystem::flipFrame@0 (line 143)
                      ; - com.mojang.blaze3d.platform.Window::updateDisplay@4 (line 290)
                      ; - net.minecraft.client.Minecraft::runTick@584 (line 1217)
                      ;   {runtime_call throw_div0_exception Runtime1 stub}
  0x000001ecb33ea9ac: 0a06 e84d 

  0x000001ecb33ea9b0: ; ImmutableOopMap {[216]=Oop [424]=Oop }
                      ;*ldiv {reexecute=0 rethrow=0 return_oop=0}
                      ; - net.minecraft.Util::getMillis@6 (line 134)
                      ; - com.mojang.blaze3d.systems.RenderSystem::pollEvents@3 (line 132)
                      ; - com.mojang.blaze3d.systems.RenderSystem::flipFrame@0 (line 143)
                      ; - com.mojang.blaze3d.platform.Window::updateDisplay@4 (line 290)
                      ; - net.minecraft.client.Minecraft::runTick@584 (line 1217)
                      ;   {metadata({method} {0x000001ed0b9d1400} 'set' '(Z)V' in 'java/util/concurrent/atomic/AtomicBoolean')}
  0x000001ecb33ea9b0: 770a 0649 | baf8 139d | 0bed 0100 | 004c 8954 | 2408 48c7 | 0424 ffff 

  0x000001ecb33ea9c8: ;   {runtime_call counter_overflow Runtime1 stub}
  0x000001ecb33ea9c8: ffff e831 

  0x000001ecb33ea9cc: ; ImmutableOopMap {[216]=Oop [424]=Oop }
                      ;*synchronization entry
                      ; - java.util.concurrent.atomic.AtomicBoolean::set@-1 (line 153)
                      ; - com.mojang.blaze3d.systems.RenderSystem::pollEvents@13 (line 133)
                      ; - com.mojang.blaze3d.systems.RenderSystem::flipFrame@0 (line 143)
                      ; - com.mojang.blaze3d.platform.Window::updateDisplay@4 (line 290)
                      ; - net.minecraft.client.Minecraft::runTick@584 (line 1217)
  0x000001ecb33ea9cc: f50a 06e9 | 73a5 ffff 

  0x000001ecb33ea9d4: ;   {runtime_call throw_null_pointer_exception Runtime1 stub}
  0x000001ecb33ea9d4: e827 7a0a 

  0x000001ecb33ea9d8: ; ImmutableOopMap {[216]=Oop [424]=Oop }
                      ;*putfield value {reexecute=1 rethrow=0 return_oop=0}
                      ; - (reexecute) java.util.concurrent.atomic.AtomicBoolean::set@10 (line 153)
                      ; - com.mojang.blaze3d.systems.RenderSystem::pollEvents@13 (line 133)
                      ; - com.mojang.blaze3d.systems.RenderSystem::flipFrame@0 (line 143)
                      ; - com.mojang.blaze3d.platform.Window::updateDisplay@4 (line 290)
                      ; - net.minecraft.client.Minecraft::runTick@584 (line 1217)
                      ;   {metadata({method} {0x000001ed0bd31f18} 'glfwPollEvents' '()V' in 'org/lwjgl/glfw/GLFW')}
  0x000001ecb33ea9d8: 0649 ba10 | 1fd3 0bed | 0100 004c | 8954 2408 | 48c7 0424 | ffff ffff 

  0x000001ecb33ea9f0: ;   {runtime_call counter_overflow Runtime1 stub}
  0x000001ecb33ea9f0: e80b f50a 

  0x000001ecb33ea9f4: ; ImmutableOopMap {[216]=Oop [424]=Oop }
                      ;*synchronization entry
                      ; - org.lwjgl.glfw.GLFW::glfwPollEvents@-1 (line 3437)
                      ; - com.mojang.blaze3d.systems.RenderSystem::pollEvents@16 (line 134)
                      ; - com.mojang.blaze3d.systems.RenderSystem::flipFrame@0 (line 143)
                      ; - com.mojang.blaze3d.platform.Window::updateDisplay@4 (line 290)
                      ; - net.minecraft.client.Minecraft::runTick@584 (line 1217)
  0x000001ecb33ea9f4: 06e9 bea5 

  0x000001ecb33ea9f8: ;   {metadata({method} {0x000001ed0b9d1400} 'set' '(Z)V' in 'java/util/concurrent/atomic/AtomicBoolean')}
  0x000001ecb33ea9f8: ffff 49ba | f813 9d0b | ed01 0000 | 4c89 5424 | 0848 c704 | 24ff ffff 

  0x000001ecb33eaa10: ;   {runtime_call counter_overflow Runtime1 stub}
  0x000001ecb33eaa10: ffe8 eaf4 

  0x000001ecb33eaa14: ; ImmutableOopMap {[216]=Oop [424]=Oop }
                      ;*synchronization entry
                      ; - java.util.concurrent.atomic.AtomicBoolean::set@-1 (line 153)
                      ; - com.mojang.blaze3d.systems.RenderSystem::pollEvents@23 (line 135)
                      ; - com.mojang.blaze3d.systems.RenderSystem::flipFrame@0 (line 143)
                      ; - com.mojang.blaze3d.platform.Window::updateDisplay@4 (line 290)
                      ; - net.minecraft.client.Minecraft::runTick@584 (line 1217)
  0x000001ecb33eaa14: 0a06 e90c 

  0x000001ecb33eaa18: ;   {metadata({method} {0x000001ed1d247aa8} 'getInstance' '()Lcom/mojang/blaze3d/vertex/Tesselator;' in 'com/mojang/blaze3d/vertex/Tesselator')}
  0x000001ecb33eaa18: a6ff ff49 | baa0 7a24 | 1ded 0100 | 004c 8954 | 2408 48c7 | 0424 ffff 

  0x000001ecb33eaa30: ;   {runtime_call counter_overflow Runtime1 stub}
  0x000001ecb33eaa30: ffff e8c9 

  0x000001ecb33eaa34: ; ImmutableOopMap {[216]=Oop [424]=Oop }
                      ;*synchronization entry
                      ; - com.mojang.blaze3d.vertex.Tesselator::getInstance@-1 (line 23)
                      ; - com.mojang.blaze3d.systems.RenderSystem::flipFrame@6 (line 145)
                      ; - com.mojang.blaze3d.platform.Window::updateDisplay@4 (line 290)
                      ; - net.minecraft.client.Minecraft::runTick@584 (line 1217)
  0x000001ecb33eaa34: f40a 06e9 | 73a6 ffff 

  0x000001ecb33eaa3c: ;   {runtime_call throw_null_pointer_exception Runtime1 stub}
  0x000001ecb33eaa3c: e8bf 790a 

  0x000001ecb33eaa40: ; ImmutableOopMap {r8=Oop [216]=Oop [424]=Oop }
                      ;*invokevirtual clear {reexecute=0 rethrow=0 return_oop=0}
                      ; - com.mojang.blaze3d.systems.RenderSystem::flipFrame@9 (line 145)
                      ; - com.mojang.blaze3d.platform.Window::updateDisplay@4 (line 290)
                      ; - net.minecraft.client.Minecraft::runTick@584 (line 1217)
                      ;   {metadata({method} {0x000001ed1d247da8} 'clear' '()V' in 'com/mojang/blaze3d/vertex/Tesselator')}
  0x000001ecb33eaa40: 0649 baa0 | 7d24 1ded | 0100 004c | 8954 2408 | 48c7 0424 | ffff ffff 

  0x000001ecb33eaa58: ;   {runtime_call counter_overflow Runtime1 stub}
  0x000001ecb33eaa58: e8a3 f40a 

  0x000001ecb33eaa5c: ; ImmutableOopMap {r8=Oop [216]=Oop [424]=Oop }
                      ;*synchronization entry
                      ; - com.mojang.blaze3d.vertex.Tesselator::clear@-1 (line 43)
                      ; - com.mojang.blaze3d.systems.RenderSystem::flipFrame@9 (line 145)
                      ; - com.mojang.blaze3d.platform.Window::updateDisplay@4 (line 290)
                      ; - net.minecraft.client.Minecraft::runTick@584 (line 1217)
  0x000001ecb33eaa5c: 06e9 e4a6 

  0x000001ecb33eaa60: ;   {runtime_call throw_null_pointer_exception Runtime1 stub}
  0x000001ecb33eaa60: ffff e899 

  0x000001ecb33eaa64: ; ImmutableOopMap {rsi=Oop [216]=Oop [424]=Oop [432]=Oop }
                      ;*invokevirtual clear {reexecute=0 rethrow=0 return_oop=0}
                      ; - com.mojang.blaze3d.vertex.Tesselator::clear@4 (line 43)
                      ; - com.mojang.blaze3d.systems.RenderSystem::flipFrame@9 (line 145)
                      ; - com.mojang.blaze3d.platform.Window::updateDisplay@4 (line 290)
                      ; - net.minecraft.client.Minecraft::runTick@584 (line 1217)
                      ;   {metadata({method} {0x000001ed1d248b70} 'clear' '()V' in 'com/mojang/blaze3d/vertex/ByteBufferBuilder')}
  0x000001ecb33eaa64: 790a 0649 | ba68 8b24 | 1ded 0100 | 004c 8954 | 2408 48c7 | 0424 ffff 

  0x000001ecb33eaa7c: ;   {runtime_call counter_overflow Runtime1 stub}
  0x000001ecb33eaa7c: ffff e87d 

  0x000001ecb33eaa80: ; ImmutableOopMap {rsi=Oop [216]=Oop [424]=Oop [432]=Oop }
                      ;*synchronization entry
                      ; - com.mojang.blaze3d.vertex.ByteBufferBuilder::clear@-1 (line 74)
                      ; - com.mojang.blaze3d.vertex.Tesselator::clear@4 (line 43)
                      ; - com.mojang.blaze3d.systems.RenderSystem::flipFrame@9 (line 145)
                      ; - com.mojang.blaze3d.platform.Window::updateDisplay@4 (line 290)
                      ; - net.minecraft.client.Minecraft::runTick@584 (line 1217)
  0x000001ecb33eaa80: f40a 06e9 | 20a7 ffff 

  0x000001ecb33eaa88: ;   {metadata({method} {0x000001ed1d248c40} 'discard' '()V' in 'com/mojang/blaze3d/vertex/ByteBufferBuilder')}
  0x000001ecb33eaa88: 49ba 388c | 241d ed01 | 0000 4c89 | 5424 0848 | c704 24ff 

  0x000001ecb33eaa9c: ;   {runtime_call counter_overflow Runtime1 stub}
  0x000001ecb33eaa9c: ffff ffe8 

  0x000001ecb33eaaa0: ; ImmutableOopMap {rsi=Oop [216]=Oop [424]=Oop [432]=Oop }
                      ;*synchronization entry
                      ; - com.mojang.blaze3d.vertex.ByteBufferBuilder::discard@-1 (line 82)
                      ; - com.mojang.blaze3d.vertex.ByteBufferBuilder::clear@18 (line 78)
                      ; - com.mojang.blaze3d.vertex.Tesselator::clear@4 (line 43)
                      ; - com.mojang.blaze3d.systems.RenderSystem::flipFrame@9 (line 145)
                      ; - com.mojang.blaze3d.platform.Window::updateDisplay@4 (line 290)
                      ; - net.minecraft.client.Minecraft::runTick@584 (line 1217)
  0x000001ecb33eaaa0: 5cf4 0a06 | e9d8 a7ff 

  0x000001ecb33eaaa8: ;   {metadata({method} {0x000001ed1d23f348} 'pollEvents' '()V' in 'com/mojang/blaze3d/systems/RenderSystem')}
  0x000001ecb33eaaa8: ff49 ba40 | f323 1ded | 0100 004c | 8954 2408 | 48c7 0424 | ffff ffff 

  0x000001ecb33eaac0: ;   {runtime_call counter_overflow Runtime1 stub}
  0x000001ecb33eaac0: e83b f40a 

  0x000001ecb33eaac4: ; ImmutableOopMap {[216]=Oop [424]=Oop }
                      ;*synchronization entry
                      ; - com.mojang.blaze3d.systems.RenderSystem::pollEvents@-1 (line 132)
                      ; - com.mojang.blaze3d.systems.RenderSystem::flipFrame@16 (line 147)
                      ; - com.mojang.blaze3d.platform.Window::updateDisplay@4 (line 290)
                      ; - net.minecraft.client.Minecraft::runTick@584 (line 1217)
  0x000001ecb33eaac4: 06e9 bba8 

  0x000001ecb33eaac8: ;   {metadata({method} {0x000001ed0ce5c088} 'getMillis' '()J' in 'net/minecraft/Util')}
  0x000001ecb33eaac8: ffff 49ba | 80c0 e50c | ed01 0000 | 4c89 5424 | 0848 c704 | 24ff ffff 

  0x000001ecb33eaae0: ;   {runtime_call counter_overflow Runtime1 stub}
  0x000001ecb33eaae0: ffe8 1af4 

  0x000001ecb33eaae4: ; ImmutableOopMap {[216]=Oop [424]=Oop }
                      ;*synchronization entry
                      ; - net.minecraft.Util::getMillis@-1 (line 134)
                      ; - com.mojang.blaze3d.systems.RenderSystem::pollEvents@3 (line 132)
                      ; - com.mojang.blaze3d.systems.RenderSystem::flipFrame@16 (line 147)
                      ; - com.mojang.blaze3d.platform.Window::updateDisplay@4 (line 290)
                      ; - net.minecraft.client.Minecraft::runTick@584 (line 1217)
  0x000001ecb33eaae4: 0a06 e9d3 

  0x000001ecb33eaae8: ;   {metadata({method} {0x000001ed0ce5c128} 'getNanos' '()J' in 'net/minecraft/Util')}
  0x000001ecb33eaae8: a8ff ff49 | ba20 c1e5 | 0ced 0100 | 004c 8954 | 2408 48c7 | 0424 ffff 

  0x000001ecb33eab00: ;   {runtime_call counter_overflow Runtime1 stub}
  0x000001ecb33eab00: ffff e8f9 

  0x000001ecb33eab04: ; ImmutableOopMap {[216]=Oop [424]=Oop }
                      ;*synchronization entry
                      ; - net.minecraft.Util::getNanos@-1 (line 138)
                      ; - net.minecraft.Util::getMillis@0 (line 134)
                      ; - com.mojang.blaze3d.systems.RenderSystem::pollEvents@3 (line 132)
                      ; - com.mojang.blaze3d.systems.RenderSystem::flipFrame@16 (line 147)
                      ; - com.mojang.blaze3d.platform.Window::updateDisplay@4 (line 290)
                      ; - net.minecraft.client.Minecraft::runTick@584 (line 1217)
  0x000001ecb33eab04: f30a 06e9 | eba8 ffff 

  0x000001ecb33eab0c: ;   {runtime_call throw_null_pointer_exception Runtime1 stub}
  0x000001ecb33eab0c: e8ef 780a 

  0x000001ecb33eab10: ; ImmutableOopMap {rdx=Oop [216]=Oop [424]=Oop }
                      ;*invokeinterface getAsLong {reexecute=0 rethrow=0 return_oop=0}
                      ; - net.minecraft.Util::getNanos@3 (line 138)
                      ; - net.minecraft.Util::getMillis@0 (line 134)
                      ; - com.mojang.blaze3d.systems.RenderSystem::pollEvents@3 (line 132)
                      ; - com.mojang.blaze3d.systems.RenderSystem::flipFrame@16 (line 147)
                      ; - com.mojang.blaze3d.platform.Window::updateDisplay@4 (line 290)
                      ; - net.minecraft.client.Minecraft::runTick@584 (line 1217)
                      ;   {runtime_call throw_div0_exception Runtime1 stub}
  0x000001ecb33eab10: 06e8 ea75 

  0x000001ecb33eab14: ; ImmutableOopMap {[216]=Oop [424]=Oop }
                      ;*ldiv {reexecute=0 rethrow=0 return_oop=0}
                      ; - net.minecraft.Util::getMillis@6 (line 134)
                      ; - com.mojang.blaze3d.systems.RenderSystem::pollEvents@3 (line 132)
                      ; - com.mojang.blaze3d.systems.RenderSystem::flipFrame@16 (line 147)
                      ; - com.mojang.blaze3d.platform.Window::updateDisplay@4 (line 290)
                      ; - net.minecraft.client.Minecraft::runTick@584 (line 1217)
                      ;   {metadata({method} {0x000001ed0b9d1400} 'set' '(Z)V' in 'java/util/concurrent/atomic/AtomicBoolean')}
  0x000001ecb33eab14: 0a06 49ba | f813 9d0b | ed01 0000 | 4c89 5424 | 0848 c704 | 24ff ffff 

  0x000001ecb33eab2c: ;   {runtime_call counter_overflow Runtime1 stub}
  0x000001ecb33eab2c: ffe8 cef3 

  0x000001ecb33eab30: ; ImmutableOopMap {[216]=Oop [424]=Oop }
                      ;*synchronization entry
                      ; - java.util.concurrent.atomic.AtomicBoolean::set@-1 (line 153)
                      ; - com.mojang.blaze3d.systems.RenderSystem::pollEvents@13 (line 133)
                      ; - com.mojang.blaze3d.systems.RenderSystem::flipFrame@16 (line 147)
                      ; - com.mojang.blaze3d.platform.Window::updateDisplay@4 (line 290)
                      ; - net.minecraft.client.Minecraft::runTick@584 (line 1217)
  0x000001ecb33eab30: 0a06 e928 

  0x000001ecb33eab34: ;   {metadata({method} {0x000001ed0bd31f18} 'glfwPollEvents' '()V' in 'org/lwjgl/glfw/GLFW')}
  0x000001ecb33eab34: aaff ff49 | ba10 1fd3 | 0bed 0100 | 004c 8954 | 2408 48c7 | 0424 ffff 

  0x000001ecb33eab4c: ;   {runtime_call counter_overflow Runtime1 stub}
  0x000001ecb33eab4c: ffff e8ad 

  0x000001ecb33eab50: ; ImmutableOopMap {[216]=Oop [424]=Oop }
                      ;*synchronization entry
                      ; - org.lwjgl.glfw.GLFW::glfwPollEvents@-1 (line 3437)
                      ; - com.mojang.blaze3d.systems.RenderSystem::pollEvents@16 (line 134)
                      ; - com.mojang.blaze3d.systems.RenderSystem::flipFrame@16 (line 147)
                      ; - com.mojang.blaze3d.platform.Window::updateDisplay@4 (line 290)
                      ; - net.minecraft.client.Minecraft::runTick@584 (line 1217)
  0x000001ecb33eab50: f30a 06e9 | 78aa ffff 

  0x000001ecb33eab58: ;   {metadata({method} {0x000001ed0b9d1400} 'set' '(Z)V' in 'java/util/concurrent/atomic/AtomicBoolean')}
  0x000001ecb33eab58: 49ba f813 | 9d0b ed01 | 0000 4c89 | 5424 0848 | c704 24ff 

  0x000001ecb33eab6c: ;   {runtime_call counter_overflow Runtime1 stub}
  0x000001ecb33eab6c: ffff ffe8 

  0x000001ecb33eab70: ; ImmutableOopMap {[216]=Oop [424]=Oop }
                      ;*synchronization entry
                      ; - java.util.concurrent.atomic.AtomicBoolean::set@-1 (line 153)
                      ; - com.mojang.blaze3d.systems.RenderSystem::pollEvents@23 (line 135)
                      ; - com.mojang.blaze3d.systems.RenderSystem::flipFrame@16 (line 147)
                      ; - com.mojang.blaze3d.platform.Window::updateDisplay@4 (line 290)
                      ; - net.minecraft.client.Minecraft::runTick@584 (line 1217)
  0x000001ecb33eab70: 8cf3 0a06 | e9c8 aaff 

  0x000001ecb33eab78: ;   {metadata({method} {0x000001ed0c799280} 'getFramerateLimit' '()I' in 'net/minecraft/client/Minecraft')}
  0x000001ecb33eab78: ff49 ba78 | 9279 0ced | 0100 004c | 8954 2408 | 48c7 0424 | ffff ffff 

  0x000001ecb33eab90: ;   {runtime_call counter_overflow Runtime1 stub}
  0x000001ecb33eab90: e86b f30a 

  0x000001ecb33eab94: ; ImmutableOopMap {rdx=Oop [216]=Oop }
                      ;*synchronization entry
                      ; - net.minecraft.client.Minecraft::getFramerateLimit@-1 (line 1351)
                      ; - net.minecraft.client.Minecraft::runTick@588 (line 1218)
  0x000001ecb33eab94: 06e9 8eab 

  0x000001ecb33eab98: ;   {runtime_call throw_null_pointer_exception Runtime1 stub}
  0x000001ecb33eab98: ffff e861 

  0x000001ecb33eab9c: ; ImmutableOopMap {rdx=Oop rsi=Oop [216]=Oop }
                      ;*invokevirtual getFramerateLimit {reexecute=0 rethrow=0 return_oop=0}
                      ; - net.minecraft.client.Minecraft::getFramerateLimit@25 (line 1351)
                      ; - net.minecraft.client.Minecraft::runTick@588 (line 1218)
                      ;   {runtime_call throw_incompatible_class_change_error Runtime1 stub}
  0x000001ecb33eab9c: 780a 06e8 

  0x000001ecb33eaba0: ; ImmutableOopMap {rdx=Oop rsi=Oop [216]=Oop }
                      ;*invokeinterface popPush {reexecute=0 rethrow=0 return_oop=0}
                      ; - net.minecraft.client.Minecraft::runTick@613 (line 1223)
  0x000001ecb33eaba0: 5cad 0a06 

  0x000001ecb33eaba4: ;   {runtime_call throw_null_pointer_exception Runtime1 stub}
  0x000001ecb33eaba4: e857 780a 

  0x000001ecb33eaba8: ; ImmutableOopMap {rdx=Oop rsi=Oop [216]=Oop }
                      ;*invokeinterface popPush {reexecute=0 rethrow=0 return_oop=0}
                      ; - net.minecraft.client.Minecraft::runTick@613 (line 1223)
                      ;   {metadata({method} {0x000001ed1d2bf8c8} 'popPush' '(Ljava/lang/String;)V' in 'net/minecraft/util/profiling/InactiveProfiler')}
  0x000001ecb33eaba8: 0649 bac0 | f82b 1ded | 0100 004c | 8954 2408 | 48c7 0424 | ffff ffff 

  0x000001ecb33eabc0: ;   {runtime_call counter_overflow Runtime1 stub}
  0x000001ecb33eabc0: e83b f30a 

  0x000001ecb33eabc4: ; ImmutableOopMap {rdx=Oop [216]=Oop }
                      ;*synchronization entry
                      ; - net.minecraft.util.profiling.InactiveProfiler::popPush@-1 (line 42)
                      ; - net.minecraft.client.Minecraft::runTick@613 (line 1223)
  0x000001ecb33eabc4: 06e9 5ead 

  0x000001ecb33eabc8: ;   {metadata({method} {0x000001ecca432a18} 'yield' '()V' in 'java/lang/Thread')}
  0x000001ecb33eabc8: ffff 49ba | 102a 43ca | ec01 0000 | 4c89 5424 | 0848 c704 | 24ff ffff 

  0x000001ecb33eabe0: ;   {runtime_call counter_overflow Runtime1 stub}
  0x000001ecb33eabe0: ffe8 1af3 

  0x000001ecb33eabe4: ; ImmutableOopMap {rdx=Oop [216]=Oop }
                      ;*synchronization entry
                      ; - java.lang.Thread::yield@-1 (line 442)
                      ; - net.minecraft.client.Minecraft::runTick@618 (line 1224)
  0x000001ecb33eabe4: 0a06 e976 | adff ff48 

  0x000001ecb33eabec: ;   {runtime_call throw_class_cast_exception Runtime1 stub}
  0x000001ecb33eabec: 8934 24e8 

  0x000001ecb33eabf0: ; ImmutableOopMap {[216]=Oop }
                      ;*checkcast {reexecute=0 rethrow=0 return_oop=0}
                      ; - java.lang.Thread::yield@12 (line 442)
                      ; - net.minecraft.client.Minecraft::runTick@618 (line 1224)
  0x000001ecb33eabf0: 8ca5 0a06 

  0x000001ecb33eabf4: ;   {runtime_call throw_null_pointer_exception Runtime1 stub}
  0x000001ecb33eabf4: e807 780a 

  0x000001ecb33eabf8: ; ImmutableOopMap {rsi=Oop [216]=Oop }
                      ;*invokevirtual tryYield {reexecute=0 rethrow=0 return_oop=0}
                      ; - java.lang.Thread::yield@17 (line 443)
                      ; - net.minecraft.client.Minecraft::runTick@618 (line 1224)
                      ;   {runtime_call throw_incompatible_class_change_error Runtime1 stub}
  0x000001ecb33eabf8: 06e8 02ad 

  0x000001ecb33eabfc: ; ImmutableOopMap {rdx=Oop rsi=Oop [216]=Oop }
                      ;*invokeinterface pop {reexecute=0 rethrow=0 return_oop=0}
                      ; - net.minecraft.client.Minecraft::runTick@625 (line 1225)
                      ;   {runtime_call throw_null_pointer_exception Runtime1 stub}
  0x000001ecb33eabfc: 0a06 e8fd 

  0x000001ecb33eac00: ; ImmutableOopMap {rdx=Oop rsi=Oop [216]=Oop }
                      ;*invokeinterface pop {reexecute=0 rethrow=0 return_oop=0}
                      ; - net.minecraft.client.Minecraft::runTick@625 (line 1225)
                      ;   {metadata({method} {0x000001ed1d2bf818} 'pop' '()V' in 'net/minecraft/util/profiling/InactiveProfiler')}
  0x000001ecb33eac00: 770a 0649 | ba10 f82b | 1ded 0100 | 004c 8954 | 2408 48c7 | 0424 ffff 

  0x000001ecb33eac18: ;   {runtime_call counter_overflow Runtime1 stub}
  0x000001ecb33eac18: ffff e8e1 

  0x000001ecb33eac1c: ; ImmutableOopMap {rdx=Oop [216]=Oop }
                      ;*synchronization entry
                      ; - net.minecraft.util.profiling.InactiveProfiler::pop@-1 (line 38)
                      ; - net.minecraft.client.Minecraft::runTick@625 (line 1225)
  0x000001ecb33eac1c: f20a 06e9 | dcb0 ffff 

  0x000001ecb33eac24: ;   {runtime_call throw_null_pointer_exception Runtime1 stub}
  0x000001ecb33eac24: e8d7 770a 

  0x000001ecb33eac28: ; ImmutableOopMap {rdx=Oop rsi=Oop [216]=Oop }
                      ;*invokevirtual setErrorSection {reexecute=0 rethrow=0 return_oop=0}
                      ; - net.minecraft.client.Minecraft::runTick@637 (line 1226)
  0x000001ecb33eac28: 068b 7e64 | 48c1 e703 | 4883 ff00 | 0f84 f5b0 | ffff 4889 

  0x000001ecb33eac3c: ;   {runtime_call g1_pre_barrier_slow}
  0x000001ecb33eac3c: 3c24 e83d | fd0a 06e9 | e7b0 ffff | 4883 ff00 | 0f84 0db1 | ffff 4889 

  0x000001ecb33eac54: ;   {runtime_call g1_post_barrier_slow}
  0x000001ecb33eac54: 3424 e825 | 000b 06e9 | ffb0 ffff 

  0x000001ecb33eac60: ;   {metadata({method} {0x000001ed0c79e728} 'hasSingleplayerServer' '()Z' in 'net/minecraft/client/Minecraft')}
  0x000001ecb33eac60: 49ba 20e7 | 790c ed01 | 0000 4c89 | 5424 0848 | c704 24ff 

  0x000001ecb33eac74: ;   {runtime_call counter_overflow Runtime1 stub}
  0x000001ecb33eac74: ffff ffe8 

  0x000001ecb33eac78: ; ImmutableOopMap {rdx=Oop [216]=Oop }
                      ;*synchronization entry
                      ; - net.minecraft.client.Minecraft::hasSingleplayerServer@-1 (line 2492)
                      ; - net.minecraft.client.Minecraft::runTick@651 (line 1228)
  0x000001ecb33eac78: 84f2 0a06 | e933 b1ff 

  0x000001ecb33eac80: ;   {runtime_call throw_null_pointer_exception Runtime1 stub}
  0x000001ecb33eac80: ffe8 7a77 

  0x000001ecb33eac84: ; ImmutableOopMap {rsi=Oop [216]=Oop }
                      ;*invokevirtual isPauseScreen {reexecute=0 rethrow=0 return_oop=0}
                      ; - net.minecraft.client.Minecraft::runTick@668 (line 1229)
                      ;   {runtime_call throw_null_pointer_exception Runtime1 stub}
  0x000001ecb33eac84: 0a06 e875 

  0x000001ecb33eac88: ; ImmutableOopMap {rdx=Oop rsi=Oop [216]=Oop }
                      ;*invokevirtual isPauseScreen {reexecute=0 rethrow=0 return_oop=0}
                      ; - net.minecraft.client.Minecraft::runTick@685 (line 1229)
                      ;   {metadata({method} {0x000001ed0c6efd50} 'isPauseScreen' '()Z' in 'net/minecraft/client/gui/screens/LoadingOverlay')}
  0x000001ecb33eac88: 770a 0649 | ba48 fd6e | 0ced 0100 | 004c 8954 | 2408 48c7 | 0424 ffff 

  0x000001ecb33eaca0: ;   {runtime_call counter_overflow Runtime1 stub}
  0x000001ecb33eaca0: ffff e859 

  0x000001ecb33eaca4: ; ImmutableOopMap {rdx=Oop [216]=Oop }
                      ;*synchronization entry
                      ; - net.minecraft.client.gui.screens.LoadingOverlay::isPauseScreen@-1 (line 163)
                      ; - net.minecraft.client.Minecraft::runTick@685 (line 1229)
  0x000001ecb33eaca4: f20a 06e9 | fdb3 ffff 

  0x000001ecb33eacac: ;   {runtime_call throw_null_pointer_exception Runtime1 stub}
  0x000001ecb33eacac: e84f 770a 

  0x000001ecb33eacb0: ; ImmutableOopMap {rdx=Oop rsi=Oop [216]=Oop }
                      ;*invokevirtual isPublished {reexecute=0 rethrow=0 return_oop=0}
                      ; - net.minecraft.client.Minecraft::runTick@695 (line 1230)
                      ;   {metadata({method} {0x000001ed1e23d788} 'onClientPauseChangePost' '(Z)V' in 'net/neoforged/neoforge/client/ClientHooks')}
  0x000001ecb33eacb0: 0649 ba80 | d723 1eed | 0100 004c | 8954 2408 | 48c7 0424 | ffff ffff 

  0x000001ecb33eacc8: ;   {runtime_call counter_overflow Runtime1 stub}
  0x000001ecb33eacc8: e833 f20a 

  0x000001ecb33eaccc: ; ImmutableOopMap {rdx=Oop [216]=Oop }
                      ;*synchronization entry
                      ; - net.neoforged.neoforge.client.ClientHooks::onClientPauseChangePost@-1 (line 270)
                      ; - net.minecraft.client.Minecraft::runTick@733 (line 1233)
  0x000001ecb33eaccc: 06e9 fcb5 

  0x000001ecb33eacd0: ;   {metadata(nullptr)}
  0x000001ecb33eacd0: ffff 48ba | 0000 0000 | 0000 0000 | b800 0f05 

  0x000001ecb33eace0: ;   {runtime_call load_klass_patching Runtime1 stub}
  0x000001ecb33eace0: 0ae8 1ad3 

  0x000001ecb33eace4: ; ImmutableOopMap {[216]=Oop }
                      ;*new {reexecute=1 rethrow=0 return_oop=0}
                      ; - (reexecute) net.neoforged.neoforge.client.ClientHooks::onClientPauseChangePost@3 (line 270)
                      ; - net.minecraft.client.Minecraft::runTick@733 (line 1233)
  0x000001ecb33eace4: 0a06 e9e5 

  0x000001ecb33eace8: ;   {runtime_call throw_null_pointer_exception Runtime1 stub}
  0x000001ecb33eace8: b5ff ffe8 

  0x000001ecb33eacec: ; ImmutableOopMap {[216]=Oop }
                      ;*new {reexecute=0 rethrow=0 return_oop=0}
                      ; - net.neoforged.neoforge.client.ClientHooks::onClientPauseChangePost@3 (line 270)
                      ; - net.minecraft.client.Minecraft::runTick@733 (line 1233)
  0x000001ecb33eacec: 1077 0a06 

  0x000001ecb33eacf0: ;   {runtime_call fast_new_instance_init_check Runtime1 stub}
  0x000001ecb33eacf0: 488b d2e8 

  0x000001ecb33eacf4: ; ImmutableOopMap {[216]=Oop }
                      ;*new {reexecute=0 rethrow=0 return_oop=0}
                      ; - net.neoforged.neoforge.client.ClientHooks::onClientPauseChangePost@3 (line 270)
                      ; - net.minecraft.client.Minecraft::runTick@733 (line 1233)
  0x000001ecb33eacf4: 888c 0a06 | e92c b6ff 

  0x000001ecb33eacfc: ;   {metadata({method} {0x000001ed1d21c0e8} 'post' '(Lnet/neoforged/bus/api/Event;)Lnet/neoforged/bus/api/Event;' in 'net/neoforged/bus/EventBus')}
  0x000001ecb33eacfc: ff49 bae0 | c021 1ded | 0100 004c | 8954 2408 | 48c7 0424 | ffff ffff 

  0x000001ecb33ead14: ;   {runtime_call counter_overflow Runtime1 stub}
  0x000001ecb33ead14: e8e7 f10a 

  0x000001ecb33ead18: ; ImmutableOopMap {r8=Oop [216]=Oop [448]=Oop }
                      ;*synchronization entry
                      ; - net.neoforged.bus.EventBus::post@-1 (line 310)
                      ; - net.neoforged.neoforge.client.ClientHooks::onClientPauseChangePost@11 (line 270)
                      ; - net.minecraft.client.Minecraft::runTick@733 (line 1233)
  0x000001ecb33ead18: 06e9 95b6 

  0x000001ecb33ead1c: ;   {runtime_call throw_null_pointer_exception Runtime1 stub}
  0x000001ecb33ead1c: ffff e8dd 

  0x000001ecb33ead20: ; ImmutableOopMap {[216]=Oop [448]=Oop }
                      ;*getfield shutdown {reexecute=1 rethrow=0 return_oop=0}
                      ; - (reexecute) net.neoforged.bus.EventBus::post@1 (line 310)
                      ; - net.neoforged.neoforge.client.ClientHooks::onClientPauseChangePost@11 (line 270)
                      ; - net.minecraft.client.Minecraft::runTick@733 (line 1233)
                      ;   {runtime_call throw_null_pointer_exception Runtime1 stub}
  0x000001ecb33ead20: 760a 06e8 

  0x000001ecb33ead24: ; ImmutableOopMap {rax=Oop [216]=Oop [448]=Oop }
                      ;*invokevirtual getListeners {reexecute=0 rethrow=0 return_oop=0}
                      ; - net.neoforged.bus.EventBus::post@24 (line 315)
                      ; - net.neoforged.neoforge.client.ClientHooks::onClientPauseChangePost@11 (line 270)
                      ; - net.minecraft.client.Minecraft::runTick@733 (line 1233)
  0x000001ecb33ead24: d876 0a06 

  0x000001ecb33ead28: ;   {metadata({method} {0x000001ed1da3d8c0} 'getListeners' '()[Lnet/neoforged/bus/api/EventListener;' in 'net/neoforged/bus/ListenerList')}
  0x000001ecb33ead28: 49ba b8d8 | a31d ed01 | 0000 4c89 | 5424 0848 | c704 24ff 

  0x000001ecb33ead3c: ;   {runtime_call counter_overflow Runtime1 stub}
  0x000001ecb33ead3c: ffff ffe8 

  0x000001ecb33ead40: ; ImmutableOopMap {rax=Oop [216]=Oop [448]=Oop }
                      ;*synchronization entry
                      ; - net.neoforged.bus.ListenerList::getListeners@-1 (line 89)
                      ; - net.neoforged.bus.EventBus::post@24 (line 315)
                      ; - net.neoforged.neoforge.client.ClientHooks::onClientPauseChangePost@11 (line 270)
                      ; - net.minecraft.client.Minecraft::runTick@733 (line 1233)
  0x000001ecb33ead40: bcf1 0a06 | e9ab b7ff 

  0x000001ecb33ead48: ;   {runtime_call throw_null_pointer_exception Runtime1 stub}
  0x000001ecb33ead48: ffe8 b276 

  0x000001ecb33ead4c: ; ImmutableOopMap {r8=Oop [216]=Oop [448]=Oop }
                      ;*invokevirtual get {reexecute=0 rethrow=0 return_oop=0}
                      ; - net.neoforged.bus.ListenerList::getListeners@15 (line 90)
                      ; - net.neoforged.bus.EventBus::post@24 (line 315)
                      ; - net.neoforged.neoforge.client.ClientHooks::onClientPauseChangePost@11 (line 270)
                      ; - net.minecraft.client.Minecraft::runTick@733 (line 1233)
  0x000001ecb33ead4c: 0a06 4c89 

  0x000001ecb33ead50: ;   {runtime_call throw_class_cast_exception Runtime1 stub}
  0x000001ecb33ead50: 0424 e829 

  0x000001ecb33ead54: ; ImmutableOopMap {[216]=Oop [448]=Oop }
                      ;*checkcast {reexecute=0 rethrow=0 return_oop=0}
                      ; - net.neoforged.bus.ListenerList::getListeners@18 (line 90)
                      ; - net.neoforged.bus.EventBus::post@24 (line 315)
                      ; - net.neoforged.neoforge.client.ClientHooks::onClientPauseChangePost@11 (line 270)
                      ; - net.minecraft.client.Minecraft::runTick@733 (line 1233)
                      ;   {runtime_call throw_null_pointer_exception Runtime1 stub}
  0x000001ecb33ead54: a40a 06e8 

  0x000001ecb33ead58: ; ImmutableOopMap {rdx=Oop rsi=Oop [216]=Oop }
                      ;*invokevirtual updatePauseState {reexecute=0 rethrow=0 return_oop=0}
                      ; - net.minecraft.client.Minecraft::runTick@744 (line 1235)
  0x000001ecb33ead58: a476 0a06 

  0x000001ecb33ead5c: ;   {metadata({method} {0x000001ed1d2cf1d0} 'updatePauseState' '(Z)V' in 'net/minecraft/client/DeltaTracker$Timer')}
  0x000001ecb33ead5c: 49ba c8f1 | 2c1d ed01 | 0000 4c89 | 5424 0848 | c704 24ff 

  0x000001ecb33ead70: ;   {runtime_call counter_overflow Runtime1 stub}
  0x000001ecb33ead70: ffff ffe8 

  0x000001ecb33ead74: ; ImmutableOopMap {rdx=Oop rsi=Oop [216]=Oop }
                      ;*synchronization entry
                      ; - net.minecraft.client.DeltaTracker$Timer::updatePauseState@-1 (line 81)
                      ; - net.minecraft.client.Minecraft::runTick@744 (line 1235)
  0x000001ecb33ead74: 88f1 0a06 | e9c4 b9ff 

  0x000001ecb33ead7c: ;   {metadata({method} {0x000001ed1d2cf2a0} 'pause' '()V' in 'net/minecraft/client/DeltaTracker$Timer')}
  0x000001ecb33ead7c: ff49 ba98 | f22c 1ded | 0100 004c | 8954 2408 | 48c7 0424 | ffff ffff 

  0x000001ecb33ead94: ;   {runtime_call counter_overflow Runtime1 stub}
  0x000001ecb33ead94: e867 f10a 

  0x000001ecb33ead98: ; ImmutableOopMap {rdx=Oop rsi=Oop [216]=Oop }
                      ;*synchronization entry
                      ; - net.minecraft.client.DeltaTracker$Timer::pause@-1 (line 89)
                      ; - net.minecraft.client.DeltaTracker$Timer::updatePauseState@5 (line 82)
                      ; - net.minecraft.client.Minecraft::runTick@744 (line 1235)
  0x000001ecb33ead98: 06e9 13ba 

  0x000001ecb33ead9c: ;   {metadata({method} {0x000001ed1d2cf370} 'unPause' '()V' in 'net/minecraft/client/DeltaTracker$Timer')}
  0x000001ecb33ead9c: ffff 49ba | 68f3 2c1d | ed01 0000 | 4c89 5424 | 0848 c704 | 24ff ffff 

  0x000001ecb33eadb4: ;   {runtime_call counter_overflow Runtime1 stub}
  0x000001ecb33eadb4: ffe8 46f1 

  0x000001ecb33eadb8: ; ImmutableOopMap {rdx=Oop rsi=Oop [216]=Oop }
                      ;*synchronization entry
                      ; - net.minecraft.client.DeltaTracker$Timer::unPause@-1 (line 97)
                      ; - net.minecraft.client.DeltaTracker$Timer::updatePauseState@12 (line 84)
                      ; - net.minecraft.client.Minecraft::runTick@744 (line 1235)
  0x000001ecb33eadb8: 0a06 e986 

  0x000001ecb33eadbc: ;   {metadata({method} {0x000001ed0c79b5c8} 'isLevelRunningNormally' '()Z' in 'net/minecraft/client/Minecraft')}
  0x000001ecb33eadbc: baff ff49 | bac0 b579 | 0ced 0100 | 004c 8954 | 2408 48c7 | 0424 ffff 

  0x000001ecb33eadd4: ;   {runtime_call counter_overflow Runtime1 stub}
  0x000001ecb33eadd4: ffff e825 

  0x000001ecb33eadd8: ; ImmutableOopMap {rdx=Oop rsi=Oop [216]=Oop }
                      ;*synchronization entry
                      ; - net.minecraft.client.Minecraft::isLevelRunningNormally@-1 (line 1919)
                      ; - net.minecraft.client.Minecraft::runTick@752 (line 1236)
  0x000001ecb33eadd8: f10a 06e9 | f1ba ffff 

  0x000001ecb33eade0: ;   {runtime_call throw_null_pointer_exception Runtime1 stub}
  0x000001ecb33eade0: e81b 760a 

  0x000001ecb33eade4: ; ImmutableOopMap {rdi=Oop [216]=Oop [472]=Oop }
                      ;*invokevirtual tickRateManager {reexecute=0 rethrow=0 return_oop=0}
                      ; - net.minecraft.client.Minecraft::isLevelRunningNormally@11 (line 1919)
                      ; - net.minecraft.client.Minecraft::runTick@752 (line 1236)
                      ;   {runtime_call throw_null_pointer_exception Runtime1 stub}
  0x000001ecb33eade4: 06e8 1676 

  0x000001ecb33eade8: ; ImmutableOopMap {rax=Oop [216]=Oop [472]=Oop }
                      ;*invokevirtual runsNormally {reexecute=0 rethrow=0 return_oop=0}
                      ; - net.minecraft.client.Minecraft::isLevelRunningNormally@14 (line 1919)
                      ; - net.minecraft.client.Minecraft::runTick@752 (line 1236)
                      ;   {runtime_call throw_null_pointer_exception Runtime1 stub}
  0x000001ecb33eade8: 0a06 e811 

  0x000001ecb33eadec: ; ImmutableOopMap {rsi=Oop [216]=Oop }
                      ;*invokevirtual updateFrozenState {reexecute=0 rethrow=0 return_oop=0}
                      ; - net.minecraft.client.Minecraft::runTick@763 (line 1236)
                      ;   {metadata({method} {0x000001ed0ce5c128} 'getNanos' '()J' in 'net/minecraft/Util')}
  0x000001ecb33eadec: 760a 0649 | ba20 c1e5 | 0ced 0100 | 004c 8954 | 2408 48c7 | 0424 ffff 

  0x000001ecb33eae04: ;   {runtime_call counter_overflow Runtime1 stub}
  0x000001ecb33eae04: ffff e8f5 

  0x000001ecb33eae08: ; ImmutableOopMap {[216]=Oop }
                      ;*synchronization entry
                      ; - net.minecraft.Util::getNanos@-1 (line 138)
                      ; - net.minecraft.client.Minecraft::runTick@766 (line 1237)
  0x000001ecb33eae08: f00a 06e9 | 85bd ffff 

  0x000001ecb33eae10: ;   {runtime_call throw_null_pointer_exception Runtime1 stub}
  0x000001ecb33eae10: e8eb 750a 

  0x000001ecb33eae14: ; ImmutableOopMap {rdx=Oop [216]=Oop }
                      ;*invokeinterface getAsLong {reexecute=0 rethrow=0 return_oop=0}
                      ; - net.minecraft.Util::getNanos@3 (line 138)
                      ; - net.minecraft.client.Minecraft::runTick@766 (line 1237)
                      ;   {metadata({method} {0x000001ed0c7b1408} 'getDebugOverlay' '()Lnet/minecraft/client/gui/components/DebugScreenOverlay;' in 'net/minecraft/client/Minecraft')}
  0x000001ecb33eae14: 0649 ba00 | 147b 0ced | 0100 004c | 8954 2408 | 48c7 0424 | ffff ffff 

  0x000001ecb33eae2c: ;   {runtime_call counter_overflow Runtime1 stub}
  0x000001ecb33eae2c: e8cf f00a 

  0x000001ecb33eae30: ; ImmutableOopMap {rdx=Oop [216]=Oop }
                      ;*synchronization entry
                      ; - net.minecraft.client.Minecraft::getDebugOverlay@-1 (line 2847)
                      ; - net.minecraft.client.Minecraft::runTick@792 (line 1243)
  0x000001ecb33eae30: 06e9 ccbe 

  0x000001ecb33eae34: ;   {runtime_call throw_null_pointer_exception Runtime1 stub}
  0x000001ecb33eae34: ffff e8c5 

  0x000001ecb33eae38: ; ImmutableOopMap {rdx=Oop rsi=Oop [216]=Oop }
                      ;*invokevirtual getDebugOverlay {reexecute=0 rethrow=0 return_oop=0}
                      ; - net.minecraft.client.Minecraft::getDebugOverlay@4 (line 2847)
                      ; - net.minecraft.client.Minecraft::runTick@792 (line 1243)
                      ;   {runtime_call throw_null_pointer_exception Runtime1 stub}
  0x000001ecb33eae38: 750a 06e8 

  0x000001ecb33eae3c: ; ImmutableOopMap {rdx=Oop rsi=Oop [216]=Oop }
                      ;*invokevirtual logFrameDuration {reexecute=0 rethrow=0 return_oop=0}
                      ; - net.minecraft.client.Minecraft::runTick@797 (line 1243)
  0x000001ecb33eae3c: c075 0a06 

  0x000001ecb33eae40: ;   {metadata({method} {0x000001ed1e419ac0} 'logFrameDuration' '(J)V' in 'net/minecraft/client/gui/components/DebugScreenOverlay')}
  0x000001ecb33eae40: 49ba b89a | 411e ed01 | 0000 4c89 | 5424 0848 | c704 24ff 

  0x000001ecb33eae54: ;   {runtime_call counter_overflow Runtime1 stub}
  0x000001ecb33eae54: ffff ffe8 

  0x000001ecb33eae58: ; ImmutableOopMap {rdx=Oop rsi=Oop [216]=Oop }
                      ;*synchronization entry
                      ; - net.minecraft.client.gui.components.DebugScreenOverlay::logFrameDuration@-1 (line 648)
                      ; - net.minecraft.client.Minecraft::runTick@797 (line 1243)
  0x000001ecb33eae58: a4f0 0a06 | e92b bfff 

  0x000001ecb33eae60: ;   {runtime_call throw_null_pointer_exception Runtime1 stub}
  0x000001ecb33eae60: ffe8 9a75 

  0x000001ecb33eae64: ; ImmutableOopMap {rdx=Oop rsi=Oop [216]=Oop }
                      ;*invokevirtual logSample {reexecute=0 rethrow=0 return_oop=0}
                      ; - net.minecraft.client.gui.components.DebugScreenOverlay::logFrameDuration@5 (line 648)
                      ; - net.minecraft.client.Minecraft::runTick@797 (line 1243)
                      ;   {metadata({method} {0x000001ed1e41f408} 'logSample' '(J)V' in 'net/minecraft/util/debugchart/AbstractSampleLogger')}
  0x000001ecb33eae64: 0a06 49ba | 00f4 411e | ed01 0000 | 4c89 5424 | 0848 c704 | 24ff ffff 

  0x000001ecb33eae7c: ;   {runtime_call counter_overflow Runtime1 stub}
  0x000001ecb33eae7c: ffe8 7ef0 

  0x000001ecb33eae80: ; ImmutableOopMap {rdx=Oop rsi=Oop [216]=Oop }
                      ;*synchronization entry
                      ; - net.minecraft.util.debugchart.AbstractSampleLogger::logSample@-1 (line 25)
                      ; - net.minecraft.client.gui.components.DebugScreenOverlay::logFrameDuration@5 (line 648)
                      ; - net.minecraft.client.Minecraft::runTick@797 (line 1243)
  0x000001ecb33eae80: 0a06 e9c9 

  0x000001ecb33eae84: ;   {runtime_call throw_null_pointer_exception Runtime1 stub}
  0x000001ecb33eae84: bfff ffe8 

  0x000001ecb33eae88: ; ImmutableOopMap {rdx=Oop rsi=Oop rbx=Oop [216]=Oop }
                      ;*lastore {reexecute=0 rethrow=0 return_oop=0}
                      ; - net.minecraft.util.debugchart.AbstractSampleLogger::logSample@6 (line 25)
                      ; - net.minecraft.client.gui.components.DebugScreenOverlay::logFrameDuration@5 (line 648)
                      ; - net.minecraft.client.Minecraft::runTick@797 (line 1243)
  0x000001ecb33eae88: 7475 0a06 

  0x000001ecb33eae8c: ;   {runtime_call throw_null_pointer_exception Runtime1 stub}
  0x000001ecb33eae8c: e86f 750a 

  0x000001ecb33eae90: ; ImmutableOopMap {rdx=Oop rsi=Oop rbx=Oop [216]=Oop }
                      ;*lastore {reexecute=0 rethrow=0 return_oop=0}
                      ; - net.minecraft.util.debugchart.AbstractSampleLogger::logSample@6 (line 25)
                      ; - net.minecraft.client.gui.components.DebugScreenOverlay::logFrameDuration@5 (line 648)
                      ; - net.minecraft.client.Minecraft::runTick@797 (line 1243)
  0x000001ecb33eae90: 0648 c704 | 2400 0000 | 0048 895c 

  0x000001ecb33eae9c: ;   {runtime_call throw_range_check_failed Runtime1 stub}
  0x000001ecb33eae9c: 2408 e85d 

  0x000001ecb33eaea0: ; ImmutableOopMap {rdx=Oop rsi=Oop rbx=Oop [216]=Oop }
                      ;*lastore {reexecute=0 rethrow=0 return_oop=0}
                      ; - net.minecraft.util.debugchart.AbstractSampleLogger::logSample@6 (line 25)
                      ; - net.minecraft.client.gui.components.DebugScreenOverlay::logFrameDuration@5 (line 648)
                      ; - net.minecraft.client.Minecraft::runTick@797 (line 1243)
                      ;   {runtime_call throw_incompatible_class_change_error Runtime1 stub}
  0x000001ecb33eaea0: 6c0a 06e8 

  0x000001ecb33eaea4: ; ImmutableOopMap {rdx=Oop rsi=Oop [216]=Oop }
                      ;*invokeinterface push {reexecute=0 rethrow=0 return_oop=0}
                      ; - net.minecraft.client.Minecraft::runTick@813 (line 1245)
  0x000001ecb33eaea4: 58aa 0a06 

  0x000001ecb33eaea8: ;   {runtime_call throw_null_pointer_exception Runtime1 stub}
  0x000001ecb33eaea8: e853 750a 

  0x000001ecb33eaeac: ; ImmutableOopMap {rdx=Oop rsi=Oop [216]=Oop }
                      ;*invokeinterface push {reexecute=0 rethrow=0 return_oop=0}
                      ; - net.minecraft.client.Minecraft::runTick@813 (line 1245)
                      ;   {metadata({method} {0x000001ed1d2bf608} 'push' '(Ljava/lang/String;)V' in 'net/minecraft/util/profiling/InactiveProfiler')}
  0x000001ecb33eaeac: 0649 ba00 | f62b 1ded | 0100 004c | 8954 2408 | 48c7 0424 | ffff ffff 

  0x000001ecb33eaec4: ;   {runtime_call counter_overflow Runtime1 stub}
  0x000001ecb33eaec4: e837 f00a 

  0x000001ecb33eaec8: ; ImmutableOopMap {rdx=Oop [216]=Oop }
                      ;*synchronization entry
                      ; - net.minecraft.util.profiling.InactiveProfiler::push@-1 (line 26)
                      ; - net.minecraft.client.Minecraft::runTick@813 (line 1245)
  0x000001ecb33eaec8: 06e9 26c1 

  0x000001ecb33eaecc: ;   {metadata({method} {0x000001ed0ce5c088} 'getMillis' '()J' in 'net/minecraft/Util')}
  0x000001ecb33eaecc: ffff 49ba | 80c0 e50c | ed01 0000 | 4c89 5424 | 0848 c704 | 24ff ffff 

  0x000001ecb33eaee4: ;   {runtime_call counter_overflow Runtime1 stub}
  0x000001ecb33eaee4: ffe8 16f0 

  0x000001ecb33eaee8: ; ImmutableOopMap {[216]=Oop }
                      ;*synchronization entry
                      ; - net.minecraft.Util::getMillis@-1 (line 134)
                      ; - net.minecraft.client.Minecraft::runTick@857 (line 1250)
  0x000001ecb33eaee8: 0a06 e92a 

  0x000001ecb33eaeec: ;   {metadata({method} {0x000001ed0ce5c128} 'getNanos' '()J' in 'net/minecraft/Util')}
  0x000001ecb33eaeec: c2ff ff49 | ba20 c1e5 | 0ced 0100 | 004c 8954 | 2408 48c7 | 0424 ffff 

  0x000001ecb33eaf04: ;   {runtime_call counter_overflow Runtime1 stub}
  0x000001ecb33eaf04: ffff e8f5 

  0x000001ecb33eaf08: ; ImmutableOopMap {[216]=Oop }
                      ;*synchronization entry
                      ; - net.minecraft.Util::getNanos@-1 (line 138)
                      ; - net.minecraft.Util::getMillis@0 (line 134)
                      ; - net.minecraft.client.Minecraft::runTick@857 (line 1250)
  0x000001ecb33eaf08: ef0a 06e9 | 42c2 ffff 

  0x000001ecb33eaf10: ;   {runtime_call throw_null_pointer_exception Runtime1 stub}
  0x000001ecb33eaf10: e8eb 740a 

  0x000001ecb33eaf14: ; ImmutableOopMap {rdi=Oop [216]=Oop }
                      ;*invokeinterface getAsLong {reexecute=0 rethrow=0 return_oop=0}
                      ; - net.minecraft.Util::getNanos@3 (line 138)
                      ; - net.minecraft.Util::getMillis@0 (line 134)
                      ; - net.minecraft.client.Minecraft::runTick@857 (line 1250)
                      ;   {runtime_call throw_div0_exception Runtime1 stub}
  0x000001ecb33eaf14: 06e8 e671 

  0x000001ecb33eaf18: ; ImmutableOopMap {[216]=Oop }
                      ;*ldiv {reexecute=0 rethrow=0 return_oop=0}
                      ; - net.minecraft.Util::getMillis@6 (line 134)
                      ; - net.minecraft.client.Minecraft::runTick@857 (line 1250)
                      ;   {metadata({method} {0x000001ecca459738} 'valueOf' '(Ljava/lang/Object;)Ljava/lang/String;' in 'java/lang/String')}
  0x000001ecb33eaf18: 0a06 49ba | 3097 45ca | ec01 0000 | 4c89 5424 | 0848 c704 | 24ff ffff 

  0x000001ecb33eaf30: ;   {runtime_call counter_overflow Runtime1 stub}
  0x000001ecb33eaf30: ffe8 caef 

  0x000001ecb33eaf34: ; ImmutableOopMap {rdx=Oop [216]=Oop }
                      ;*synchronization entry
                      ; - java.lang.String::valueOf@-1 (line 4454)
                      ; - net.minecraft.client.Minecraft::runTick@895 (line 1253)
  0x000001ecb33eaf34: 0a06 e960 

  0x000001ecb33eaf38: ;   {runtime_call throw_null_pointer_exception Runtime1 stub}
  0x000001ecb33eaf38: c4ff ffe8 

  0x000001ecb33eaf3c: ; ImmutableOopMap {rdx=Oop [216]=Oop }
                      ;*getfield toString {reexecute=1 rethrow=0 return_oop=0}
                      ; - (reexecute) net.minecraft.ChatFormatting::toString@1 (line 101)
                      ; - java.lang.String::valueOf@11 (line 4454)
                      ; - net.minecraft.client.Minecraft::runTick@895 (line 1253)
  0x000001ecb33eaf3c: c074 0a06 | 48be 0000 | 0000 0000 | 0000 b800 

  0x000001ecb33eaf4c: ;   {runtime_call load_appendix_patching Runtime1 stub}
  0x000001ecb33eaf4c: 0f05 0ae8 

  0x000001ecb33eaf50: ; ImmutableOopMap {r8=Oop [216]=Oop }
                      ;*invokedynamic {reexecute=1 rethrow=0 return_oop=0}
                      ; - (reexecute) net.minecraft.client.Minecraft::runTick@898 (line 1253)
  0x000001ecb33eaf50: 2ce3 0a06 | e97f c4ff | ff49 b800 | 0000 0000 | 0000 00b8 | 000f 050a 

  0x000001ecb33eaf68: ;   {runtime_call load_appendix_patching Runtime1 stub}
  0x000001ecb33eaf68: e813 e30a 

  0x000001ecb33eaf6c: ; ImmutableOopMap {[216]=Oop }
                      ;*invokedynamic {reexecute=1 rethrow=0 return_oop=0}
                      ; - (reexecute) net.minecraft.client.Minecraft::runTick@913 (line 1253)
  0x000001ecb33eaf6c: 06e9 e6c4 | ffff 49b8 | 0000 0000 | 0000 0000 | b800 0f05 

  0x000001ecb33eaf80: ;   {runtime_call load_appendix_patching Runtime1 stub}
  0x000001ecb33eaf80: 0ae8 fae2 

  0x000001ecb33eaf84: ; ImmutableOopMap {rax=Oop [216]=Oop }
                      ;*invokedynamic {reexecute=1 rethrow=0 return_oop=0}
                      ; - (reexecute) net.minecraft.client.Minecraft::runTick@918 (line 1253)
  0x000001ecb33eaf84: 0a06 e90d 

  0x000001ecb33eaf88: ;   {runtime_call new_object_array Runtime1 stub}
  0x000001ecb33eaf88: c5ff ffe8 

  0x000001ecb33eaf8c: ; ImmutableOopMap {r8=Oop r9=Oop r11=Oop [216]=Oop }
                      ;*anewarray {reexecute=0 rethrow=0 return_oop=0}
                      ; - net.minecraft.client.Minecraft::runTick@949 (line 1259)
  0x000001ecb33eaf8c: f08f 0a06 | e911 c6ff 

  0x000001ecb33eaf94: ;   {metadata({method} {0x000001ecca41aee0} 'valueOf' '(I)Ljava/lang/Integer;' in 'java/lang/Integer')}
  0x000001ecb33eaf94: ff49 bad8 | ae41 caec | 0100 004c | 8954 2408 | 48c7 0424 | ffff ffff 

  0x000001ecb33eafac: ;   {runtime_call counter_overflow Runtime1 stub}
  0x000001ecb33eafac: e84f ef0a 

  0x000001ecb33eafb0: ; ImmutableOopMap {r8=Oop r11=Oop rax=Oop [216]=Oop }
                      ;*synchronization entry
                      ; - java.lang.Integer::valueOf@-1 (line 1071)
                      ; - net.minecraft.client.Minecraft::runTick@957 (line 1262)
  0x000001ecb33eafb0: 06e9 30c6 | ffff 488b 

  0x000001ecb33eafb8: ;   {runtime_call fast_new_instance Runtime1 stub}
  0x000001ecb33eafb8: d2e8 c286 

  0x000001ecb33eafbc: ; ImmutableOopMap {r8=Oop r11=Oop r9=Oop [216]=Oop }
                      ;*new {reexecute=0 rethrow=0 return_oop=0}
                      ; - java.lang.Integer::valueOf@23 (line 1073)
                      ; - net.minecraft.client.Minecraft::runTick@957 (line 1262)
  0x000001ecb33eafbc: 0a06 e9dc 

  0x000001ecb33eafc0: ;   {metadata({method} {0x000001ecca41b670} '<init>' '(I)V' in 'java/lang/Integer')}
  0x000001ecb33eafc0: c6ff ff49 | ba68 b641 | caec 0100 | 004c 8954 | 2408 48c7 | 0424 ffff 

  0x000001ecb33eafd8: ;   {runtime_call counter_overflow Runtime1 stub}
  0x000001ecb33eafd8: ffff e821 

  0x000001ecb33eafdc: ; ImmutableOopMap {r8=Oop r11=Oop r9=Oop rax=Oop [216]=Oop }
                      ;*synchronization entry
                      ; - java.lang.Integer::<init>@-1 (line 1096)
                      ; - java.lang.Integer::valueOf@28 (line 1073)
                      ; - net.minecraft.client.Minecraft::runTick@957 (line 1262)
  0x000001ecb33eafdc: ef0a 06e9 | f7c6 ffff 

  0x000001ecb33eafe4: ;   {metadata({method} {0x000001ecca41c218} '<init>' '()V' in 'java/lang/Number')}
  0x000001ecb33eafe4: 49ba 10c2 | 41ca ec01 | 0000 4c89 | 5424 0848 | c704 24ff 

  0x000001ecb33eaff8: ;   {runtime_call counter_overflow Runtime1 stub}
  0x000001ecb33eaff8: ffff ffe8 

  0x000001ecb33eaffc: ; ImmutableOopMap {r8=Oop r11=Oop r9=Oop rax=Oop [216]=Oop }
                      ;*synchronization entry
                      ; - java.lang.Number::<init>@-1 (line 59)
                      ; - java.lang.Integer::<init>@1 (line 1096)
                      ; - java.lang.Integer::valueOf@28 (line 1073)
                      ; - net.minecraft.client.Minecraft::runTick@957 (line 1262)
  0x000001ecb33eaffc: 00ef 0a06 | e912 c7ff 

  0x000001ecb33eb004: ;   {metadata({method} {0x000001ecca479298} '<init>' '()V' in 'java/lang/Object')}
  0x000001ecb33eb004: ff49 ba90 | 9247 caec | 0100 004c | 8954 2408 | 48c7 0424 | ffff ffff 

  0x000001ecb33eb01c: ;   {runtime_call counter_overflow Runtime1 stub}
  0x000001ecb33eb01c: e8df ee0a 

  0x000001ecb33eb020: ; ImmutableOopMap {r8=Oop r11=Oop r9=Oop rax=Oop [216]=Oop }
                      ;*synchronization entry
                      ; - java.lang.Object::<init>@-1 (line 45)
                      ; - java.lang.Number::<init>@1 (line 59)
                      ; - java.lang.Integer::<init>@1 (line 1096)
                      ; - java.lang.Integer::valueOf@28 (line 1073)
                      ; - net.minecraft.client.Minecraft::runTick@957 (line 1262)
  0x000001ecb33eb020: 06e9 2dc7 

  0x000001ecb33eb024: ;   {runtime_call throw_null_pointer_exception Runtime1 stub}
  0x000001ecb33eb024: ffff e8d5 

  0x000001ecb33eb028: ; ImmutableOopMap {r8=Oop r11=Oop r9=Oop [216]=Oop }
                      ;*aaload {reexecute=0 rethrow=0 return_oop=0}
                      ; - java.lang.Integer::valueOf@21 (line 1072)
                      ; - net.minecraft.client.Minecraft::runTick@957 (line 1262)
                      ;   {runtime_call throw_null_pointer_exception Runtime1 stub}
  0x000001ecb33eb028: 730a 06e8 

  0x000001ecb33eb02c: ; ImmutableOopMap {r8=Oop r11=Oop r9=Oop rax=Oop [216]=Oop }
                      ;*aastore {reexecute=1 rethrow=0 return_oop=0}
                      ; - (reexecute) net.minecraft.client.Minecraft::runTick@960 (line 1262)
  0x000001ecb33eb02c: d073 0a06 | 4889 0424 

  0x000001ecb33eb034: ;   {runtime_call throw_array_store_exception Runtime1 stub}
  0x000001ecb33eb034: e847 9e0a 

  0x000001ecb33eb038: ; ImmutableOopMap {r8=Oop r11=Oop r9=Oop rax=Oop [216]=Oop }
                      ;*aastore {reexecute=1 rethrow=0 return_oop=0}
                      ; - (reexecute) net.minecraft.client.Minecraft::runTick@960 (line 1262)
  0x000001ecb33eb038: 068b 3a48 | c1e7 0348 | 83ff 000f | 845f c8ff | ff48 893c 

  0x000001ecb33eb04c: ;   {runtime_call g1_pre_barrier_slow}
  0x000001ecb33eb04c: 24e8 2ef9 | 0a06 e951 | c8ff ff48 | 83f8 000f | 8465 c8ff | ff48 8914 

  0x000001ecb33eb064: ;   {runtime_call g1_post_barrier_slow}
  0x000001ecb33eb064: 24e8 16fc | 0a06 e957 

  0x000001ecb33eb06c: ;   {metadata({method} {0x000001ecca41aee0} 'valueOf' '(I)Ljava/lang/Integer;' in 'java/lang/Integer')}
  0x000001ecb33eb06c: c8ff ff49 | bad8 ae41 | caec 0100 | 004c 8954 | 2408 48c7 | 0424 ffff 

  0x000001ecb33eb084: ;   {runtime_call counter_overflow Runtime1 stub}
  0x000001ecb33eb084: ffff e875 

  0x000001ecb33eb088: ; ImmutableOopMap {r8=Oop r11=Oop r9=Oop [216]=Oop }
                      ;*synchronization entry
                      ; - java.lang.Integer::valueOf@-1 (line 1071)
                      ; - net.minecraft.client.Minecraft::runTick@979 (line 1263)
  0x000001ecb33eb088: ee0a 06e9 | c9c8 ffff 

  0x000001ecb33eb090: ;   {runtime_call fast_new_instance Runtime1 stub}
  0x000001ecb33eb090: 488b d2e8 

  0x000001ecb33eb094: ; ImmutableOopMap {r8=Oop r11=Oop r9=Oop [216]=Oop }
                      ;*new {reexecute=0 rethrow=0 return_oop=0}
                      ; - java.lang.Integer::valueOf@23 (line 1073)
                      ; - net.minecraft.client.Minecraft::runTick@979 (line 1263)
  0x000001ecb33eb094: e885 0a06 | e975 c9ff 

  0x000001ecb33eb09c: ;   {metadata({method} {0x000001ecca41b670} '<init>' '(I)V' in 'java/lang/Integer')}
  0x000001ecb33eb09c: ff49 ba68 | b641 caec | 0100 004c | 8954 2408 | 48c7 0424 | ffff ffff 

  0x000001ecb33eb0b4: ;   {runtime_call counter_overflow Runtime1 stub}
  0x000001ecb33eb0b4: e847 ee0a 

  0x000001ecb33eb0b8: ; ImmutableOopMap {r8=Oop r11=Oop r9=Oop rax=Oop [216]=Oop }
                      ;*synchronization entry
                      ; - java.lang.Integer::<init>@-1 (line 1096)
                      ; - java.lang.Integer::valueOf@28 (line 1073)
                      ; - net.minecraft.client.Minecraft::runTick@979 (line 1263)
  0x000001ecb33eb0b8: 06e9 90c9 

  0x000001ecb33eb0bc: ;   {metadata({method} {0x000001ecca41c218} '<init>' '()V' in 'java/lang/Number')}
  0x000001ecb33eb0bc: ffff 49ba | 10c2 41ca | ec01 0000 | 4c89 5424 | 0848 c704 | 24ff ffff 

  0x000001ecb33eb0d4: ;   {runtime_call counter_overflow Runtime1 stub}
  0x000001ecb33eb0d4: ffe8 26ee 

  0x000001ecb33eb0d8: ; ImmutableOopMap {r8=Oop r11=Oop r9=Oop rax=Oop [216]=Oop }
                      ;*synchronization entry
                      ; - java.lang.Number::<init>@-1 (line 59)
                      ; - java.lang.Integer::<init>@1 (line 1096)
                      ; - java.lang.Integer::valueOf@28 (line 1073)
                      ; - net.minecraft.client.Minecraft::runTick@979 (line 1263)
  0x000001ecb33eb0d8: 0a06 e9ab 

  0x000001ecb33eb0dc: ;   {metadata({method} {0x000001ecca479298} '<init>' '()V' in 'java/lang/Object')}
  0x000001ecb33eb0dc: c9ff ff49 | ba90 9247 | caec 0100 | 004c 8954 | 2408 48c7 | 0424 ffff 

  0x000001ecb33eb0f4: ;   {runtime_call counter_overflow Runtime1 stub}
  0x000001ecb33eb0f4: ffff e805 

  0x000001ecb33eb0f8: ; ImmutableOopMap {r8=Oop r11=Oop r9=Oop rax=Oop [216]=Oop }
                      ;*synchronization entry
                      ; - java.lang.Object::<init>@-1 (line 45)
                      ; - java.lang.Number::<init>@1 (line 59)
                      ; - java.lang.Integer::<init>@1 (line 1096)
                      ; - java.lang.Integer::valueOf@28 (line 1073)
                      ; - net.minecraft.client.Minecraft::runTick@979 (line 1263)
  0x000001ecb33eb0f8: ee0a 06e9 | c6c9 ffff 

  0x000001ecb33eb100: ;   {runtime_call throw_null_pointer_exception Runtime1 stub}
  0x000001ecb33eb100: e8fb 720a 

  0x000001ecb33eb104: ; ImmutableOopMap {r8=Oop r11=Oop r9=Oop [216]=Oop }
                      ;*aaload {reexecute=0 rethrow=0 return_oop=0}
                      ; - java.lang.Integer::valueOf@21 (line 1072)
                      ; - net.minecraft.client.Minecraft::runTick@979 (line 1263)
                      ;   {runtime_call throw_null_pointer_exception Runtime1 stub}
  0x000001ecb33eb104: 06e8 f672 

  0x000001ecb33eb108: ; ImmutableOopMap {r8=Oop r11=Oop r9=Oop rbx=Oop [216]=Oop }
                      ;*aastore {reexecute=1 rethrow=0 return_oop=0}
                      ; - (reexecute) net.minecraft.client.Minecraft::runTick@982 (line 1263)
  0x000001ecb33eb108: 0a06 4889 

  0x000001ecb33eb10c: ;   {runtime_call throw_array_store_exception Runtime1 stub}
  0x000001ecb33eb10c: 1c24 e86d 

  0x000001ecb33eb110: ; ImmutableOopMap {r8=Oop r11=Oop r9=Oop rbx=Oop [216]=Oop }
                      ;*aastore {reexecute=1 rethrow=0 return_oop=0}
                      ; - (reexecute) net.minecraft.client.Minecraft::runTick@982 (line 1263)
  0x000001ecb33eb110: 9d0a 068b | 3248 c1e6 | 0348 83fe | 000f 84f8 | caff ff48 

  0x000001ecb33eb124: ;   {runtime_call g1_pre_barrier_slow}
  0x000001ecb33eb124: 8934 24e8 | 54f8 0a06 | e9ea caff | ff48 83fb | 000f 84fe | caff ff48 

  0x000001ecb33eb13c: ;   {runtime_call g1_post_barrier_slow}
  0x000001ecb33eb13c: 8914 24e8 | 3cfb 0a06 | e9f0 caff 

  0x000001ecb33eb148: ;   {runtime_call throw_null_pointer_exception Runtime1 stub}
  0x000001ecb33eb148: ffe8 b272 

  0x000001ecb33eb14c: ; ImmutableOopMap {r8=Oop r11=Oop r9=Oop rdx=Oop [216]=Oop }
                      ;*invokevirtual enableVsync {reexecute=0 rethrow=0 return_oop=0}
                      ; - net.minecraft.client.Minecraft::runTick@989 (line 1264)
                      ;   {runtime_call throw_null_pointer_exception Runtime1 stub}
  0x000001ecb33eb14c: 0a06 e8ad 

  0x000001ecb33eb150: ; ImmutableOopMap {r8=Oop r11=Oop r9=Oop rdx=Oop rsi=Oop [216]=Oop }
                      ;*invokevirtual get {reexecute=0 rethrow=0 return_oop=0}
                      ; - net.minecraft.client.Minecraft::runTick@992 (line 1264)
  0x000001ecb33eb150: 720a 0648 

  0x000001ecb33eb154: ;   {runtime_call throw_class_cast_exception Runtime1 stub}
  0x000001ecb33eb154: 8934 24e8 

  0x000001ecb33eb158: ; ImmutableOopMap {r8=Oop r11=Oop r9=Oop rdx=Oop [216]=Oop }
                      ;*checkcast {reexecute=0 rethrow=0 return_oop=0}
                      ; - net.minecraft.client.Minecraft::runTick@995 (line 1264)
  0x000001ecb33eb158: 24a0 0a06 

  0x000001ecb33eb15c: ;   {runtime_call throw_null_pointer_exception Runtime1 stub}
  0x000001ecb33eb15c: e89f 720a 

  0x000001ecb33eb160: ; ImmutableOopMap {r8=Oop r11=Oop r9=Oop rdx=Oop rsi=Oop [216]=Oop }
                      ;*invokevirtual booleanValue {reexecute=0 rethrow=0 return_oop=0}
                      ; - net.minecraft.client.Minecraft::runTick@998 (line 1264)
                      ;   {runtime_call throw_null_pointer_exception Runtime1 stub}
  0x000001ecb33eb160: 06e8 9a72 

  0x000001ecb33eb164: ; ImmutableOopMap {r8=Oop r11=Oop r9=Oop rdx=Oop rsi=Oop [216]=Oop }
                      ;*aastore {reexecute=1 rethrow=0 return_oop=0}
                      ; - (reexecute) net.minecraft.client.Minecraft::runTick@1013 (line 1264)
  0x000001ecb33eb164: 0a06 4889 

  0x000001ecb33eb168: ;   {runtime_call throw_array_store_exception Runtime1 stub}
  0x000001ecb33eb168: 3424 e811 

  0x000001ecb33eb16c: ; ImmutableOopMap {r8=Oop r11=Oop r9=Oop rdx=Oop rsi=Oop [216]=Oop }
                      ;*aastore {reexecute=1 rethrow=0 return_oop=0}
                      ; - (reexecute) net.minecraft.client.Minecraft::runTick@1013 (line 1264)
  0x000001ecb33eb16c: 9d0a 068b | 0748 c1e0 | 0348 83f8 | 000f 849f | cdff ff48 

  0x000001ecb33eb180: ;   {runtime_call g1_pre_barrier_slow}
  0x000001ecb33eb180: 8904 24e8 | f8f7 0a06 | e991 cdff | ff48 83fe | 000f 84a5 | cdff ff48 

  0x000001ecb33eb198: ;   {runtime_call g1_post_barrier_slow}
  0x000001ecb33eb198: 893c 24e8 | e0fa 0a06 | e997 cdff 

  0x000001ecb33eb1a4: ;   {runtime_call throw_null_pointer_exception Runtime1 stub}
  0x000001ecb33eb1a4: ffe8 5672 

  0x000001ecb33eb1a8: ; ImmutableOopMap {r8=Oop r11=Oop r9=Oop rdx=Oop rsi=Oop [216]=Oop }
                      ;*invokevirtual get {reexecute=0 rethrow=0 return_oop=0}
                      ; - net.minecraft.client.Minecraft::runTick@1023 (line 1265)
                      ;   {runtime_call throw_null_pointer_exception Runtime1 stub}
  0x000001ecb33eb1a8: 0a06 e851 

  0x000001ecb33eb1ac: ; ImmutableOopMap {r8=Oop r11=Oop r9=Oop rdx=Oop rsi=Oop [216]=Oop }
                      ;*aastore {reexecute=1 rethrow=0 return_oop=0}
                      ; - (reexecute) net.minecraft.client.Minecraft::runTick@1026 (line 1265)
  0x000001ecb33eb1ac: 720a 0648 

  0x000001ecb33eb1b0: ;   {runtime_call throw_array_store_exception Runtime1 stub}
  0x000001ecb33eb1b0: 8934 24e8 

  0x000001ecb33eb1b4: ; ImmutableOopMap {r8=Oop r11=Oop r9=Oop rdx=Oop rsi=Oop [216]=Oop }
                      ;*aastore {reexecute=1 rethrow=0 return_oop=0}
                      ; - (reexecute) net.minecraft.client.Minecraft::runTick@1026 (line 1265)
  0x000001ecb33eb1b4: c89c 0a06 | 8b07 48c1 | e003 4883 | f800 0f84 | e5ce ffff | 4889 0424 

  0x000001ecb33eb1cc: ;   {runtime_call g1_pre_barrier_slow}
  0x000001ecb33eb1cc: e8af f70a | 06e9 d7ce | ffff 4883 | fe00 0f84 | ebce ffff | 4889 3c24 

  0x000001ecb33eb1e4: ;   {runtime_call g1_post_barrier_slow}
  0x000001ecb33eb1e4: e897 fa0a | 06e9 ddce 

  0x000001ecb33eb1ec: ;   {runtime_call throw_null_pointer_exception Runtime1 stub}
  0x000001ecb33eb1ec: ffff e80d 

  0x000001ecb33eb1f0: ; ImmutableOopMap {r8=Oop r11=Oop r9=Oop rdx=Oop rsi=Oop [216]=Oop }
                      ;*invokevirtual get {reexecute=0 rethrow=0 return_oop=0}
                      ; - net.minecraft.client.Minecraft::runTick@1036 (line 1266)
                      ;   {runtime_call throw_null_pointer_exception Runtime1 stub}
  0x000001ecb33eb1f0: 720a 06e8 

  0x000001ecb33eb1f4: ; ImmutableOopMap {r8=Oop r9=Oop rdx=Oop rsi=Oop [216]=Oop }
                      ;*aastore {reexecute=1 rethrow=0 return_oop=0}
                      ; - (reexecute) net.minecraft.client.Minecraft::runTick@1076 (line 1268)
  0x000001ecb33eb1f4: 0872 0a06 | 4889 3424 

  0x000001ecb33eb1fc: ;   {runtime_call throw_array_store_exception Runtime1 stub}
  0x000001ecb33eb1fc: e87f 9c0a 

  0x000001ecb33eb200: ; ImmutableOopMap {r8=Oop r9=Oop rdx=Oop rsi=Oop [216]=Oop }
                      ;*aastore {reexecute=1 rethrow=0 return_oop=0}
                      ; - (reexecute) net.minecraft.client.Minecraft::runTick@1076 (line 1268)
  0x000001ecb33eb200: 068b 0748 | c1e0 0348 | 83f8 000f | 8431 d1ff | ff48 8904 

  0x000001ecb33eb214: ;   {runtime_call g1_pre_barrier_slow}
  0x000001ecb33eb214: 24e8 66f7 | 0a06 e923 | d1ff ff48 | 83fe 000f | 8437 d1ff | ff48 893c 

  0x000001ecb33eb22c: ;   {runtime_call g1_post_barrier_slow}
  0x000001ecb33eb22c: 24e8 4efa | 0a06 e929 

  0x000001ecb33eb234: ;   {runtime_call throw_null_pointer_exception Runtime1 stub}
  0x000001ecb33eb234: d1ff ffe8 

  0x000001ecb33eb238: ; ImmutableOopMap {r8=Oop r9=Oop rdx=Oop [216]=Oop }
                      ;*invokevirtual get {reexecute=0 rethrow=0 return_oop=0}
                      ; - net.minecraft.client.Minecraft::runTick@1086 (line 1269)
  0x000001ecb33eb238: c471 0a06 

  0x000001ecb33eb23c: ;   {runtime_call throw_null_pointer_exception Runtime1 stub}
  0x000001ecb33eb23c: e8bf 710a 

  0x000001ecb33eb240: ; ImmutableOopMap {r8=Oop r9=Oop rdx=Oop [216]=Oop }
                      ;*aastore {reexecute=1 rethrow=0 return_oop=0}
                      ; - (reexecute) net.minecraft.client.Minecraft::runTick@1089 (line 1269)
  0x000001ecb33eb240: 0648 8914 

  0x000001ecb33eb244: ;   {runtime_call throw_array_store_exception Runtime1 stub}
  0x000001ecb33eb244: 24e8 369c 

  0x000001ecb33eb248: ; ImmutableOopMap {r8=Oop r9=Oop rdx=Oop [216]=Oop }
                      ;*aastore {reexecute=1 rethrow=0 return_oop=0}
                      ; - (reexecute) net.minecraft.client.Minecraft::runTick@1089 (line 1269)
  0x000001ecb33eb248: 0a06 8b3e | 48c1 e703 | 4883 ff00 | 0f84 7ad2 | ffff 4889 

  0x000001ecb33eb25c: ;   {runtime_call g1_pre_barrier_slow}
  0x000001ecb33eb25c: 3c24 e81d | f70a 06e9 | 6cd2 ffff | 4883 fa00 | 0f84 80d2 | ffff 4889 

  0x000001ecb33eb274: ;   {runtime_call g1_post_barrier_slow}
  0x000001ecb33eb274: 3424 e805 | fa0a 06e9 | 72d2 ffff 

  0x000001ecb33eb280: ;   {runtime_call throw_null_pointer_exception Runtime1 stub}
  0x000001ecb33eb280: e87b 710a 

  0x000001ecb33eb284: ; ImmutableOopMap {r8=Oop r9=Oop [216]=Oop }
                      ;*aastore {reexecute=1 rethrow=0 return_oop=0}
                      ; - (reexecute) net.minecraft.client.Minecraft::runTick@1095 (line 1269)
  0x000001ecb33eb284: 064c 8904 

  0x000001ecb33eb288: ;   {runtime_call throw_array_store_exception Runtime1 stub}
  0x000001ecb33eb288: 24e8 f29b 

  0x000001ecb33eb28c: ; ImmutableOopMap {r8=Oop r9=Oop [216]=Oop }
                      ;*aastore {reexecute=1 rethrow=0 return_oop=0}
                      ; - (reexecute) net.minecraft.client.Minecraft::runTick@1095 (line 1269)
  0x000001ecb33eb28c: 0a06 8b32 | 48c1 e603 | 4883 fe00 | 0f84 7bd3 | ffff 4889 

  0x000001ecb33eb2a0: ;   {runtime_call g1_pre_barrier_slow}
  0x000001ecb33eb2a0: 3424 e8d9 | f60a 06e9 | 6dd3 ffff | 4983 f800 | 0f84 81d3 | ffff 4889 

  0x000001ecb33eb2b8: ;   {runtime_call g1_post_barrier_slow}
  0x000001ecb33eb2b8: 1424 e8c1 | f90a 06e9 | 73d3 ffff 

  0x000001ecb33eb2c4: ;   {metadata({method} {0x000001ecca457638} 'format' '(Ljava/util/Locale;Ljava/lang/String;[Ljava/lang/Object;)Ljava/lang/String;' in 'java/lang/String')}
  0x000001ecb33eb2c4: 49ba 3076 | 45ca ec01 | 0000 4c89 | 5424 0848 | c704 24ff 

  0x000001ecb33eb2d8: ;   {runtime_call counter_overflow Runtime1 stub}
  0x000001ecb33eb2d8: ffff ffe8 

  0x000001ecb33eb2dc: ; ImmutableOopMap {r9=Oop [216]=Oop }
                      ;*synchronization entry
                      ; - java.lang.String::format@-1 (line 4420)
                      ; - net.minecraft.client.Minecraft::runTick@1096 (line 1259)
  0x000001ecb33eb2dc: 20ec 0a06 | e98b d3ff | ff48 8bd2 

  0x000001ecb33eb2e8: ;   {runtime_call fast_new_instance Runtime1 stub}
  0x000001ecb33eb2e8: e893 830a 

  0x000001ecb33eb2ec: ; ImmutableOopMap {r9=Oop [216]=Oop }
                      ;*new {reexecute=0 rethrow=0 return_oop=0}
                      ; - java.lang.String::format@0 (line 4420)
                      ; - net.minecraft.client.Minecraft::runTick@1096 (line 1259)
  0x000001ecb33eb2ec: 06e9 ced3 

  0x000001ecb33eb2f0: ;   {metadata({method} {0x000001ecca0e9048} '<init>' '(Ljava/util/Locale;)V' in 'java/util/Formatter')}
  0x000001ecb33eb2f0: ffff 49ba | 4090 0eca | ec01 0000 | 4c89 5424 | 0848 c704 | 24ff ffff 

  0x000001ecb33eb308: ;   {runtime_call counter_overflow Runtime1 stub}
  0x000001ecb33eb308: ffe8 f2eb 

  0x000001ecb33eb30c: ; ImmutableOopMap {r9=Oop rax=Oop [216]=Oop }
                      ;*synchronization entry
                      ; - java.util.Formatter::<init>@-1 (line 2139)
                      ; - java.lang.String::format@5 (line 4420)
                      ; - net.minecraft.client.Minecraft::runTick@1096 (line 1259)
  0x000001ecb33eb30c: 0a06 e9e9 | d3ff ff48 

  0x000001ecb33eb314: ;   {runtime_call fast_new_instance Runtime1 stub}
  0x000001ecb33eb314: 8bd2 e865 

  0x000001ecb33eb318: ; ImmutableOopMap {r9=Oop [216]=Oop [496]=Oop }
                      ;*new {reexecute=0 rethrow=0 return_oop=0}
                      ; - java.util.Formatter::<init>@2 (line 2139)
                      ; - java.lang.String::format@5 (line 4420)
                      ; - net.minecraft.client.Minecraft::runTick@1096 (line 1259)
  0x000001ecb33eb318: 830a 06e9 | 34d4 ffff 

  0x000001ecb33eb320: ;   {metadata({method} {0x000001ecca4661d0} '<init>' '()V' in 'java/lang/StringBuilder')}
  0x000001ecb33eb320: 49ba c861 | 46ca ec01 | 0000 4c89 | 5424 0848 | c704 24ff 

  0x000001ecb33eb334: ;   {runtime_call counter_overflow Runtime1 stub}
  0x000001ecb33eb334: ffff ffe8 

  0x000001ecb33eb338: ; ImmutableOopMap {r9=Oop rax=Oop [216]=Oop [496]=Oop }
                      ;*synchronization entry
                      ; - java.lang.StringBuilder::<init>@-1 (line 106)
                      ; - java.util.Formatter::<init>@6 (line 2139)
                      ; - java.lang.String::format@5 (line 4420)
                      ; - net.minecraft.client.Minecraft::runTick@1096 (line 1259)
  0x000001ecb33eb338: c4eb 0a06 | e951 d4ff 

  0x000001ecb33eb340: ;   {metadata({method} {0x000001ecca0e9518} '<init>' '(Ljava/util/Locale;Ljava/lang/Appendable;)V' in 'java/util/Formatter')}
  0x000001ecb33eb340: ff49 ba10 | 950e caec | 0100 004c | 8954 2408 | 48c7 0424 | ffff ffff 

  0x000001ecb33eb358: ;   {runtime_call counter_overflow Runtime1 stub}
  0x000001ecb33eb358: e8a3 eb0a 

  0x000001ecb33eb35c: ; ImmutableOopMap {[216]=Oop [496]=Oop [504]=Oop [512]=Oop }
                      ;*synchronization entry
                      ; - java.util.Formatter::<init>@-1 (line 2082)
                      ; - java.util.Formatter::<init>@9 (line 2139)
                      ; - java.lang.String::format@5 (line 4420)
                      ; - net.minecraft.client.Minecraft::runTick@1096 (line 1259)
  0x000001ecb33eb35c: 06e9 b8d4 

  0x000001ecb33eb360: ;   {metadata({method} {0x000001ecca479298} '<init>' '()V' in 'java/lang/Object')}
  0x000001ecb33eb360: ffff 49ba | 9092 47ca | ec01 0000 | 4c89 5424 | 0848 c704 | 24ff ffff 

  0x000001ecb33eb378: ;   {runtime_call counter_overflow Runtime1 stub}
  0x000001ecb33eb378: ffe8 82eb 

  0x000001ecb33eb37c: ; ImmutableOopMap {[216]=Oop [496]=Oop [504]=Oop [512]=Oop }
                      ;*synchronization entry
                      ; - java.lang.Object::<init>@-1 (line 45)
                      ; - java.util.Formatter::<init>@1 (line 2082)
                      ; - java.util.Formatter::<init>@9 (line 2139)
                      ; - java.lang.String::format@5 (line 4420)
                      ; - net.minecraft.client.Minecraft::runTick@1096 (line 1259)
  0x000001ecb33eb37c: 0a06 e9dd | d4ff ff44 | 8b40 0c49 | c1e0 0349 | 83f8 000f | 84e1 d4ff | ff4c 8904 

  0x000001ecb33eb398: ;   {runtime_call g1_pre_barrier_slow}
  0x000001ecb33eb398: 24e8 e2f5 | 0a06 e9d3 | d4ff ff49 | 83f8 000f | 84f0 d4ff | ff48 8904 

  0x000001ecb33eb3b0: ;   {runtime_call g1_post_barrier_slow}
  0x000001ecb33eb3b0: 24e8 caf8 | 0a06 e9e2 | d4ff ff44 | 8b48 1049 | c1e1 0349 | 83f9 000f | 84e8 d4ff | ff4c 890c 
  0x000001ecb33eb3d0: ;   {runtime_call g1_pre_barrier_slow}
  0x000001ecb33eb3d0: 24e8 aaf5 | 0a06 e9da | d4ff ff49 | 83f9 000f | 8400 d5ff | ff48 8904 

  0x000001ecb33eb3e8: ;   {runtime_call g1_post_barrier_slow}
  0x000001ecb33eb3e8: 24e8 92f8 | 0a06 e9f2 

  0x000001ecb33eb3f0: ;   {metadata({method} {0x000001ecca0e9678} 'format' '(Ljava/lang/String;[Ljava/lang/Object;)Ljava/util/Formatter;' in 'java/util/Formatter')}
  0x000001ecb33eb3f0: d4ff ff49 | ba70 960e | caec 0100 | 004c 8954 | 2408 48c7 | 0424 ffff 

  0x000001ecb33eb408: ;   {runtime_call counter_overflow Runtime1 stub}
  0x000001ecb33eb408: ffff e8f1 

  0x000001ecb33eb40c: ; ImmutableOopMap {rax=Oop r8=Oop [216]=Oop [512]=Oop }
                      ;*synchronization entry
                      ; - java.util.Formatter::format@-1 (line 2728)
                      ; - java.lang.String::format@10 (line 4420)
                      ; - net.minecraft.client.Minecraft::runTick@1096 (line 1259)
  0x000001ecb33eb40c: ea0a 06e9 | 0fd5 ffff 

  0x000001ecb33eb414: ;   {runtime_call throw_null_pointer_exception Runtime1 stub}
  0x000001ecb33eb414: e8e7 6f0a 

  0x000001ecb33eb418: ; ImmutableOopMap {rax=Oop [216]=Oop }
                      ;*invokevirtual toString {reexecute=0 rethrow=0 return_oop=0}
                      ; - java.lang.String::format@13 (line 4420)
                      ; - net.minecraft.client.Minecraft::runTick@1096 (line 1259)
                      ;   {metadata({method} {0x000001ecca0e83e8} 'toString' '()Ljava/lang/String;' in 'java/util/Formatter')}
  0x000001ecb33eb418: 0649 bae0 | 830e caec | 0100 004c | 8954 2408 | 48c7 0424 | ffff ffff 

  0x000001ecb33eb430: ;   {runtime_call counter_overflow Runtime1 stub}
  0x000001ecb33eb430: e8cb ea0a 

  0x000001ecb33eb434: ; ImmutableOopMap {rax=Oop [216]=Oop }
                      ;*synchronization entry
                      ; - java.util.Formatter::toString@-1 (line 2627)
                      ; - java.lang.String::format@13 (line 4420)
                      ; - net.minecraft.client.Minecraft::runTick@1096 (line 1259)
  0x000001ecb33eb434: 06e9 61d5 

  0x000001ecb33eb438: ;   {metadata({method} {0x000001ecca0e9888} 'ensureOpen' '()V' in 'java/util/Formatter')}
  0x000001ecb33eb438: ffff 49ba | 8098 0eca | ec01 0000 | 4c89 5424 | 0848 c704 | 24ff ffff 

  0x000001ecb33eb450: ;   {runtime_call counter_overflow Runtime1 stub}
  0x000001ecb33eb450: ffe8 aaea 

  0x000001ecb33eb454: ; ImmutableOopMap {rax=Oop [216]=Oop }
                      ;*synchronization entry
                      ; - java.util.Formatter::ensureOpen@-1 (line 2679)
                      ; - java.util.Formatter::toString@1 (line 2627)
                      ; - java.lang.String::format@13 (line 4420)
                      ; - net.minecraft.client.Minecraft::runTick@1096 (line 1259)
  0x000001ecb33eb454: 0a06 e97c 

  0x000001ecb33eb458: ;   {runtime_call throw_null_pointer_exception Runtime1 stub}
  0x000001ecb33eb458: d5ff ffe8 

  0x000001ecb33eb45c: ; ImmutableOopMap {rdx=Oop [216]=Oop }
                      ;*invokeinterface toString {reexecute=0 rethrow=0 return_oop=0}
                      ; - java.util.Formatter::toString@8 (line 2628)
                      ; - java.lang.String::format@13 (line 4420)
                      ; - net.minecraft.client.Minecraft::runTick@1096 (line 1259)
  0x000001ecb33eb45c: a06f 0a06 | 8bb2 a801 | 0000 48c1 | e603 4883 | fe00 0f84 | 65d6 ffff | 4889 3424 

  0x000001ecb33eb478: ;   {runtime_call g1_pre_barrier_slow}
  0x000001ecb33eb478: e803 f50a | 06e9 57d6 | ffff 4883 | f800 0f84 | 6fd6 ffff | 4889 1424 

  0x000001ecb33eb490: ;   {runtime_call g1_post_barrier_slow}
  0x000001ecb33eb490: e8eb f70a | 06e9 61d6 

  0x000001ecb33eb498: ;   {metadata({method} {0x000001ed0c798a18} 'runTick' '(Z)V' in 'net/minecraft/client/Minecraft')}
  0x000001ecb33eb498: ffff 49ba | 108a 790c | ed01 0000 | 4c89 5424 | 0848 c704 | 245f 0400 

  0x000001ecb33eb4b0: ;   {runtime_call counter_overflow Runtime1 stub}
  0x000001ecb33eb4b0: 00e8 4aea 

  0x000001ecb33eb4b4: ; ImmutableOopMap {rdx=Oop [216]=Oop }
                      ;*goto {reexecute=1 rethrow=0 return_oop=0}
                      ; - (reexecute) net.minecraft.client.Minecraft::runTick@1119 (line 1274)
  0x000001ecb33eb4b4: 0a06 e983 

  0x000001ecb33eb4b8: ;   {runtime_call throw_incompatible_class_change_error Runtime1 stub}
  0x000001ecb33eb4b8: d6ff ffe8 

  0x000001ecb33eb4bc: ; ImmutableOopMap {rdx=Oop }
                      ;*invokeinterface pop {reexecute=0 rethrow=0 return_oop=0}
                      ; - net.minecraft.client.Minecraft::runTick@1126 (line 1276)
  0x000001ecb33eb4bc: 40a4 0a06 

  0x000001ecb33eb4c0: ;   {runtime_call throw_null_pointer_exception Runtime1 stub}
  0x000001ecb33eb4c0: e83b 6f0a 

  0x000001ecb33eb4c4: ; ImmutableOopMap {rdx=Oop }
                      ;*invokeinterface pop {reexecute=0 rethrow=0 return_oop=0}
                      ; - net.minecraft.client.Minecraft::runTick@1126 (line 1276)
                      ;   {metadata({method} {0x000001ed1d2bf818} 'pop' '()V' in 'net/minecraft/util/profiling/InactiveProfiler')}
  0x000001ecb33eb4c4: 0649 ba10 | f82b 1ded | 0100 004c | 8954 2408 | 48c7 0424 | ffff ffff 

  0x000001ecb33eb4dc: ;   {runtime_call counter_overflow Runtime1 stub}
  0x000001ecb33eb4dc: e81f ea0a 

  0x000001ecb33eb4e0: ; ImmutableOopMap {}
                      ;*synchronization entry
                      ; - net.minecraft.util.profiling.InactiveProfiler::pop@-1 (line 38)
                      ; - net.minecraft.client.Minecraft::runTick@1126 (line 1276)
  0x000001ecb33eb4e0: 06e9 02d7 

  0x000001ecb33eb4e4: ;   {internal_word}
  0x000001ecb33eb4e4: ffff 49ba | f08b 3eb3 | ec01 0000 | 4d89 9768 

  0x000001ecb33eb4f4: ;   {runtime_call SafepointBlob}
  0x000001ecb33eb4f4: 0400 00e9 | 04a2 fe05 

  0x000001ecb33eb4fc: ;   {metadata(nullptr)}
  0x000001ecb33eb4fc: 48ba 0000 | 0000 0000 | 0000 b800 

  0x000001ecb33eb508: ;   {runtime_call load_klass_patching Runtime1 stub}
  0x000001ecb33eb508: 0f05 0ae8 

  0x000001ecb33eb50c: ; ImmutableOopMap {[216]=Oop [528]=Oop }
                      ;*new {reexecute=1 rethrow=0 return_oop=0}
                      ; - (reexecute) java.util.Formatter::ensureOpen@7 (line 2680)
                      ; - java.util.Formatter::toString@1 (line 2627)
                      ; - java.lang.String::format@13 (line 4420)
                      ; - net.minecraft.client.Minecraft::runTick@1096 (line 1259)
  0x000001ecb33eb50c: f0ca 0a06 | e9f3 d6ff | ff48 8bd2 

  0x000001ecb33eb518: ;   {runtime_call new_instance Runtime1 stub}
  0x000001ecb33eb518: e863 7e0a 

  0x000001ecb33eb51c: ; ImmutableOopMap {[216]=Oop [528]=Oop }
                      ;*new {reexecute=0 rethrow=0 return_oop=0}
                      ; - java.util.Formatter::ensureOpen@7 (line 2680)
                      ; - java.util.Formatter::toString@1 (line 2627)
                      ; - java.lang.String::format@13 (line 4420)
                      ; - net.minecraft.client.Minecraft::runTick@1096 (line 1259)
  0x000001ecb33eb51c: 06e9 f5d6 

  0x000001ecb33eb520: ;   {metadata(nullptr)}
  0x000001ecb33eb520: ffff 48ba | 0000 0000 | 0000 0000 | b800 0f05 

  0x000001ecb33eb530: ;   {runtime_call load_klass_patching Runtime1 stub}
  0x000001ecb33eb530: 0ae8 caca 

  0x000001ecb33eb534: ; ImmutableOopMap {[216]=Oop [424]=Oop }
                      ;*new {reexecute=1 rethrow=0 return_oop=0}
                      ; - (reexecute) com.mojang.blaze3d.vertex.Tesselator::getInstance@6 (line 24)
                      ; - com.mojang.blaze3d.systems.RenderSystem::flipFrame@6 (line 145)
                      ; - com.mojang.blaze3d.platform.Window::updateDisplay@4 (line 290)
                      ; - net.minecraft.client.Minecraft::runTick@584 (line 1217)
  0x000001ecb33eb534: 0a06 e91d | d7ff ff48 

  0x000001ecb33eb53c: ;   {runtime_call fast_new_instance Runtime1 stub}
  0x000001ecb33eb53c: 8bd2 e83d 

  0x000001ecb33eb540: ; ImmutableOopMap {[216]=Oop [424]=Oop }
                      ;*new {reexecute=0 rethrow=0 return_oop=0}
                      ; - com.mojang.blaze3d.vertex.Tesselator::getInstance@6 (line 24)
                      ; - com.mojang.blaze3d.systems.RenderSystem::flipFrame@6 (line 145)
                      ; - com.mojang.blaze3d.platform.Window::updateDisplay@4 (line 290)
                      ; - net.minecraft.client.Minecraft::runTick@584 (line 1217)
  0x000001ecb33eb540: 810a 06e9 | 68d7 ffff 

  0x000001ecb33eb548: ;   {metadata({method} {0x000001ed1d23f1e0} 'constructThreadException' '()Ljava/lang/IllegalStateException;' in 'com/mojang/blaze3d/systems/RenderSystem')}
  0x000001ecb33eb548: 49ba d8f1 | 231d ed01 | 0000 4c89 | 5424 0848 | c704 24ff 

  0x000001ecb33eb55c: ;   {runtime_call counter_overflow Runtime1 stub}
  0x000001ecb33eb55c: ffff ffe8 

  0x000001ecb33eb560: ; ImmutableOopMap {[216]=Oop }
                      ;*synchronization entry
                      ; - com.mojang.blaze3d.systems.RenderSystem::constructThreadException@-1 (line 124)
                      ; - com.mojang.blaze3d.systems.RenderSystem::assertOnRenderThreadOrInit@12 (line 113)
                      ; - com.mojang.blaze3d.platform.GlStateManager::_glBindFramebuffer@0 (line 335)
                      ; - com.mojang.blaze3d.pipeline.RenderTarget::unbindWrite@20 (line 206)
                      ; - net.minecraft.client.Minecraft::runTick@517 (line 1209)
  0x000001ecb33eb560: 9ce9 0a06 | e9c9 d7ff 

  0x000001ecb33eb568: ;   {metadata(nullptr)}
  0x000001ecb33eb568: ff48 ba00 | 0000 0000 | 0000 00b8 | 000f 050a 

  0x000001ecb33eb578: ;   {runtime_call load_klass_patching Runtime1 stub}
  0x000001ecb33eb578: e883 ca0a 

  0x000001ecb33eb57c: ; ImmutableOopMap {[216]=Oop }
                      ;*new {reexecute=1 rethrow=0 return_oop=0}
                      ; - (reexecute) com.mojang.blaze3d.systems.RenderSystem::constructThreadException@0 (line 124)
                      ; - com.mojang.blaze3d.systems.RenderSystem::assertOnRenderThreadOrInit@12 (line 113)
                      ; - com.mojang.blaze3d.platform.GlStateManager::_glBindFramebuffer@0 (line 335)
                      ; - com.mojang.blaze3d.pipeline.RenderTarget::unbindWrite@20 (line 206)
                      ; - net.minecraft.client.Minecraft::runTick@517 (line 1209)
  0x000001ecb33eb57c: 06e9 b6d7 | ffff 488b 

  0x000001ecb33eb584: ;   {runtime_call fast_new_instance Runtime1 stub}
  0x000001ecb33eb584: d2e8 f680 

  0x000001ecb33eb588: ; ImmutableOopMap {[216]=Oop }
                      ;*new {reexecute=0 rethrow=0 return_oop=0}
                      ; - com.mojang.blaze3d.systems.RenderSystem::constructThreadException@0 (line 124)
                      ; - com.mojang.blaze3d.systems.RenderSystem::assertOnRenderThreadOrInit@12 (line 113)
                      ; - com.mojang.blaze3d.platform.GlStateManager::_glBindFramebuffer@0 (line 335)
                      ; - com.mojang.blaze3d.pipeline.RenderTarget::unbindWrite@20 (line 206)
                      ; - net.minecraft.client.Minecraft::runTick@517 (line 1209)
  0x000001ecb33eb588: 0a06 e901 

  0x000001ecb33eb58c: ;   {metadata({method} {0x000001ed1d23f1e0} 'constructThreadException' '()Ljava/lang/IllegalStateException;' in 'com/mojang/blaze3d/systems/RenderSystem')}
  0x000001ecb33eb58c: d8ff ff49 | bad8 f123 | 1ded 0100 | 004c 8954 | 2408 48c7 | 0424 ffff 

  0x000001ecb33eb5a4: ;   {runtime_call counter_overflow Runtime1 stub}
  0x000001ecb33eb5a4: ffff e855 

  0x000001ecb33eb5a8: ; ImmutableOopMap {[216]=Oop }
                      ;*synchronization entry
                      ; - com.mojang.blaze3d.systems.RenderSystem::constructThreadException@-1 (line 124)
                      ; - com.mojang.blaze3d.systems.RenderSystem::assertOnRenderThreadOrInit@12 (line 113)
                      ; - com.mojang.blaze3d.platform.GlStateManager::_enableDepthTest@0 (line 69)
                      ; - com.mojang.blaze3d.systems.RenderSystem::enableDepthTest@0 (line 174)
                      ; - net.minecraft.client.gui.GuiGraphics::flush@10 (line 123)
                      ; - net.minecraft.client.Minecraft::runTick@489 (line 1204)
  0x000001ecb33eb5a8: e90a 06e9 | 62d8 ffff 

  0x000001ecb33eb5b0: ;   {metadata(nullptr)}
  0x000001ecb33eb5b0: 48ba 0000 | 0000 0000 | 0000 b800 

  0x000001ecb33eb5bc: ;   {runtime_call load_klass_patching Runtime1 stub}
  0x000001ecb33eb5bc: 0f05 0ae8 

  0x000001ecb33eb5c0: ; ImmutableOopMap {[216]=Oop }
                      ;*new {reexecute=1 rethrow=0 return_oop=0}
                      ; - (reexecute) com.mojang.blaze3d.systems.RenderSystem::constructThreadException@0 (line 124)
                      ; - com.mojang.blaze3d.systems.RenderSystem::assertOnRenderThreadOrInit@12 (line 113)
                      ; - com.mojang.blaze3d.platform.GlStateManager::_enableDepthTest@0 (line 69)
                      ; - com.mojang.blaze3d.systems.RenderSystem::enableDepthTest@0 (line 174)
                      ; - net.minecraft.client.gui.GuiGraphics::flush@10 (line 123)
                      ; - net.minecraft.client.Minecraft::runTick@489 (line 1204)
  0x000001ecb33eb5c0: 3cca 0a06 | e94f d8ff | ff48 8bd2 

  0x000001ecb33eb5cc: ;   {runtime_call fast_new_instance Runtime1 stub}
  0x000001ecb33eb5cc: e8af 800a 

  0x000001ecb33eb5d0: ; ImmutableOopMap {[216]=Oop }
                      ;*new {reexecute=0 rethrow=0 return_oop=0}
                      ; - com.mojang.blaze3d.systems.RenderSystem::constructThreadException@0 (line 124)
                      ; - com.mojang.blaze3d.systems.RenderSystem::assertOnRenderThreadOrInit@12 (line 113)
                      ; - com.mojang.blaze3d.platform.GlStateManager::_enableDepthTest@0 (line 69)
                      ; - com.mojang.blaze3d.systems.RenderSystem::enableDepthTest@0 (line 174)
                      ; - net.minecraft.client.gui.GuiGraphics::flush@10 (line 123)
                      ; - net.minecraft.client.Minecraft::runTick@489 (line 1204)
  0x000001ecb33eb5d0: 06e9 9ad8 

  0x000001ecb33eb5d4: ;   {metadata({method} {0x000001ed1d23f1e0} 'constructThreadException' '()Ljava/lang/IllegalStateException;' in 'com/mojang/blaze3d/systems/RenderSystem')}
  0x000001ecb33eb5d4: ffff 49ba | d8f1 231d | ed01 0000 | 4c89 5424 | 0848 c704 | 24ff ffff 

  0x000001ecb33eb5ec: ;   {runtime_call counter_overflow Runtime1 stub}
  0x000001ecb33eb5ec: ffe8 0ee9 

  0x000001ecb33eb5f0: ; ImmutableOopMap {[216]=Oop [392]=Oop }
                      ;*synchronization entry
                      ; - com.mojang.blaze3d.systems.RenderSystem::constructThreadException@-1 (line 124)
                      ; - com.mojang.blaze3d.systems.RenderSystem::assertOnRenderThreadOrInit@12 (line 113)
                      ; - com.mojang.blaze3d.platform.GlStateManager::_disableDepthTest@0 (line 64)
                      ; - com.mojang.blaze3d.systems.RenderSystem::disableDepthTest@3 (line 170)
                      ; - net.minecraft.client.gui.GuiGraphics::flush@0 (line 121)
                      ; - net.minecraft.client.Minecraft::runTick@489 (line 1204)
  0x000001ecb33eb5f0: 0a06 e9fb 

  0x000001ecb33eb5f4: ;   {metadata(nullptr)}
  0x000001ecb33eb5f4: d8ff ff48 | ba00 0000 | 0000 0000 | 00b8 000f 

  0x000001ecb33eb604: ;   {runtime_call load_klass_patching Runtime1 stub}
  0x000001ecb33eb604: 050a e8f5 

  0x000001ecb33eb608: ; ImmutableOopMap {[216]=Oop [392]=Oop }
                      ;*new {reexecute=1 rethrow=0 return_oop=0}
                      ; - (reexecute) com.mojang.blaze3d.systems.RenderSystem::constructThreadException@0 (line 124)
                      ; - com.mojang.blaze3d.systems.RenderSystem::assertOnRenderThreadOrInit@12 (line 113)
                      ; - com.mojang.blaze3d.platform.GlStateManager::_disableDepthTest@0 (line 64)
                      ; - com.mojang.blaze3d.systems.RenderSystem::disableDepthTest@3 (line 170)
                      ; - net.minecraft.client.gui.GuiGraphics::flush@0 (line 121)
                      ; - net.minecraft.client.Minecraft::runTick@489 (line 1204)
  0x000001ecb33eb608: c90a 06e9 | e8d8 ffff 

  0x000001ecb33eb610: ;   {runtime_call fast_new_instance Runtime1 stub}
  0x000001ecb33eb610: 488b d2e8 

  0x000001ecb33eb614: ; ImmutableOopMap {[216]=Oop [392]=Oop }
                      ;*new {reexecute=0 rethrow=0 return_oop=0}
                      ; - com.mojang.blaze3d.systems.RenderSystem::constructThreadException@0 (line 124)
                      ; - com.mojang.blaze3d.systems.RenderSystem::assertOnRenderThreadOrInit@12 (line 113)
                      ; - com.mojang.blaze3d.platform.GlStateManager::_disableDepthTest@0 (line 64)
                      ; - com.mojang.blaze3d.systems.RenderSystem::disableDepthTest@3 (line 170)
                      ; - net.minecraft.client.gui.GuiGraphics::flush@0 (line 121)
                      ; - net.minecraft.client.Minecraft::runTick@489 (line 1204)
  0x000001ecb33eb614: 6880 0a06 | e933 d9ff 

  0x000001ecb33eb61c: ;   {metadata({method} {0x000001ed1d23f1e0} 'constructThreadException' '()Ljava/lang/IllegalStateException;' in 'com/mojang/blaze3d/systems/RenderSystem')}
  0x000001ecb33eb61c: ff49 bad8 | f123 1ded | 0100 004c | 8954 2408 | 48c7 0424 | ffff ffff 

  0x000001ecb33eb634: ;   {runtime_call counter_overflow Runtime1 stub}
  0x000001ecb33eb634: e8c7 e80a 

  0x000001ecb33eb638: ; ImmutableOopMap {[216]=Oop [392]=Oop }
                      ;*synchronization entry
                      ; - com.mojang.blaze3d.systems.RenderSystem::constructThreadException@-1 (line 124)
                      ; - com.mojang.blaze3d.systems.RenderSystem::assertOnRenderThread@6 (line 119)
                      ; - com.mojang.blaze3d.systems.RenderSystem::disableDepthTest@0 (line 169)
                      ; - net.minecraft.client.gui.GuiGraphics::flush@0 (line 121)
                      ; - net.minecraft.client.Minecraft::runTick@489 (line 1204)
  0x000001ecb33eb638: 06e9 94d9 

  0x000001ecb33eb63c: ;   {metadata(nullptr)}
  0x000001ecb33eb63c: ffff 48ba | 0000 0000 | 0000 0000 | b800 0f05 

  0x000001ecb33eb64c: ;   {runtime_call load_klass_patching Runtime1 stub}
  0x000001ecb33eb64c: 0ae8 aec9 

  0x000001ecb33eb650: ; ImmutableOopMap {[216]=Oop [392]=Oop }
                      ;*new {reexecute=1 rethrow=0 return_oop=0}
                      ; - (reexecute) com.mojang.blaze3d.systems.RenderSystem::constructThreadException@0 (line 124)
                      ; - com.mojang.blaze3d.systems.RenderSystem::assertOnRenderThread@6 (line 119)
                      ; - com.mojang.blaze3d.systems.RenderSystem::disableDepthTest@0 (line 169)
                      ; - net.minecraft.client.gui.GuiGraphics::flush@0 (line 121)
                      ; - net.minecraft.client.Minecraft::runTick@489 (line 1204)
  0x000001ecb33eb650: 0a06 e981 | d9ff ff48 

  0x000001ecb33eb658: ;   {runtime_call fast_new_instance Runtime1 stub}
  0x000001ecb33eb658: 8bd2 e821 

  0x000001ecb33eb65c: ; ImmutableOopMap {[216]=Oop [392]=Oop }
                      ;*new {reexecute=0 rethrow=0 return_oop=0}
                      ; - com.mojang.blaze3d.systems.RenderSystem::constructThreadException@0 (line 124)
                      ; - com.mojang.blaze3d.systems.RenderSystem::assertOnRenderThread@6 (line 119)
                      ; - com.mojang.blaze3d.systems.RenderSystem::disableDepthTest@0 (line 169)
                      ; - net.minecraft.client.gui.GuiGraphics::flush@0 (line 121)
                      ; - net.minecraft.client.Minecraft::runTick@489 (line 1204)
  0x000001ecb33eb65c: 800a 06e9 | ccd9 ffff 

  0x000001ecb33eb664: ;   {metadata({method} {0x000001ed1d23f1e0} 'constructThreadException' '()Ljava/lang/IllegalStateException;' in 'com/mojang/blaze3d/systems/RenderSystem')}
  0x000001ecb33eb664: 49ba d8f1 | 231d ed01 | 0000 4c89 | 5424 0848 | c704 24ff 

  0x000001ecb33eb678: ;   {runtime_call counter_overflow Runtime1 stub}
  0x000001ecb33eb678: ffff ffe8 

  0x000001ecb33eb67c: ; ImmutableOopMap {[216]=Oop }
                      ;*synchronization entry
                      ; - com.mojang.blaze3d.systems.RenderSystem::constructThreadException@-1 (line 124)
                      ; - com.mojang.blaze3d.systems.RenderSystem::assertOnRenderThread@6 (line 119)
                      ; - com.mojang.blaze3d.platform.GlStateManager::_enableCull@0 (line 437)
                      ; - com.mojang.blaze3d.systems.RenderSystem::enableCull@3 (line 235)
                      ; - net.minecraft.client.Minecraft::runTick@356 (line 1188)
  0x000001ecb33eb67c: 80e8 0a06 | e92d daff 

  0x000001ecb33eb684: ;   {metadata(nullptr)}
  0x000001ecb33eb684: ff48 ba00 | 0000 0000 | 0000 00b8 | 000f 050a 

  0x000001ecb33eb694: ;   {runtime_call load_klass_patching Runtime1 stub}
  0x000001ecb33eb694: e867 c90a 

  0x000001ecb33eb698: ; ImmutableOopMap {[216]=Oop }
                      ;*new {reexecute=1 rethrow=0 return_oop=0}
                      ; - (reexecute) com.mojang.blaze3d.systems.RenderSystem::constructThreadException@0 (line 124)
                      ; - com.mojang.blaze3d.systems.RenderSystem::assertOnRenderThread@6 (line 119)
                      ; - com.mojang.blaze3d.platform.GlStateManager::_enableCull@0 (line 437)
                      ; - com.mojang.blaze3d.systems.RenderSystem::enableCull@3 (line 235)
                      ; - net.minecraft.client.Minecraft::runTick@356 (line 1188)
  0x000001ecb33eb698: 06e9 1ada | ffff 488b 

  0x000001ecb33eb6a0: ;   {runtime_call fast_new_instance Runtime1 stub}
  0x000001ecb33eb6a0: d2e8 da7f 

  0x000001ecb33eb6a4: ; ImmutableOopMap {[216]=Oop }
                      ;*new {reexecute=0 rethrow=0 return_oop=0}
                      ; - com.mojang.blaze3d.systems.RenderSystem::constructThreadException@0 (line 124)
                      ; - com.mojang.blaze3d.systems.RenderSystem::assertOnRenderThread@6 (line 119)
                      ; - com.mojang.blaze3d.platform.GlStateManager::_enableCull@0 (line 437)
                      ; - com.mojang.blaze3d.systems.RenderSystem::enableCull@3 (line 235)
                      ; - net.minecraft.client.Minecraft::runTick@356 (line 1188)
  0x000001ecb33eb6a4: 0a06 e965 

  0x000001ecb33eb6a8: ;   {metadata({method} {0x000001ed1d23f1e0} 'constructThreadException' '()Ljava/lang/IllegalStateException;' in 'com/mojang/blaze3d/systems/RenderSystem')}
  0x000001ecb33eb6a8: daff ff49 | bad8 f123 | 1ded 0100 | 004c 8954 | 2408 48c7 | 0424 ffff 

  0x000001ecb33eb6c0: ;   {runtime_call counter_overflow Runtime1 stub}
  0x000001ecb33eb6c0: ffff e839 

  0x000001ecb33eb6c4: ; ImmutableOopMap {[216]=Oop }
                      ;*synchronization entry
                      ; - com.mojang.blaze3d.systems.RenderSystem::constructThreadException@-1 (line 124)
                      ; - com.mojang.blaze3d.systems.RenderSystem::assertOnRenderThread@6 (line 119)
                      ; - com.mojang.blaze3d.systems.RenderSystem::enableCull@0 (line 234)
                      ; - net.minecraft.client.Minecraft::runTick@356 (line 1188)
  0x000001ecb33eb6c4: e80a 06e9 | c6da ffff 

  0x000001ecb33eb6cc: ;   {metadata(nullptr)}
  0x000001ecb33eb6cc: 48ba 0000 | 0000 0000 | 0000 b800 

  0x000001ecb33eb6d8: ;   {runtime_call load_klass_patching Runtime1 stub}
  0x000001ecb33eb6d8: 0f05 0ae8 

  0x000001ecb33eb6dc: ; ImmutableOopMap {[216]=Oop }
                      ;*new {reexecute=1 rethrow=0 return_oop=0}
                      ; - (reexecute) com.mojang.blaze3d.systems.RenderSystem::constructThreadException@0 (line 124)
                      ; - com.mojang.blaze3d.systems.RenderSystem::assertOnRenderThread@6 (line 119)
                      ; - com.mojang.blaze3d.systems.RenderSystem::enableCull@0 (line 234)
                      ; - net.minecraft.client.Minecraft::runTick@356 (line 1188)
  0x000001ecb33eb6dc: 20c9 0a06 | e9b3 daff | ff48 8bd2 

  0x000001ecb33eb6e8: ;   {runtime_call fast_new_instance Runtime1 stub}
  0x000001ecb33eb6e8: e893 7f0a 

  0x000001ecb33eb6ec: ; ImmutableOopMap {[216]=Oop }
                      ;*new {reexecute=0 rethrow=0 return_oop=0}
                      ; - com.mojang.blaze3d.systems.RenderSystem::constructThreadException@0 (line 124)
                      ; - com.mojang.blaze3d.systems.RenderSystem::assertOnRenderThread@6 (line 119)
                      ; - com.mojang.blaze3d.systems.RenderSystem::enableCull@0 (line 234)
                      ; - net.minecraft.client.Minecraft::runTick@356 (line 1188)
  0x000001ecb33eb6ec: 06e9 feda 

  0x000001ecb33eb6f0: ;   {metadata({method} {0x000001ed1d23f1e0} 'constructThreadException' '()Ljava/lang/IllegalStateException;' in 'com/mojang/blaze3d/systems/RenderSystem')}
  0x000001ecb33eb6f0: ffff 49ba | d8f1 231d | ed01 0000 | 4c89 5424 | 0848 c704 | 24ff ffff 

  0x000001ecb33eb708: ;   {runtime_call counter_overflow Runtime1 stub}
  0x000001ecb33eb708: ffe8 f2e7 

  0x000001ecb33eb70c: ; ImmutableOopMap {[216]=Oop }
                      ;*synchronization entry
                      ; - com.mojang.blaze3d.systems.RenderSystem::constructThreadException@-1 (line 124)
                      ; - com.mojang.blaze3d.systems.RenderSystem::assertOnRenderThread@6 (line 119)
                      ; - com.mojang.blaze3d.systems.RenderSystem::setShaderFogStart@0 (line 341)
                      ; - net.minecraft.client.renderer.FogRenderer::setupNoFog@3 (line 210)
                      ; - net.minecraft.client.Minecraft::runTick@341 (line 1186)
  0x000001ecb33eb70c: 0a06 e95f 

  0x000001ecb33eb710: ;   {metadata(nullptr)}
  0x000001ecb33eb710: dbff ff48 | ba00 0000 | 0000 0000 | 00b8 000f 

  0x000001ecb33eb720: ;   {runtime_call load_klass_patching Runtime1 stub}
  0x000001ecb33eb720: 050a e8d9 

  0x000001ecb33eb724: ; ImmutableOopMap {[216]=Oop }
                      ;*new {reexecute=1 rethrow=0 return_oop=0}
                      ; - (reexecute) com.mojang.blaze3d.systems.RenderSystem::constructThreadException@0 (line 124)
                      ; - com.mojang.blaze3d.systems.RenderSystem::assertOnRenderThread@6 (line 119)
                      ; - com.mojang.blaze3d.systems.RenderSystem::setShaderFogStart@0 (line 341)
                      ; - net.minecraft.client.renderer.FogRenderer::setupNoFog@3 (line 210)
                      ; - net.minecraft.client.Minecraft::runTick@341 (line 1186)
  0x000001ecb33eb724: c80a 06e9 | 4cdb ffff 

  0x000001ecb33eb72c: ;   {runtime_call fast_new_instance Runtime1 stub}
  0x000001ecb33eb72c: 488b d2e8 

  0x000001ecb33eb730: ; ImmutableOopMap {[216]=Oop }
                      ;*new {reexecute=0 rethrow=0 return_oop=0}
                      ; - com.mojang.blaze3d.systems.RenderSystem::constructThreadException@0 (line 124)
                      ; - com.mojang.blaze3d.systems.RenderSystem::assertOnRenderThread@6 (line 119)
                      ; - com.mojang.blaze3d.systems.RenderSystem::setShaderFogStart@0 (line 341)
                      ; - net.minecraft.client.renderer.FogRenderer::setupNoFog@3 (line 210)
                      ; - net.minecraft.client.Minecraft::runTick@341 (line 1186)
  0x000001ecb33eb730: 4c7f 0a06 | e997 dbff 

  0x000001ecb33eb738: ;   {metadata({method} {0x000001ed1d23f1e0} 'constructThreadException' '()Ljava/lang/IllegalStateException;' in 'com/mojang/blaze3d/systems/RenderSystem')}
  0x000001ecb33eb738: ff49 bad8 | f123 1ded | 0100 004c | 8954 2408 | 48c7 0424 | ffff ffff 

  0x000001ecb33eb750: ;   {runtime_call counter_overflow Runtime1 stub}
  0x000001ecb33eb750: e8ab e70a 

  0x000001ecb33eb754: ; ImmutableOopMap {[216]=Oop [320]=Oop }
                      ;*synchronization entry
                      ; - com.mojang.blaze3d.systems.RenderSystem::constructThreadException@-1 (line 124)
                      ; - com.mojang.blaze3d.systems.RenderSystem::assertOnRenderThreadOrInit@12 (line 113)
                      ; - com.mojang.blaze3d.platform.GlStateManager::_glBindFramebuffer@0 (line 335)
                      ; - com.mojang.blaze3d.pipeline.RenderTarget::_bindWrite@9 (line 196)
                      ; - com.mojang.blaze3d.pipeline.RenderTarget::bindWrite@21 (line 190)
                      ; - net.minecraft.client.Minecraft::runTick@338 (line 1185)
  0x000001ecb33eb754: 06e9 ffdb 

  0x000001ecb33eb758: ;   {metadata(nullptr)}
  0x000001ecb33eb758: ffff 48ba | 0000 0000 | 0000 0000 | b800 0f05 

  0x000001ecb33eb768: ;   {runtime_call load_klass_patching Runtime1 stub}
  0x000001ecb33eb768: 0ae8 92c8 

  0x000001ecb33eb76c: ; ImmutableOopMap {[216]=Oop [320]=Oop }
                      ;*new {reexecute=1 rethrow=0 return_oop=0}
                      ; - (reexecute) com.mojang.blaze3d.systems.RenderSystem::constructThreadException@0 (line 124)
                      ; - com.mojang.blaze3d.systems.RenderSystem::assertOnRenderThreadOrInit@12 (line 113)
                      ; - com.mojang.blaze3d.platform.GlStateManager::_glBindFramebuffer@0 (line 335)
                      ; - com.mojang.blaze3d.pipeline.RenderTarget::_bindWrite@9 (line 196)
                      ; - com.mojang.blaze3d.pipeline.RenderTarget::bindWrite@21 (line 190)
                      ; - net.minecraft.client.Minecraft::runTick@338 (line 1185)
  0x000001ecb33eb76c: 0a06 e9ed | dbff ff48 

  0x000001ecb33eb774: ;   {runtime_call fast_new_instance Runtime1 stub}
  0x000001ecb33eb774: 8bd2 e805 

  0x000001ecb33eb778: ; ImmutableOopMap {[216]=Oop [320]=Oop }
                      ;*new {reexecute=0 rethrow=0 return_oop=0}
                      ; - com.mojang.blaze3d.systems.RenderSystem::constructThreadException@0 (line 124)
                      ; - com.mojang.blaze3d.systems.RenderSystem::assertOnRenderThreadOrInit@12 (line 113)
                      ; - com.mojang.blaze3d.platform.GlStateManager::_glBindFramebuffer@0 (line 335)
                      ; - com.mojang.blaze3d.pipeline.RenderTarget::_bindWrite@9 (line 196)
                      ; - com.mojang.blaze3d.pipeline.RenderTarget::bindWrite@21 (line 190)
                      ; - net.minecraft.client.Minecraft::runTick@338 (line 1185)
  0x000001ecb33eb778: 7f0a 06e9 | 38dc ffff 

  0x000001ecb33eb780: ;   {metadata({method} {0x000001ed1d23f1e0} 'constructThreadException' '()Ljava/lang/IllegalStateException;' in 'com/mojang/blaze3d/systems/RenderSystem')}
  0x000001ecb33eb780: 49ba d8f1 | 231d ed01 | 0000 4c89 | 5424 0848 | c704 24ff 

  0x000001ecb33eb794: ;   {runtime_call counter_overflow Runtime1 stub}
  0x000001ecb33eb794: ffff ffe8 

  0x000001ecb33eb798: ; ImmutableOopMap {[216]=Oop [320]=Oop }
                      ;*synchronization entry
                      ; - com.mojang.blaze3d.systems.RenderSystem::constructThreadException@-1 (line 124)
                      ; - com.mojang.blaze3d.systems.RenderSystem::assertOnRenderThreadOrInit@12 (line 113)
                      ; - com.mojang.blaze3d.pipeline.RenderTarget::_bindWrite@0 (line 195)
                      ; - com.mojang.blaze3d.pipeline.RenderTarget::bindWrite@21 (line 190)
                      ; - net.minecraft.client.Minecraft::runTick@338 (line 1185)
  0x000001ecb33eb798: 64e7 0a06 | e999 dcff 

  0x000001ecb33eb7a0: ;   {metadata(nullptr)}
  0x000001ecb33eb7a0: ff48 ba00 | 0000 0000 | 0000 00b8 | 000f 050a 

  0x000001ecb33eb7b0: ;   {runtime_call load_klass_patching Runtime1 stub}
  0x000001ecb33eb7b0: e84b c80a 

  0x000001ecb33eb7b4: ; ImmutableOopMap {[216]=Oop [320]=Oop }
                      ;*new {reexecute=1 rethrow=0 return_oop=0}
                      ; - (reexecute) com.mojang.blaze3d.systems.RenderSystem::constructThreadException@0 (line 124)
                      ; - com.mojang.blaze3d.systems.RenderSystem::assertOnRenderThreadOrInit@12 (line 113)
                      ; - com.mojang.blaze3d.pipeline.RenderTarget::_bindWrite@0 (line 195)
                      ; - com.mojang.blaze3d.pipeline.RenderTarget::bindWrite@21 (line 190)
                      ; - net.minecraft.client.Minecraft::runTick@338 (line 1185)
  0x000001ecb33eb7b4: 06e9 86dc | ffff 488b 

  0x000001ecb33eb7bc: ;   {runtime_call fast_new_instance Runtime1 stub}
  0x000001ecb33eb7bc: d2e8 be7e 

  0x000001ecb33eb7c0: ; ImmutableOopMap {[216]=Oop [320]=Oop }
                      ;*new {reexecute=0 rethrow=0 return_oop=0}
                      ; - com.mojang.blaze3d.systems.RenderSystem::constructThreadException@0 (line 124)
                      ; - com.mojang.blaze3d.systems.RenderSystem::assertOnRenderThreadOrInit@12 (line 113)
                      ; - com.mojang.blaze3d.pipeline.RenderTarget::_bindWrite@0 (line 195)
                      ; - com.mojang.blaze3d.pipeline.RenderTarget::bindWrite@21 (line 190)
                      ; - net.minecraft.client.Minecraft::runTick@338 (line 1185)
  0x000001ecb33eb7c0: 0a06 e9d1 

  0x000001ecb33eb7c4: ;   {metadata({method} {0x000001ed1d23f1e0} 'constructThreadException' '()Ljava/lang/IllegalStateException;' in 'com/mojang/blaze3d/systems/RenderSystem')}
  0x000001ecb33eb7c4: dcff ff49 | bad8 f123 | 1ded 0100 | 004c 8954 | 2408 48c7 | 0424 ffff 

  0x000001ecb33eb7dc: ;   {runtime_call counter_overflow Runtime1 stub}
  0x000001ecb33eb7dc: ffff e81d 

  0x000001ecb33eb7e0: ; ImmutableOopMap {[216]=Oop }
                      ;*synchronization entry
                      ; - com.mojang.blaze3d.systems.RenderSystem::constructThreadException@-1 (line 124)
                      ; - com.mojang.blaze3d.systems.RenderSystem::assertOnRenderThreadOrInit@12 (line 113)
                      ; - com.mojang.blaze3d.platform.GlStateManager::_clear@0 (line 679)
                      ; - com.mojang.blaze3d.systems.RenderSystem::clear@2 (line 337)
                      ; - net.minecraft.client.Minecraft::runTick@330 (line 1184)
  0x000001ecb33eb7e0: e70a 06e9 | 39dd ffff 

  0x000001ecb33eb7e8: ;   {metadata(nullptr)}
  0x000001ecb33eb7e8: 48ba 0000 | 0000 0000 | 0000 b800 

  0x000001ecb33eb7f4: ;   {runtime_call load_klass_patching Runtime1 stub}
  0x000001ecb33eb7f4: 0f05 0ae8 

  0x000001ecb33eb7f8: ; ImmutableOopMap {[216]=Oop }
                      ;*new {reexecute=1 rethrow=0 return_oop=0}
                      ; - (reexecute) com.mojang.blaze3d.systems.RenderSystem::constructThreadException@0 (line 124)
                      ; - com.mojang.blaze3d.systems.RenderSystem::assertOnRenderThreadOrInit@12 (line 113)
                      ; - com.mojang.blaze3d.platform.GlStateManager::_clear@0 (line 679)
                      ; - com.mojang.blaze3d.systems.RenderSystem::clear@2 (line 337)
                      ; - net.minecraft.client.Minecraft::runTick@330 (line 1184)
  0x000001ecb33eb7f8: 04c8 0a06 | e927 ddff | ff48 8bd2 

  0x000001ecb33eb804: ;   {runtime_call fast_new_instance Runtime1 stub}
  0x000001ecb33eb804: e877 7e0a 

  0x000001ecb33eb808: ; ImmutableOopMap {[216]=Oop }
                      ;*new {reexecute=0 rethrow=0 return_oop=0}
                      ; - com.mojang.blaze3d.systems.RenderSystem::constructThreadException@0 (line 124)
                      ; - com.mojang.blaze3d.systems.RenderSystem::assertOnRenderThreadOrInit@12 (line 113)
                      ; - com.mojang.blaze3d.platform.GlStateManager::_clear@0 (line 679)
                      ; - com.mojang.blaze3d.systems.RenderSystem::clear@2 (line 337)
                      ; - net.minecraft.client.Minecraft::runTick@330 (line 1184)
  0x000001ecb33eb808: 06e9 72dd | ffff 498b | 8700 0500 | 0049 c787 | 0005 0000 | 0000 0000 | 49c7 8708 | 0500 0000 
  0x000001ecb33eb828: 0000 0048 | 81c4 8002 

  0x000001ecb33eb830: ;   {runtime_call unwind_exception Runtime1 stub}
  0x000001ecb33eb830: 0000 5de9 | c85c 0a06 
[Stub Code]
  0x000001ecb33eb838: ;   {no_reloc}
  0x000001ecb33eb838: 0f1f 4400 

  0x000001ecb33eb83c: ;   {static_stub}
  0x000001ecb33eb83c: 0048 bb00 | 0000 0000 

  0x000001ecb33eb844: ;   {runtime_call}
  0x000001ecb33eb844: 0000 00e9 | fbff ffff 

  0x000001ecb33eb84c: ;   {static_stub}
  0x000001ecb33eb84c: 9048 bb00 | 0000 0000 

  0x000001ecb33eb854: ;   {runtime_call}
  0x000001ecb33eb854: 0000 00e9 | fbff ffff 

  0x000001ecb33eb85c: ;   {static_stub}
  0x000001ecb33eb85c: 9048 bb00 | 0000 0000 

  0x000001ecb33eb864: ;   {runtime_call}
  0x000001ecb33eb864: 0000 00e9 | fbff ffff 

  0x000001ecb33eb86c: ;   {static_stub}
  0x000001ecb33eb86c: 9048 bb00 | 0000 0000 

  0x000001ecb33eb874: ;   {runtime_call}
  0x000001ecb33eb874: 0000 00e9 | fbff ffff 

  0x000001ecb33eb87c: ;   {static_stub}
  0x000001ecb33eb87c: 9048 bb00 | 0000 0000 

  0x000001ecb33eb884: ;   {runtime_call}
  0x000001ecb33eb884: 0000 00e9 | fbff ffff 

  0x000001ecb33eb88c: ;   {static_stub}
  0x000001ecb33eb88c: 9048 bb00 | 0000 0000 

  0x000001ecb33eb894: ;   {runtime_call}
  0x000001ecb33eb894: 0000 00e9 | fbff ffff 

  0x000001ecb33eb89c: ;   {static_stub}
  0x000001ecb33eb89c: 9048 bbc8 | b479 0ced 

  0x000001ecb33eb8a4: ;   {runtime_call I2C/C2I adapters}
  0x000001ecb33eb8a4: 0100 00e9 | b77b fe05 

  0x000001ecb33eb8ac: ;   {static_stub}
  0x000001ecb33eb8ac: 9048 bb20 | ec13 1eed 

  0x000001ecb33eb8b4: ;   {runtime_call I2C/C2I adapters}
  0x000001ecb33eb8b4: 0100 00e9 | 2b89 fe05 

  0x000001ecb33eb8bc: ;   {static_stub}
  0x000001ecb33eb8bc: 9048 bb00 | 0000 0000 

  0x000001ecb33eb8c4: ;   {runtime_call}
  0x000001ecb33eb8c4: 0000 00e9 | fbff ffff 

  0x000001ecb33eb8cc: ;   {static_stub}
  0x000001ecb33eb8cc: 9048 bb00 | 0000 0000 

  0x000001ecb33eb8d4: ;   {runtime_call}
  0x000001ecb33eb8d4: 0000 00e9 | fbff ffff 

  0x000001ecb33eb8dc: ;   {static_stub}
  0x000001ecb33eb8dc: 9048 bb00 | 0000 0000 

  0x000001ecb33eb8e4: ;   {runtime_call}
  0x000001ecb33eb8e4: 0000 00e9 | fbff ffff 

  0x000001ecb33eb8ec: ;   {static_stub}
  0x000001ecb33eb8ec: 9048 bb00 | 0000 0000 

  0x000001ecb33eb8f4: ;   {runtime_call}
  0x000001ecb33eb8f4: 0000 00e9 | fbff ffff 

  0x000001ecb33eb8fc: ;   {static_stub}
  0x000001ecb33eb8fc: 9048 bb00 | 0000 0000 

  0x000001ecb33eb904: ;   {runtime_call}
  0x000001ecb33eb904: 0000 00e9 | fbff ffff 

  0x000001ecb33eb90c: ;   {static_stub}
  0x000001ecb33eb90c: 9048 bb00 | 0000 0000 

  0x000001ecb33eb914: ;   {runtime_call}
  0x000001ecb33eb914: 0000 00e9 | fbff ffff 

  0x000001ecb33eb91c: ;   {static_stub}
  0x000001ecb33eb91c: 9048 bb00 | 0000 0000 

  0x000001ecb33eb924: ;   {runtime_call}
  0x000001ecb33eb924: 0000 00e9 | fbff ffff 

  0x000001ecb33eb92c: ;   {static_stub}
  0x000001ecb33eb92c: 9048 bb00 | 0000 0000 

  0x000001ecb33eb934: ;   {runtime_call}
  0x000001ecb33eb934: 0000 00e9 | fbff ffff 

  0x000001ecb33eb93c: ;   {static_stub}
  0x000001ecb33eb93c: 9048 bbf8 | fa66 1ded 

  0x000001ecb33eb944: ;   {runtime_call I2C/C2I adapters}
  0x000001ecb33eb944: 0100 00e9 | 177b fe05 

  0x000001ecb33eb94c: ;   {static_stub}
  0x000001ecb33eb94c: 9048 bba8 | 3818 1eed 

  0x000001ecb33eb954: ;   {runtime_call I2C/C2I adapters}
  0x000001ecb33eb954: 0100 00e9 | 8fcb fd05 

  0x000001ecb33eb95c: ;   {static_stub}
  0x000001ecb33eb95c: 9048 bb00 | 0000 0000 

  0x000001ecb33eb964: ;   {runtime_call}
  0x000001ecb33eb964: 0000 00e9 | fbff ffff 

  0x000001ecb33eb96c: ;   {static_stub}
  0x000001ecb33eb96c: 9048 bb00 | 0000 0000 

  0x000001ecb33eb974: ;   {runtime_call}
  0x000001ecb33eb974: 0000 00e9 | fbff ffff 

  0x000001ecb33eb97c: ;   {static_stub}
  0x000001ecb33eb97c: 9048 bb00 | 0000 0000 

  0x000001ecb33eb984: ;   {runtime_call}
  0x000001ecb33eb984: 0000 00e9 | fbff ffff 

  0x000001ecb33eb98c: ;   {static_stub}
  0x000001ecb33eb98c: 9048 bb00 | 0000 0000 

  0x000001ecb33eb994: ;   {runtime_call}
  0x000001ecb33eb994: 0000 00e9 | fbff ffff 

  0x000001ecb33eb99c: ;   {static_stub}
  0x000001ecb33eb99c: 9048 bb00 | 0000 0000 

  0x000001ecb33eb9a4: ;   {runtime_call}
  0x000001ecb33eb9a4: 0000 00e9 | fbff ffff 

  0x000001ecb33eb9ac: ;   {static_stub}
  0x000001ecb33eb9ac: 9048 bb00 | 0000 0000 

  0x000001ecb33eb9b4: ;   {runtime_call}
  0x000001ecb33eb9b4: 0000 00e9 | fbff ffff 

  0x000001ecb33eb9bc: ;   {static_stub}
  0x000001ecb33eb9bc: 9048 bb00 | 0000 0000 

  0x000001ecb33eb9c4: ;   {runtime_call}
  0x000001ecb33eb9c4: 0000 00e9 | fbff ffff 

  0x000001ecb33eb9cc: ;   {static_stub}
  0x000001ecb33eb9cc: 9048 bb00 | 0000 0000 

  0x000001ecb33eb9d4: ;   {runtime_call}
  0x000001ecb33eb9d4: 0000 00e9 | fbff ffff 

  0x000001ecb33eb9dc: ;   {static_stub}
  0x000001ecb33eb9dc: 9048 bb00 | 0000 0000 

  0x000001ecb33eb9e4: ;   {runtime_call}
  0x000001ecb33eb9e4: 0000 00e9 | fbff ffff 

  0x000001ecb33eb9ec: ;   {static_stub}
  0x000001ecb33eb9ec: 9048 bb00 | 0000 0000 

  0x000001ecb33eb9f4: ;   {runtime_call}
  0x000001ecb33eb9f4: 0000 00e9 | fbff ffff 

  0x000001ecb33eb9fc: ;   {static_stub}
  0x000001ecb33eb9fc: 9048 bb00 | 0000 0000 

  0x000001ecb33eba04: ;   {runtime_call}
  0x000001ecb33eba04: 0000 00e9 | fbff ffff 

  0x000001ecb33eba0c: ;   {static_stub}
  0x000001ecb33eba0c: 9048 bb00 | 0000 0000 

  0x000001ecb33eba14: ;   {runtime_call}
  0x000001ecb33eba14: 0000 00e9 | fbff ffff 

  0x000001ecb33eba1c: ;   {static_stub}
  0x000001ecb33eba1c: 9048 bb00 | 0000 0000 

  0x000001ecb33eba24: ;   {runtime_call}
  0x000001ecb33eba24: 0000 00e9 | fbff ffff 

  0x000001ecb33eba2c: ;   {static_stub}
  0x000001ecb33eba2c: 9048 bb00 | 0000 0000 

  0x000001ecb33eba34: ;   {runtime_call}
  0x000001ecb33eba34: 0000 00e9 | fbff ffff 

  0x000001ecb33eba3c: ;   {static_stub}
  0x000001ecb33eba3c: 9048 bb00 | 0000 0000 

  0x000001ecb33eba44: ;   {runtime_call}
  0x000001ecb33eba44: 0000 00e9 | fbff ffff 

  0x000001ecb33eba4c: ;   {static_stub}
  0x000001ecb33eba4c: 9048 bb00 | 0000 0000 

  0x000001ecb33eba54: ;   {runtime_call}
  0x000001ecb33eba54: 0000 00e9 | fbff ffff 

  0x000001ecb33eba5c: ;   {static_stub}
  0x000001ecb33eba5c: 9048 bb00 | 0000 0000 

  0x000001ecb33eba64: ;   {runtime_call}
  0x000001ecb33eba64: 0000 00e9 | fbff ffff 

  0x000001ecb33eba6c: ;   {static_stub}
  0x000001ecb33eba6c: 9048 bb00 | 0000 0000 

  0x000001ecb33eba74: ;   {runtime_call}
  0x000001ecb33eba74: 0000 00e9 | fbff ffff 

  0x000001ecb33eba7c: ;   {static_stub}
  0x000001ecb33eba7c: 9048 bb00 | 0000 0000 

  0x000001ecb33eba84: ;   {runtime_call}
  0x000001ecb33eba84: 0000 00e9 | fbff ffff 

  0x000001ecb33eba8c: ;   {static_stub}
  0x000001ecb33eba8c: 9048 bbc0 | e541 1eed 

  0x000001ecb33eba94: ;   {runtime_call I2C/C2I adapters}
  0x000001ecb33eba94: 0100 00e9 | c779 fe05 

  0x000001ecb33eba9c: ;   {static_stub}
  0x000001ecb33eba9c: 9048 bb48 | f641 1eed 

  0x000001ecb33ebaa4: ;   {runtime_call I2C/C2I adapters}
  0x000001ecb33ebaa4: 0100 00e9 | b779 fe05 

  0x000001ecb33ebaac: ;   {static_stub}
  0x000001ecb33ebaac: 9048 bb00 | 0000 0000 

  0x000001ecb33ebab4: ;   {runtime_call}
  0x000001ecb33ebab4: 0000 00e9 | fbff ffff 

  0x000001ecb33ebabc: ;   {static_stub}
  0x000001ecb33ebabc: 9048 bb00 | 0000 0000 

  0x000001ecb33ebac4: ;   {runtime_call}
  0x000001ecb33ebac4: 0000 00e9 | fbff ffff 

  0x000001ecb33ebacc: ;   {static_stub}
  0x000001ecb33ebacc: 9048 bb00 | 0000 0000 

  0x000001ecb33ebad4: ;   {runtime_call}
  0x000001ecb33ebad4: 0000 00e9 | fbff ffff 

  0x000001ecb33ebadc: ;   {static_stub}
  0x000001ecb33ebadc: 9048 bb00 | 0000 0000 

  0x000001ecb33ebae4: ;   {runtime_call}
  0x000001ecb33ebae4: 0000 00e9 | fbff ffff 

  0x000001ecb33ebaec: ;   {static_stub}
  0x000001ecb33ebaec: 9048 bb00 | 0000 0000 

  0x000001ecb33ebaf4: ;   {runtime_call}
  0x000001ecb33ebaf4: 0000 00e9 | fbff ffff 

  0x000001ecb33ebafc: ;   {static_stub}
  0x000001ecb33ebafc: 9048 bb00 | 0000 0000 

  0x000001ecb33ebb04: ;   {runtime_call}
  0x000001ecb33ebb04: 0000 00e9 | fbff ffff 

  0x000001ecb33ebb0c: ;   {static_stub}
  0x000001ecb33ebb0c: 9048 bb00 | 0000 0000 

  0x000001ecb33ebb14: ;   {runtime_call}
  0x000001ecb33ebb14: 0000 00e9 | fbff ffff 

  0x000001ecb33ebb1c: ;   {static_stub}
  0x000001ecb33ebb1c: 9048 bb00 | 0000 0000 

  0x000001ecb33ebb24: ;   {runtime_call}
  0x000001ecb33ebb24: 0000 00e9 | fbff ffff 

  0x000001ecb33ebb2c: ;   {static_stub}
  0x000001ecb33ebb2c: 48bb 0000 | 0000 0000 

  0x000001ecb33ebb34: ;   {runtime_call}
  0x000001ecb33ebb34: 0000 e9fb 

  0x000001ecb33ebb38: ;   {static_stub}
  0x000001ecb33ebb38: ffff ff48 | bb00 0000 | 0000 0000 

  0x000001ecb33ebb44: ;   {runtime_call}
  0x000001ecb33ebb44: 00e9 fbff 

  0x000001ecb33ebb48: ;   {static_stub}
  0x000001ecb33ebb48: ffff 48bb | 0000 0000 | 0000 0000 

  0x000001ecb33ebb54: ;   {runtime_call}
  0x000001ecb33ebb54: e9fb ffff 

  0x000001ecb33ebb58: ;   {static_stub}
  0x000001ecb33ebb58: ff48 bb00 | 0000 0000 

  0x000001ecb33ebb60: ;   {runtime_call}
  0x000001ecb33ebb60: 0000 00e9 | fbff ffff 

  0x000001ecb33ebb68: ;   {static_stub}
  0x000001ecb33ebb68: 48bb c01a | 251d ed01 

  0x000001ecb33ebb70: ;   {runtime_call I2C/C2I adapters}
  0x000001ecb33ebb70: 0000 e9f7 

  0x000001ecb33ebb74: ;   {static_stub}
  0x000001ecb33ebb74: 41fc 0548 | bb00 0000 | 0000 0000 

  0x000001ecb33ebb80: ;   {runtime_call}
  0x000001ecb33ebb80: 00e9 fbff 

  0x000001ecb33ebb84: ;   {static_stub}
  0x000001ecb33ebb84: ffff 48bb | 0000 0000 | 0000 0000 

  0x000001ecb33ebb90: ;   {runtime_call}
  0x000001ecb33ebb90: e9fb ffff 

  0x000001ecb33ebb94: ;   {static_stub}
  0x000001ecb33ebb94: ff48 bb90 | f523 1ded 

  0x000001ecb33ebb9c: ;   {runtime_call I2C/C2I adapters}
  0x000001ecb33ebb9c: 0100 00e9 | 3b23 fe05 

  0x000001ecb33ebba4: ;   {static_stub}
  0x000001ecb33ebba4: 48bb a0ee | d30b ed01 

  0x000001ecb33ebbac: ;   {runtime_call I2C/C2I adapters}
  0x000001ecb33ebbac: 0000 e9b0 

  0x000001ecb33ebbb0: ;   {static_stub}
  0x000001ecb33ebbb0: 0bfc 0548 | bb00 0000 | 0000 0000 

  0x000001ecb33ebbbc: ;   {runtime_call}
  0x000001ecb33ebbbc: 00e9 fbff 

  0x000001ecb33ebbc0: ;   {static_stub}
  0x000001ecb33ebbc0: ffff 48bb | 0000 0000 | 0000 0000 

  0x000001ecb33ebbcc: ;   {runtime_call}
  0x000001ecb33ebbcc: e9fb ffff 

  0x000001ecb33ebbd0: ;   {static_stub}
  0x000001ecb33ebbd0: ff48 bb00 | 0000 0000 

  0x000001ecb33ebbd8: ;   {runtime_call}
  0x000001ecb33ebbd8: 0000 00e9 | fbff ffff 

  0x000001ecb33ebbe0: ;   {static_stub}
  0x000001ecb33ebbe0: 48bb 0000 | 0000 0000 

  0x000001ecb33ebbe8: ;   {runtime_call}
  0x000001ecb33ebbe8: 0000 e9fb 

  0x000001ecb33ebbec: ;   {static_stub}
  0x000001ecb33ebbec: ffff ff48 | bb00 0000 | 0000 0000 

  0x000001ecb33ebbf8: ;   {runtime_call}
  0x000001ecb33ebbf8: 00e9 fbff 

  0x000001ecb33ebbfc: ;   {static_stub}
  0x000001ecb33ebbfc: ffff 48bb | 0000 0000 | 0000 0000 

  0x000001ecb33ebc08: ;   {runtime_call}
  0x000001ecb33ebc08: e9fb ffff 

  0x000001ecb33ebc0c: ;   {static_stub}
  0x000001ecb33ebc0c: ff48 bb00 | 0000 0000 

  0x000001ecb33ebc14: ;   {runtime_call}
  0x000001ecb33ebc14: 0000 00e9 | fbff ffff 

  0x000001ecb33ebc1c: ;   {static_stub}
  0x000001ecb33ebc1c: 48bb 0000 | 0000 0000 

  0x000001ecb33ebc24: ;   {runtime_call}
  0x000001ecb33ebc24: 0000 e9fb 

  0x000001ecb33ebc28: ;   {static_stub}
  0x000001ecb33ebc28: ffff ff48 | bb00 0000 | 0000 0000 

  0x000001ecb33ebc34: ;   {runtime_call}
  0x000001ecb33ebc34: 00e9 fbff 

  0x000001ecb33ebc38: ;   {static_stub}
  0x000001ecb33ebc38: ffff 48bb | 0000 0000 | 0000 0000 

  0x000001ecb33ebc44: ;   {runtime_call}
  0x000001ecb33ebc44: e9fb ffff 

  0x000001ecb33ebc48: ;   {static_stub}
  0x000001ecb33ebc48: ff48 bb00 | 0000 0000 

  0x000001ecb33ebc50: ;   {runtime_call}
  0x000001ecb33ebc50: 0000 00e9 | fbff ffff 

  0x000001ecb33ebc58: ;   {static_stub}
  0x000001ecb33ebc58: 48bb 0000 | 0000 0000 

  0x000001ecb33ebc60: ;   {runtime_call}
  0x000001ecb33ebc60: 0000 e9fb 

  0x000001ecb33ebc64: ;   {static_stub}
  0x000001ecb33ebc64: ffff ff48 | bb00 0000 | 0000 0000 

  0x000001ecb33ebc70: ;   {runtime_call}
  0x000001ecb33ebc70: 00e9 fbff 

  0x000001ecb33ebc74: ;   {static_stub}
  0x000001ecb33ebc74: ffff 48bb | 0000 0000 | 0000 0000 

  0x000001ecb33ebc80: ;   {runtime_call}
  0x000001ecb33ebc80: e9fb ffff 

  0x000001ecb33ebc84: ;   {static_stub}
  0x000001ecb33ebc84: ff48 bb00 | 0000 0000 

  0x000001ecb33ebc8c: ;   {runtime_call}
  0x000001ecb33ebc8c: 0000 00e9 | fbff ffff 

  0x000001ecb33ebc94: ;   {static_stub}
  0x000001ecb33ebc94: 48bb 38f0 | 2c1d ed01 

  0x000001ecb33ebc9c: ;   {runtime_call I2C/C2I adapters}
  0x000001ecb33ebc9c: 0000 e9c4 

  0x000001ecb33ebca0: ;   {static_stub}
  0x000001ecb33ebca0: 9dfe 0548 | bb00 0000 | 0000 0000 

  0x000001ecb33ebcac: ;   {runtime_call}
  0x000001ecb33ebcac: 00e9 fbff 

  0x000001ecb33ebcb0: ;   {static_stub}
  0x000001ecb33ebcb0: ffff 48bb | 0000 0000 | 0000 0000 

  0x000001ecb33ebcbc: ;   {runtime_call}
  0x000001ecb33ebcbc: e9fb ffff 

  0x000001ecb33ebcc0: ;   {static_stub}
  0x000001ecb33ebcc0: ff48 bb00 | 0000 0000 

  0x000001ecb33ebcc8: ;   {runtime_call}
  0x000001ecb33ebcc8: 0000 00e9 | fbff ffff 

  0x000001ecb33ebcd0: ;   {static_stub}
  0x000001ecb33ebcd0: 48bb 0000 | 0000 0000 

  0x000001ecb33ebcd8: ;   {runtime_call}
  0x000001ecb33ebcd8: 0000 e9fb 

  0x000001ecb33ebcdc: ;   {static_stub}
  0x000001ecb33ebcdc: ffff ff48 | bb00 0000 | 0000 0000 

  0x000001ecb33ebce8: ;   {runtime_call}
  0x000001ecb33ebce8: 00e9 fbff 

  0x000001ecb33ebcec: ;   {runtime_call handle_exception_from_callee Runtime1 stub}
  0x000001ecb33ebcec: ffff e88d 

  0x000001ecb33ebcf0: ;   {external_word}
  0x000001ecb33ebcf0: 8e0a 0648 | b910 f926 | 34f9 7f00 | 0048 83e4 

  0x000001ecb33ebd00: ;   {runtime_call}
  0x000001ecb33ebd00: f048 b840 | 88ee 33f9 | 7f00 00ff 

  0x000001ecb33ebd0c: ;   {section_word}
  0x000001ecb33ebd0c: d0f4 49ba | 0ebd 3eb3 | ec01 0000 

  0x000001ecb33ebd18: ;   {runtime_call DeoptimizationBlob}
  0x000001ecb33ebd18: 4152 e981 | 8cfe 05f4 
[/MachCode]


---------------  P R O C E S S  ---------------

Threads class SMR info:
_java_thread_list=0x000001ed117450d0, length=50, elements={
0x000001eca7be83f0, 0x000001ed0f008f00, 0x000001ed0f00ac80, 0x000001ed0f00cde0,
0x000001ed0f00f850, 0x000001ed0f011370, 0x000001ed0f013990, 0x000001ed0f01e620,
0x000001ed0f026380, 0x000001ed0f014020, 0x000001ed0f0146b0, 0x000001ed0f0160f0,
0x000001ed0f014d40, 0x000001ed0f0153d0, 0x000001ed0f015a60, 0x000001ed0f013300,
0x000001ed0f012c70, 0x000001ed11282d80, 0x000001ed1127ff90, 0x000001ed1127f270,
0x000001ed112819d0, 0x000001ed11280cb0, 0x000001ed11282060, 0x000001ed1127dec0,
0x000001ed11283aa0, 0x000001ed11abad40, 0x000001ed11ab9990, 0x000001ed11ab5160,
0x000001ed11ab8c70, 0x000001ed11ab4440, 0x000001ed11aba020, 0x000001ed11abb3d0,
0x000001ed11ab57f0, 0x000001ed11ab6ba0, 0x000001ed0f42d5d0, 0x000001ed0f42f010,
0x000001ed0f42c220, 0x000001ed0f42c8b0, 0x000001ed0f42cf40, 0x000001ed0f428710,
0x000001ed0f429ac0, 0x000001ed0f42e980, 0x000001ed0f42a7e0, 0x000001ed0f428080,
0x000001ed0f428da0, 0x000001ed0f42f6a0, 0x000001ed0f42ae70, 0x000001ed0f42b500,
0x000001ed11aba6b0, 0x000001ed11abba60
}

Java Threads: ( => current thread )
=>0x000001eca7be83f0 JavaThread "Render thread"                     [_thread_in_native, id=4900, stack(0x0000003afbc00000,0x0000003afbd00000) (1024K)]
  0x000001ed0f008f00 JavaThread "Reference Handler"          daemon [_thread_blocked, id=18740, stack(0x0000003afc400000,0x0000003afc500000) (1024K)]
  0x000001ed0f00ac80 JavaThread "Finalizer"                  daemon [_thread_blocked, id=19340, stack(0x0000003afc500000,0x0000003afc600000) (1024K)]
  0x000001ed0f00cde0 JavaThread "Signal Dispatcher"          daemon [_thread_blocked, id=17976, stack(0x0000003afc600000,0x0000003afc700000) (1024K)]
  0x000001ed0f00f850 JavaThread "Attach Listener"            daemon [_thread_blocked, id=10708, stack(0x0000003afc700000,0x0000003afc800000) (1024K)]
  0x000001ed0f011370 JavaThread "Service Thread"             daemon [_thread_blocked, id=17860, stack(0x0000003afc800000,0x0000003afc900000) (1024K)]
  0x000001ed0f013990 JavaThread "Monitor Deflation Thread"   daemon [_thread_blocked, id=5384, stack(0x0000003afc900000,0x0000003afca00000) (1024K)]
  0x000001ed0f01e620 JavaThread "C2 CompilerThread0"         daemon [_thread_blocked, id=7528, stack(0x0000003afca00000,0x0000003afcb00000) (1024K)]
  0x000001ed0f026380 JavaThread "C1 CompilerThread0"         daemon [_thread_blocked, id=3500, stack(0x0000003afcb00000,0x0000003afcc00000) (1024K)]
  0x000001ed0f014020 JavaThread "Common-Cleaner"             daemon [_thread_blocked, id=10340, stack(0x0000003afce00000,0x0000003afcf00000) (1024K)]
  0x000001ed0f0146b0 JavaThread "Notification Thread"        daemon [_thread_blocked, id=17204, stack(0x0000003afd000000,0x0000003afd100000) (1024K)]
  0x000001ed0f0160f0 JavaThread "ForkJoinPool.commonPool-worker-1" daemon [_thread_blocked, id=17084, stack(0x0000003afd600000,0x0000003afd700000) (1024K)]
  0x000001ed0f014d40 JavaThread "ForkJoinPool.commonPool-worker-2" daemon [_thread_blocked, id=2856, stack(0x0000003afd700000,0x0000003afd800000) (1024K)]
  0x000001ed0f0153d0 JavaThread "ForkJoinPool.commonPool-worker-3" daemon [_thread_blocked, id=6844, stack(0x0000003afd800000,0x0000003afd900000) (1024K)]
  0x000001ed0f015a60 JavaThread "ForkJoinPool.commonPool-worker-4" daemon [_thread_blocked, id=17768, stack(0x0000003afd900000,0x0000003afda00000) (1024K)]
  0x000001ed0f013300 JavaThread "ForkJoinPool.commonPool-worker-5" daemon [_thread_blocked, id=13124, stack(0x0000003afda00000,0x0000003afdb00000) (1024K)]
  0x000001ed0f012c70 JavaThread "ForkJoinPool.commonPool-worker-6" daemon [_thread_blocked, id=4840, stack(0x0000003afdb00000,0x0000003afdc00000) (1024K)]
  0x000001ed11282d80 JavaThread "ForkJoinPool.commonPool-worker-7" daemon [_thread_blocked, id=17532, stack(0x0000003afdc00000,0x0000003afdd00000) (1024K)]
  0x000001ed1127ff90 JavaThread "ForkJoinPool.commonPool-worker-8" daemon [_thread_blocked, id=3740, stack(0x0000003afdd00000,0x0000003afde00000) (1024K)]
  0x000001ed1127f270 JavaThread "ForkJoinPool.commonPool-worker-9" daemon [_thread_blocked, id=11500, stack(0x0000003afde00000,0x0000003afdf00000) (1024K)]
  0x000001ed112819d0 JavaThread "ForkJoinPool.commonPool-worker-10" daemon [_thread_blocked, id=18908, stack(0x0000003afdf00000,0x0000003afe000000) (1024K)]
  0x000001ed11280cb0 JavaThread "ForkJoinPool.commonPool-worker-12" daemon [_thread_blocked, id=18292, stack(0x0000003afe100000,0x0000003afe200000) (1024K)]
  0x000001ed11282060 JavaThread "ForkJoinPool.commonPool-worker-13" daemon [_thread_blocked, id=18004, stack(0x0000003afe200000,0x0000003afe300000) (1024K)]
  0x000001ed1127dec0 JavaThread "ForkJoinPool.commonPool-worker-14" daemon [_thread_blocked, id=3804, stack(0x0000003afe300000,0x0000003afe400000) (1024K)]
  0x000001ed11283aa0 JavaThread "ForkJoinPool.commonPool-worker-15" daemon [_thread_blocked, id=14164, stack(0x0000003afe400000,0x0000003afe500000) (1024K)]
  0x000001ed11abad40 JavaThread "JNA Cleaner"                daemon [_thread_blocked, id=4660, stack(0x0000003affc00000,0x0000003affd00000) (1024K)]
  0x000001ed11ab9990 JavaThread "Timer hack thread"          daemon [_thread_blocked, id=7516, stack(0x0000003affb00000,0x0000003affc00000) (1024K)]
  0x000001ed11ab5160 JavaThread "Yggdrasil Key Fetcher"      daemon [_thread_blocked, id=13508, stack(0x0000003affe00000,0x0000003afff00000) (1024K)]
  0x000001ed11ab8c70 JavaThread "modloading-worker-0"        daemon [_thread_blocked, id=5328, stack(0x0000003a80200000,0x0000003a80300000) (1024K)]
  0x000001ed11ab4440 JavaThread "modloading-worker-0"        daemon [_thread_blocked, id=18688, stack(0x0000003a80300000,0x0000003a80400000) (1024K)]
  0x000001ed11aba020 JavaThread "modloading-worker-0"        daemon [_thread_blocked, id=9756, stack(0x0000003a80500000,0x0000003a80600000) (1024K)]
  0x000001ed11abb3d0 JavaThread "FileSystemWatchService"     daemon [_thread_in_native, id=2192, stack(0x0000003a80700000,0x0000003a80800000) (1024K)]
  0x000001ed11ab57f0 JavaThread "config-file-watcher-0-0"    daemon [_thread_blocked, id=9296, stack(0x0000003a80800000,0x0000003a80900000) (1024K)]
  0x000001ed11ab6ba0 JavaThread "modloading-sync-worker"     daemon [_thread_blocked, id=19148, stack(0x0000003a80900000,0x0000003a80a00000) (1024K)]
  0x000001ed0f42d5d0 JavaThread "Sound engine"               daemon [_thread_blocked, id=4828, stack(0x0000003a80a00000,0x0000003a80b00000) (1024K)]
  0x000001ed0f42f010 JavaThread "Worker-Main-1"              daemon [_thread_blocked, id=12504, stack(0x0000003a80b00000,0x0000003a80c00000) (1024K)]
  0x000001ed0f42c220 JavaThread "Worker-Main-2"              daemon [_thread_blocked, id=8064, stack(0x0000003a80c00000,0x0000003a80d00000) (1024K)]
  0x000001ed0f42c8b0 JavaThread "Worker-Main-3"              daemon [_thread_blocked, id=2840, stack(0x0000003a80d00000,0x0000003a80e00000) (1024K)]
  0x000001ed0f42cf40 JavaThread "Worker-Main-5"              daemon [_thread_blocked, id=18336, stack(0x0000003a81000000,0x0000003a81100000) (1024K)]
  0x000001ed0f428710 JavaThread "Worker-Main-6"              daemon [_thread_blocked, id=14796, stack(0x0000003a81100000,0x0000003a81200000) (1024K)]
  0x000001ed0f429ac0 JavaThread "Worker-Main-7"              daemon [_thread_blocked, id=18492, stack(0x0000003a81200000,0x0000003a81300000) (1024K)]
  0x000001ed0f42e980 JavaThread "Worker-Main-8"              daemon [_thread_blocked, id=13276, stack(0x0000003a81300000,0x0000003a81400000) (1024K)]
  0x000001ed0f42a7e0 JavaThread "Worker-Main-9"              daemon [_thread_blocked, id=18152, stack(0x0000003a81400000,0x0000003a81500000) (1024K)]
  0x000001ed0f428080 JavaThread "Worker-Main-10"             daemon [_thread_blocked, id=10008, stack(0x0000003a81500000,0x0000003a81600000) (1024K)]
  0x000001ed0f428da0 JavaThread "Worker-Main-11"             daemon [_thread_blocked, id=10800, stack(0x0000003a81600000,0x0000003a81700000) (1024K)]
  0x000001ed0f42f6a0 JavaThread "Worker-Main-12"             daemon [_thread_blocked, id=12932, stack(0x0000003a81700000,0x0000003a81800000) (1024K)]
  0x000001ed0f42ae70 JavaThread "Worker-Main-13"             daemon [_thread_blocked, id=3588, stack(0x0000003a81800000,0x0000003a81900000) (1024K)]
  0x000001ed0f42b500 JavaThread "Worker-Main-14"             daemon [_thread_blocked, id=15416, stack(0x0000003a81900000,0x0000003a81a00000) (1024K)]
  0x000001ed11aba6b0 JavaThread "Worker-Main-15"             daemon [_thread_blocked, id=16052, stack(0x0000003a81a00000,0x0000003a81b00000) (1024K)]
  0x000001ed11abba60 JavaThread "IO-Worker-1"                       [_thread_blocked, id=17952, stack(0x0000003a80e00000,0x0000003a80f00000) (1024K)]
Total: 50

Other Threads:
  0x000001ecc94bbe50 VMThread "VM Thread"                           [id=4356, stack(0x0000003afc300000,0x0000003afc400000) (1024K)]
  0x000001ecc94abee0 WatcherThread "VM Periodic Task Thread"        [id=19336, stack(0x0000003afc200000,0x0000003afc300000) (1024K)]
  0x000001eca96d88b0 WorkerThread "GC Thread#0"                     [id=9516, stack(0x0000003afbd00000,0x0000003afbe00000) (1024K)]
  0x000001ed0f955690 WorkerThread "GC Thread#1"                     [id=18188, stack(0x0000003afd100000,0x0000003afd200000) (1024K)]
  0x000001ed0f955a40 WorkerThread "GC Thread#2"                     [id=17032, stack(0x0000003afd200000,0x0000003afd300000) (1024K)]
  0x000001ed0f8bc710 WorkerThread "GC Thread#3"                     [id=12248, stack(0x0000003afd300000,0x0000003afd400000) (1024K)]
  0x000001ed0f8bcac0 WorkerThread "GC Thread#4"                     [id=12660, stack(0x0000003afd400000,0x0000003afd500000) (1024K)]
  0x000001ed0f8bce70 WorkerThread "GC Thread#5"                     [id=19128, stack(0x0000003afd500000,0x0000003afd600000) (1024K)]
  0x000001ed10c88080 WorkerThread "GC Thread#6"                     [id=18216, stack(0x0000003afcf00000,0x0000003afd000000) (1024K)]
  0x000001ed10c88b90 WorkerThread "GC Thread#7"                     [id=5944, stack(0x0000003afea00000,0x0000003afeb00000) (1024K)]
  0x000001ed127ecef0 WorkerThread "GC Thread#8"                     [id=4320, stack(0x0000003afed00000,0x0000003afee00000) (1024K)]
  0x000001ed127e93f0 WorkerThread "GC Thread#9"                     [id=18776, stack(0x0000003afee00000,0x0000003afef00000) (1024K)]
  0x000001ed127ecb40 WorkerThread "GC Thread#10"                    [id=4160, stack(0x0000003afef00000,0x0000003aff000000) (1024K)]
  0x000001ed127eb520 WorkerThread "GC Thread#11"                    [id=2416, stack(0x0000003aff000000,0x0000003aff100000) (1024K)]
  0x000001ed127ec030 WorkerThread "GC Thread#12"                    [id=4740, stack(0x0000003aff100000,0x0000003aff200000) (1024K)]
  0x000001eca96e9990 ConcurrentGCThread "G1 Main Marker"            [id=2924, stack(0x0000003afbe00000,0x0000003afbf00000) (1024K)]
  0x000001eca96eb0b0 WorkerThread "G1 Conc#0"                       [id=4016, stack(0x0000003afbf00000,0x0000003afc000000) (1024K)]
  0x000001ed127ec3e0 WorkerThread "G1 Conc#1"                       [id=19024, stack(0x0000003aff200000,0x0000003aff300000) (1024K)]
  0x000001ed127eb8d0 WorkerThread "G1 Conc#2"                       [id=18404, stack(0x0000003aff300000,0x0000003aff400000) (1024K)]
  0x000001ecc936f980 ConcurrentGCThread "G1 Refine#0"               [id=18900, stack(0x0000003afc000000,0x0000003afc100000) (1024K)]
  0x000001ecc9370500 ConcurrentGCThread "G1 Service"                [id=16540, stack(0x0000003afc100000,0x0000003afc200000) (1024K)]
Total: 21

Threads with active compile tasks:
Total: 0

VM state: not at safepoint (normal execution)

VM Mutex/Monitor currently owned by a thread: None

Heap address: 0x0000000700c00000, size: 4084 MB, Compressed Oops mode: Zero based, Oop shift amount: 3

CDS archive(s) mapped at: [0x000001ecca000000-0x000001eccac90000-0x000001eccac90000), size 13172736, SharedBaseAddress: 0x000001ecca000000, ArchiveRelocationMode: 1.
Compressed class space mapped at: 0x000001eccb000000-0x000001ed0b000000, reserved size: 1073741824
Narrow klass base: 0x000001ecca000000, Narrow klass shift: 0, Narrow klass range: 0x100000000

GC Precious Log:
 CardTable entry size: 512
 Card Set container configuration: InlinePtr #cards 4 size 8 Array Of Cards #cards 16 size 48 Howl #buckets 8 coarsen threshold 3686 Howl Bitmap #cards 512 size 80 coarsen threshold 460 Card regions per heap region 1 cards per card region 4096
 CPUs: 16 total, 16 available
 Memory: 16329M
 Large Page Support: Disabled
 NUMA Support: Disabled
 Compressed Oops: Enabled (Zero based)
 Heap Region Size: 2M
 Heap Min Capacity: 8M
 Heap Initial Capacity: 256M
 Heap Max Capacity: 4084M
 Pre-touch: Disabled
 Parallel Workers: 13
 Concurrent Workers: 3
 Concurrent Refinement Workers: 13
 Periodic GC: Disabled

Heap:
 garbage-first heap   total 526336K, used 461670K [0x0000000700c00000, 0x0000000800000000)
  region size 2048K, 92 young (188416K), 7 survivors (14336K)
 Metaspace       used 110755K, committed 112128K, reserved 1179648K
  class space    used 16906K, committed 17536K, reserved 1048576K

Heap Regions: E=young(eden), S=young(survivor), O=old, HS=humongous(starts), HC=humongous(continues), CS=collection set, F=free, TAMS=top-at-mark-start, PB=parsable bottom
|   0|0x0000000700c00000, 0x0000000700e00000, 0x0000000700e00000|100%|HS|  |TAMS 0x0000000700c00000| PB 0x0000000700c00000| Complete 
|   1|0x0000000700e00000, 0x0000000701000000, 0x0000000701000000|100%|HS|  |TAMS 0x0000000700e00000| PB 0x0000000700e00000| Complete 
|   2|0x0000000701000000, 0x0000000701200000, 0x0000000701200000|100%|HS|  |TAMS 0x0000000701000000| PB 0x0000000701000000| Complete 
|   3|0x0000000701200000, 0x0000000701400000, 0x0000000701400000|100%| O|  |TAMS 0x0000000701200000| PB 0x0000000701200000| Untracked 
|   4|0x0000000701400000, 0x0000000701600000, 0x0000000701600000|100%| O|  |TAMS 0x0000000701400000| PB 0x0000000701400000| Untracked 
|   5|0x0000000701600000, 0x0000000701800000, 0x0000000701800000|100%| O|  |TAMS 0x0000000701600000| PB 0x0000000701600000| Untracked 
|   6|0x0000000701800000, 0x0000000701a00000, 0x0000000701a00000|100%| O|  |TAMS 0x0000000701800000| PB 0x0000000701800000| Untracked 
|   7|0x0000000701a00000, 0x0000000701c00000, 0x0000000701c00000|100%| O|  |TAMS 0x0000000701a00000| PB 0x0000000701a00000| Untracked 
|   8|0x0000000701c00000, 0x0000000701e00000, 0x0000000701e00000|100%|HS|  |TAMS 0x0000000701c00000| PB 0x0000000701c00000| Complete 
|   9|0x0000000701e00000, 0x0000000702000000, 0x0000000702000000|100%| O|  |TAMS 0x0000000701e00000| PB 0x0000000701e00000| Untracked 
|  10|0x0000000702000000, 0x0000000702200000, 0x0000000702200000|100%| O|  |TAMS 0x0000000702000000| PB 0x0000000702000000| Untracked 
|  11|0x0000000702200000, 0x0000000702400000, 0x0000000702400000|100%| O|  |TAMS 0x0000000702200000| PB 0x0000000702200000| Untracked 
|  12|0x0000000702400000, 0x0000000702600000, 0x0000000702600000|100%|HS|  |TAMS 0x0000000702400000| PB 0x0000000702400000| Complete 
|  13|0x0000000702600000, 0x0000000702800000, 0x0000000702800000|100%|HS|  |TAMS 0x0000000702600000| PB 0x0000000702600000| Complete 
|  14|0x0000000702800000, 0x0000000702a00000, 0x0000000702a00000|100%|HS|  |TAMS 0x0000000702800000| PB 0x0000000702800000| Complete 
|  15|0x0000000702a00000, 0x0000000702c00000, 0x0000000702c00000|100%|HS|  |TAMS 0x0000000702a00000| PB 0x0000000702a00000| Complete 
|  16|0x0000000702c00000, 0x0000000702e00000, 0x0000000702e00000|100%| O|  |TAMS 0x0000000702c00000| PB 0x0000000702c00000| Untracked 
|  17|0x0000000702e00000, 0x0000000703000000, 0x0000000703000000|100%| O|  |TAMS 0x0000000702e00000| PB 0x0000000702e00000| Untracked 
|  18|0x0000000703000000, 0x0000000703200000, 0x0000000703200000|100%| O|  |TAMS 0x0000000703000000| PB 0x0000000703000000| Untracked 
|  19|0x0000000703200000, 0x0000000703400000, 0x0000000703400000|100%| O|  |TAMS 0x0000000703200000| PB 0x0000000703200000| Untracked 
|  20|0x0000000703400000, 0x0000000703600000, 0x0000000703600000|100%| O|  |TAMS 0x0000000703400000| PB 0x0000000703400000| Untracked 
|  21|0x0000000703600000, 0x0000000703800000, 0x0000000703800000|100%| O|  |TAMS 0x0000000703600000| PB 0x0000000703600000| Untracked 
|  22|0x0000000703800000, 0x0000000703a00000, 0x0000000703a00000|100%| O|  |TAMS 0x0000000703800000| PB 0x0000000703800000| Untracked 
|  23|0x0000000703a00000, 0x0000000703c00000, 0x0000000703c00000|100%| O|  |TAMS 0x0000000703a00000| PB 0x0000000703a00000| Untracked 
|  24|0x0000000703c00000, 0x0000000703e00000, 0x0000000703e00000|100%| O|  |TAMS 0x0000000703c00000| PB 0x0000000703c00000| Untracked 
|  25|0x0000000703e00000, 0x0000000704000000, 0x0000000704000000|100%| O|  |TAMS 0x0000000703e00000| PB 0x0000000703e00000| Untracked 
|  26|0x0000000704000000, 0x0000000704200000, 0x0000000704200000|100%| O|  |TAMS 0x0000000704000000| PB 0x0000000704000000| Untracked 
|  27|0x0000000704200000, 0x0000000704400000, 0x0000000704400000|100%|HS|  |TAMS 0x0000000704200000| PB 0x0000000704200000| Complete 
|  28|0x0000000704400000, 0x0000000704600000, 0x0000000704600000|100%|HC|  |TAMS 0x0000000704400000| PB 0x0000000704400000| Complete 
|  29|0x0000000704600000, 0x0000000704800000, 0x0000000704800000|100%|HC|  |TAMS 0x0000000704600000| PB 0x0000000704600000| Complete 
|  30|0x0000000704800000, 0x0000000704a00000, 0x0000000704a00000|100%|HC|  |TAMS 0x0000000704800000| PB 0x0000000704800000| Complete 
|  31|0x0000000704a00000, 0x0000000704c00000, 0x0000000704c00000|100%|HC|  |TAMS 0x0000000704a00000| PB 0x0000000704a00000| Complete 
|  32|0x0000000704c00000, 0x0000000704e00000, 0x0000000704e00000|100%|HC|  |TAMS 0x0000000704c00000| PB 0x0000000704c00000| Complete 
|  33|0x0000000704e00000, 0x0000000705000000, 0x0000000705000000|100%| O|  |TAMS 0x0000000704e00000| PB 0x0000000704e00000| Untracked 
|  34|0x0000000705000000, 0x0000000705200000, 0x0000000705200000|100%| O|  |TAMS 0x0000000705000000| PB 0x0000000705000000| Untracked 
|  35|0x0000000705200000, 0x0000000705400000, 0x0000000705400000|100%| O|  |TAMS 0x0000000705200000| PB 0x0000000705200000| Untracked 
|  36|0x0000000705400000, 0x0000000705600000, 0x0000000705600000|100%| O|  |TAMS 0x0000000705400000| PB 0x0000000705400000| Untracked 
|  37|0x0000000705600000, 0x0000000705800000, 0x0000000705800000|100%| O|  |TAMS 0x0000000705600000| PB 0x0000000705600000| Untracked 
|  38|0x0000000705800000, 0x0000000705a00000, 0x0000000705a00000|100%| O|  |TAMS 0x0000000705800000| PB 0x0000000705800000| Untracked 
|  39|0x0000000705a00000, 0x0000000705c00000, 0x0000000705c00000|100%| O|  |TAMS 0x0000000705a00000| PB 0x0000000705a00000| Untracked 
|  40|0x0000000705c00000, 0x0000000705e00000, 0x0000000705e00000|100%| O|  |TAMS 0x0000000705c00000| PB 0x0000000705c00000| Untracked 
|  41|0x0000000705e00000, 0x0000000706000000, 0x0000000706000000|100%| O|  |TAMS 0x0000000705e00000| PB 0x0000000705e00000| Untracked 
|  42|0x0000000706000000, 0x0000000706200000, 0x0000000706200000|100%| O|  |TAMS 0x0000000706000000| PB 0x0000000706000000| Untracked 
|  43|0x0000000706200000, 0x0000000706400000, 0x0000000706400000|100%| O|  |TAMS 0x0000000706200000| PB 0x0000000706200000| Untracked 
|  44|0x0000000706400000, 0x0000000706600000, 0x0000000706600000|100%| O|  |TAMS 0x0000000706400000| PB 0x0000000706400000| Untracked 
|  45|0x0000000706600000, 0x0000000706800000, 0x0000000706800000|100%| O|  |TAMS 0x0000000706600000| PB 0x0000000706600000| Untracked 
|  46|0x0000000706800000, 0x0000000706a00000, 0x0000000706a00000|100%| O|  |TAMS 0x0000000706800000| PB 0x0000000706800000| Untracked 
|  47|0x0000000706a00000, 0x0000000706c00000, 0x0000000706c00000|100%| O|  |TAMS 0x0000000706a00000| PB 0x0000000706a00000| Untracked 
|  48|0x0000000706c00000, 0x0000000706e00000, 0x0000000706e00000|100%| O|  |TAMS 0x0000000706c00000| PB 0x0000000706c00000| Untracked 
|  49|0x0000000706e00000, 0x0000000707000000, 0x0000000707000000|100%| O|  |TAMS 0x0000000706e00000| PB 0x0000000706e00000| Untracked 
|  50|0x0000000707000000, 0x0000000707200000, 0x0000000707200000|100%| O|  |TAMS 0x0000000707000000| PB 0x0000000707000000| Untracked 
|  51|0x0000000707200000, 0x0000000707400000, 0x0000000707400000|100%| O|  |TAMS 0x0000000707200000| PB 0x0000000707200000| Untracked 
|  52|0x0000000707400000, 0x0000000707600000, 0x0000000707600000|100%| O|  |TAMS 0x0000000707400000| PB 0x0000000707400000| Untracked 
|  53|0x0000000707600000, 0x0000000707800000, 0x0000000707800000|100%| O|  |TAMS 0x0000000707600000| PB 0x0000000707600000| Untracked 
|  54|0x0000000707800000, 0x0000000707a00000, 0x0000000707a00000|100%| O|  |TAMS 0x0000000707800000| PB 0x0000000707800000| Untracked 
|  55|0x0000000707a00000, 0x0000000707c00000, 0x0000000707c00000|100%| O|  |TAMS 0x0000000707a00000| PB 0x0000000707a00000| Untracked 
|  56|0x0000000707c00000, 0x0000000707e00000, 0x0000000707e00000|100%| O|  |TAMS 0x0000000707c00000| PB 0x0000000707c00000| Untracked 
|  57|0x0000000707e00000, 0x0000000708000000, 0x0000000708000000|100%| O|  |TAMS 0x0000000707e00000| PB 0x0000000707e00000| Untracked 
|  58|0x0000000708000000, 0x0000000708200000, 0x0000000708200000|100%| O|  |TAMS 0x0000000708000000| PB 0x0000000708000000| Untracked 
|  59|0x0000000708200000, 0x0000000708400000, 0x0000000708400000|100%| O|  |TAMS 0x0000000708200000| PB 0x0000000708200000| Untracked 
|  60|0x0000000708400000, 0x0000000708600000, 0x0000000708600000|100%| O|  |TAMS 0x0000000708400000| PB 0x0000000708400000| Untracked 
|  61|0x0000000708600000, 0x0000000708800000, 0x0000000708800000|100%| O|  |TAMS 0x0000000708600000| PB 0x0000000708600000| Untracked 
|  62|0x0000000708800000, 0x0000000708a00000, 0x0000000708a00000|100%| O|  |TAMS 0x0000000708800000| PB 0x0000000708800000| Untracked 
|  63|0x0000000708a00000, 0x0000000708c00000, 0x0000000708c00000|100%| O|  |TAMS 0x0000000708a00000| PB 0x0000000708a00000| Untracked 
|  64|0x0000000708c00000, 0x0000000708e00000, 0x0000000708e00000|100%| O|  |TAMS 0x0000000708c00000| PB 0x0000000708c00000| Untracked 
|  65|0x0000000708e00000, 0x0000000709000000, 0x0000000709000000|100%| O|  |TAMS 0x0000000708e00000| PB 0x0000000708e00000| Untracked 
|  66|0x0000000709000000, 0x0000000709200000, 0x0000000709200000|100%| O|  |TAMS 0x0000000709000000| PB 0x0000000709000000| Untracked 
|  67|0x0000000709200000, 0x0000000709400000, 0x0000000709400000|100%| O|  |TAMS 0x0000000709200000| PB 0x0000000709200000| Untracked 
|  68|0x0000000709400000, 0x0000000709600000, 0x0000000709600000|100%| O|  |TAMS 0x0000000709400000| PB 0x0000000709400000| Untracked 
|  69|0x0000000709600000, 0x0000000709800000, 0x0000000709800000|100%| O|  |TAMS 0x0000000709600000| PB 0x0000000709600000| Untracked 
|  70|0x0000000709800000, 0x0000000709a00000, 0x0000000709a00000|100%| O|  |TAMS 0x0000000709800000| PB 0x0000000709800000| Untracked 
|  71|0x0000000709a00000, 0x0000000709c00000, 0x0000000709c00000|100%| O|  |TAMS 0x0000000709a00000| PB 0x0000000709a00000| Untracked 
|  72|0x0000000709c00000, 0x0000000709dffff8, 0x0000000709e00000| 99%| O|  |TAMS 0x0000000709c00000| PB 0x0000000709c00000| Untracked 
|  73|0x0000000709e00000, 0x000000070a000000, 0x000000070a000000|100%| O|  |TAMS 0x0000000709e00000| PB 0x0000000709e00000| Untracked 
|  74|0x000000070a000000, 0x000000070a200000, 0x000000070a200000|100%| O|  |TAMS 0x000000070a000000| PB 0x000000070a000000| Untracked 
|  75|0x000000070a200000, 0x000000070a400000, 0x000000070a400000|100%| O|  |TAMS 0x000000070a200000| PB 0x000000070a200000| Untracked 
|  76|0x000000070a400000, 0x000000070a600000, 0x000000070a600000|100%| O|  |TAMS 0x000000070a400000| PB 0x000000070a400000| Untracked 
|  77|0x000000070a600000, 0x000000070a800000, 0x000000070a800000|100%| O|  |TAMS 0x000000070a600000| PB 0x000000070a600000| Untracked 
|  78|0x000000070a800000, 0x000000070aa00000, 0x000000070aa00000|100%| O|  |TAMS 0x000000070a800000| PB 0x000000070a800000| Untracked 
|  79|0x000000070aa00000, 0x000000070ac00000, 0x000000070ac00000|100%| O|  |TAMS 0x000000070aa00000| PB 0x000000070aa00000| Untracked 
|  80|0x000000070ac00000, 0x000000070ae00000, 0x000000070ae00000|100%| O|  |TAMS 0x000000070ac00000| PB 0x000000070ac00000| Untracked 
|  81|0x000000070ae00000, 0x000000070b000000, 0x000000070b000000|100%| O|  |TAMS 0x000000070ae00000| PB 0x000000070ae00000| Untracked 
|  82|0x000000070b000000, 0x000000070b200000, 0x000000070b200000|100%| O|  |TAMS 0x000000070b000000| PB 0x000000070b000000| Untracked 
|  83|0x000000070b200000, 0x000000070b400000, 0x000000070b400000|100%| O|  |TAMS 0x000000070b200000| PB 0x000000070b200000| Untracked 
|  84|0x000000070b400000, 0x000000070b600000, 0x000000070b600000|100%| O|  |TAMS 0x000000070b400000| PB 0x000000070b400000| Untracked 
|  85|0x000000070b600000, 0x000000070b800000, 0x000000070b800000|100%| O|  |TAMS 0x000000070b600000| PB 0x000000070b600000| Untracked 
|  86|0x000000070b800000, 0x000000070ba00000, 0x000000070ba00000|100%| O|  |TAMS 0x000000070b800000| PB 0x000000070b800000| Untracked 
|  87|0x000000070ba00000, 0x000000070bc00000, 0x000000070bc00000|100%| O|  |TAMS 0x000000070ba00000| PB 0x000000070ba00000| Untracked 
|  88|0x000000070bc00000, 0x000000070be00000, 0x000000070be00000|100%| O|  |TAMS 0x000000070bc00000| PB 0x000000070bc00000| Untracked 
|  89|0x000000070be00000, 0x000000070c000000, 0x000000070c000000|100%| O|  |TAMS 0x000000070be00000| PB 0x000000070be00000| Untracked 
|  90|0x000000070c000000, 0x000000070c200000, 0x000000070c200000|100%| O|  |TAMS 0x000000070c000000| PB 0x000000070c000000| Untracked 
|  91|0x000000070c200000, 0x000000070c400000, 0x000000070c400000|100%| O|  |TAMS 0x000000070c200000| PB 0x000000070c200000| Untracked 
|  92|0x000000070c400000, 0x000000070c600000, 0x000000070c600000|100%| O|  |TAMS 0x000000070c400000| PB 0x000000070c400000| Untracked 
|  93|0x000000070c600000, 0x000000070c800000, 0x000000070c800000|100%| O|  |TAMS 0x000000070c600000| PB 0x000000070c600000| Untracked 
|  94|0x000000070c800000, 0x000000070ca00000, 0x000000070ca00000|100%| O|  |TAMS 0x000000070c800000| PB 0x000000070c800000| Untracked 
|  95|0x000000070ca00000, 0x000000070cc00000, 0x000000070cc00000|100%| O|  |TAMS 0x000000070ca00000| PB 0x000000070ca00000| Untracked 
|  96|0x000000070cc00000, 0x000000070ce00000, 0x000000070ce00000|100%| O|Cm|TAMS 0x000000070cc00000| PB 0x000000070cc00000| Complete 
|  97|0x000000070ce00000, 0x000000070d000000, 0x000000070d000000|100%| O|  |TAMS 0x000000070ce00000| PB 0x000000070ce00000| Untracked 
|  98|0x000000070d000000, 0x000000070d200000, 0x000000070d200000|100%| O|  |TAMS 0x000000070d000000| PB 0x000000070d000000| Untracked 
|  99|0x000000070d200000, 0x000000070d400000, 0x000000070d400000|100%| O|  |TAMS 0x000000070d200000| PB 0x000000070d200000| Untracked 
| 100|0x000000070d400000, 0x000000070d600000, 0x000000070d600000|100%| O|  |TAMS 0x000000070d400000| PB 0x000000070d400000| Untracked 
| 101|0x000000070d600000, 0x000000070d800000, 0x000000070d800000|100%| O|Cm|TAMS 0x000000070d600000| PB 0x000000070d600000| Complete 
| 102|0x000000070d800000, 0x000000070da00000, 0x000000070da00000|100%| O|  |TAMS 0x000000070d800000| PB 0x000000070d800000| Untracked 
| 103|0x000000070da00000, 0x000000070dc00000, 0x000000070dc00000|100%| O|  |TAMS 0x000000070da00000| PB 0x000000070da00000| Untracked 
| 104|0x000000070dc00000, 0x000000070de00000, 0x000000070de00000|100%| O|  |TAMS 0x000000070dc00000| PB 0x000000070dc00000| Untracked 
| 105|0x000000070de00000, 0x000000070de00000, 0x000000070e000000|  0%| F|  |TAMS 0x000000070de00000| PB 0x000000070de00000| Untracked 
| 106|0x000000070e000000, 0x000000070e000000, 0x000000070e200000|  0%| F|  |TAMS 0x000000070e000000| PB 0x000000070e000000| Untracked 
| 107|0x000000070e200000, 0x000000070e200000, 0x000000070e400000|  0%| F|  |TAMS 0x000000070e200000| PB 0x000000070e200000| Untracked 
| 108|0x000000070e400000, 0x000000070e400000, 0x000000070e600000|  0%| F|  |TAMS 0x000000070e400000| PB 0x000000070e400000| Untracked 
| 109|0x000000070e600000, 0x000000070e600000, 0x000000070e800000|  0%| F|  |TAMS 0x000000070e600000| PB 0x000000070e600000| Untracked 
| 110|0x000000070e800000, 0x000000070e800000, 0x000000070ea00000|  0%| F|  |TAMS 0x000000070e800000| PB 0x000000070e800000| Untracked 
| 111|0x000000070ea00000, 0x000000070ea00000, 0x000000070ec00000|  0%| F|  |TAMS 0x000000070ea00000| PB 0x000000070ea00000| Untracked 
| 112|0x000000070ec00000, 0x000000070ec00000, 0x000000070ee00000|  0%| F|  |TAMS 0x000000070ec00000| PB 0x000000070ec00000| Untracked 
| 113|0x000000070ee00000, 0x000000070ee00000, 0x000000070f000000|  0%| F|  |TAMS 0x000000070ee00000| PB 0x000000070ee00000| Untracked 
| 114|0x000000070f000000, 0x000000070f000000, 0x000000070f200000|  0%| F|  |TAMS 0x000000070f000000| PB 0x000000070f000000| Untracked 
| 115|0x000000070f200000, 0x000000070f200000, 0x000000070f400000|  0%| F|  |TAMS 0x000000070f200000| PB 0x000000070f200000| Untracked 
| 116|0x000000070f400000, 0x000000070f400000, 0x000000070f600000|  0%| F|  |TAMS 0x000000070f400000| PB 0x000000070f400000| Untracked 
| 117|0x000000070f600000, 0x000000070f600000, 0x000000070f800000|  0%| F|  |TAMS 0x000000070f600000| PB 0x000000070f600000| Untracked 
| 118|0x000000070f800000, 0x000000070f800000, 0x000000070fa00000|  0%| F|  |TAMS 0x000000070f800000| PB 0x000000070f800000| Untracked 
| 119|0x000000070fa00000, 0x000000070fa00000, 0x000000070fc00000|  0%| F|  |TAMS 0x000000070fa00000| PB 0x000000070fa00000| Untracked 
| 120|0x000000070fc00000, 0x000000070fc00000, 0x000000070fe00000|  0%| F|  |TAMS 0x000000070fc00000| PB 0x000000070fc00000| Untracked 
| 121|0x000000070fe00000, 0x000000070fe00000, 0x0000000710000000|  0%| F|  |TAMS 0x000000070fe00000| PB 0x000000070fe00000| Untracked 
| 122|0x0000000710000000, 0x0000000710200000, 0x0000000710200000|100%| O|  |TAMS 0x0000000710000000| PB 0x0000000710000000| Untracked 
| 123|0x0000000710200000, 0x0000000710400000, 0x0000000710400000|100%| O|  |TAMS 0x0000000710200000| PB 0x0000000710200000| Untracked 
| 124|0x0000000710400000, 0x0000000710600000, 0x0000000710600000|100%| O|  |TAMS 0x0000000710400000| PB 0x0000000710400000| Untracked 
| 125|0x0000000710600000, 0x0000000710800000, 0x0000000710800000|100%| O|  |TAMS 0x0000000710600000| PB 0x0000000710600000| Untracked 
| 126|0x0000000710800000, 0x0000000710a00000, 0x0000000710a00000|100%| O|  |TAMS 0x0000000710800000| PB 0x0000000710800000| Untracked 
| 127|0x0000000710a00000, 0x0000000710c00000, 0x0000000710c00000|100%| O|  |TAMS 0x0000000710a00000| PB 0x0000000710a00000| Untracked 
| 128|0x0000000710c00000, 0x0000000710c00000, 0x0000000710e00000|  0%| F|  |TAMS 0x0000000710c00000| PB 0x0000000710c00000| Untracked 
| 129|0x0000000710e00000, 0x0000000710e00000, 0x0000000711000000|  0%| F|  |TAMS 0x0000000710e00000| PB 0x0000000710e00000| Untracked 
| 130|0x0000000711000000, 0x0000000711000000, 0x0000000711200000|  0%| F|  |TAMS 0x0000000711000000| PB 0x0000000711000000| Untracked 
| 131|0x0000000711200000, 0x0000000711200000, 0x0000000711400000|  0%| F|  |TAMS 0x0000000711200000| PB 0x0000000711200000| Untracked 
| 132|0x0000000711400000, 0x0000000711400000, 0x0000000711600000|  0%| F|  |TAMS 0x0000000711400000| PB 0x0000000711400000| Untracked 
| 133|0x0000000711600000, 0x0000000711800000, 0x0000000711800000|100%| O|  |TAMS 0x0000000711600000| PB 0x0000000711600000| Untracked 
| 134|0x0000000711800000, 0x0000000711a00000, 0x0000000711a00000|100%| O|  |TAMS 0x0000000711800000| PB 0x0000000711800000| Untracked 
| 135|0x0000000711a00000, 0x0000000711c00000, 0x0000000711c00000|100%| O|  |TAMS 0x0000000711a00000| PB 0x0000000711a00000| Untracked 
| 136|0x0000000711c00000, 0x0000000711e00000, 0x0000000711e00000|100%| O|  |TAMS 0x0000000711c00000| PB 0x0000000711c00000| Untracked 
| 137|0x0000000711e00000, 0x0000000712000000, 0x0000000712000000|100%| O|  |TAMS 0x0000000711e00000| PB 0x0000000711e00000| Untracked 
| 138|0x0000000712000000, 0x0000000712200000, 0x0000000712200000|100%| O|  |TAMS 0x0000000712000000| PB 0x0000000712000000| Untracked 
| 139|0x0000000712200000, 0x0000000712400000, 0x0000000712400000|100%| O|  |TAMS 0x0000000712200000| PB 0x0000000712200000| Untracked 
| 140|0x0000000712400000, 0x0000000712600000, 0x0000000712600000|100%| O|  |TAMS 0x0000000712400000| PB 0x0000000712400000| Untracked 
| 141|0x0000000712600000, 0x0000000712800000, 0x0000000712800000|100%| O|  |TAMS 0x0000000712600000| PB 0x0000000712600000| Untracked 
| 142|0x0000000712800000, 0x0000000712a00000, 0x0000000712a00000|100%| O|  |TAMS 0x0000000712800000| PB 0x0000000712800000| Untracked 
| 143|0x0000000712a00000, 0x0000000712c00000, 0x0000000712c00000|100%| O|  |TAMS 0x0000000712a00000| PB 0x0000000712a00000| Untracked 
| 144|0x0000000712c00000, 0x0000000712c79f78, 0x0000000712e00000| 23%| S|CS|TAMS 0x0000000712c00000| PB 0x0000000712c00000| Complete 
| 145|0x0000000712e00000, 0x0000000713000000, 0x0000000713000000|100%| S|CS|TAMS 0x0000000712e00000| PB 0x0000000712e00000| Complete 
| 146|0x0000000713000000, 0x0000000713200000, 0x0000000713200000|100%| S|CS|TAMS 0x0000000713000000| PB 0x0000000713000000| Complete 
| 147|0x0000000713200000, 0x0000000713400000, 0x0000000713400000|100%| S|CS|TAMS 0x0000000713200000| PB 0x0000000713200000| Complete 
| 148|0x0000000713400000, 0x0000000713600000, 0x0000000713600000|100%| S|CS|TAMS 0x0000000713400000| PB 0x0000000713400000| Complete 
| 149|0x0000000713600000, 0x0000000713800000, 0x0000000713800000|100%| S|CS|TAMS 0x0000000713600000| PB 0x0000000713600000| Complete 
| 150|0x0000000713800000, 0x0000000713a00000, 0x0000000713a00000|100%| S|CS|TAMS 0x0000000713800000| PB 0x0000000713800000| Complete 
| 151|0x0000000713a00000, 0x0000000713a00000, 0x0000000713c00000|  0%| F|  |TAMS 0x0000000713a00000| PB 0x0000000713a00000| Untracked 
| 152|0x0000000713c00000, 0x0000000713c00000, 0x0000000713e00000|  0%| F|  |TAMS 0x0000000713c00000| PB 0x0000000713c00000| Untracked 
| 153|0x0000000713e00000, 0x0000000713e00000, 0x0000000714000000|  0%| F|  |TAMS 0x0000000713e00000| PB 0x0000000713e00000| Untracked 
| 154|0x0000000714000000, 0x0000000714000000, 0x0000000714200000|  0%| F|  |TAMS 0x0000000714000000| PB 0x0000000714000000| Untracked 
| 155|0x0000000714200000, 0x0000000714200000, 0x0000000714400000|  0%| F|  |TAMS 0x0000000714200000| PB 0x0000000714200000| Untracked 
| 156|0x0000000714400000, 0x0000000714400000, 0x0000000714600000|  0%| F|  |TAMS 0x0000000714400000| PB 0x0000000714400000| Untracked 
| 157|0x0000000714600000, 0x0000000714600000, 0x0000000714800000|  0%| F|  |TAMS 0x0000000714600000| PB 0x0000000714600000| Untracked 
| 158|0x0000000714800000, 0x0000000714a00000, 0x0000000714a00000|100%| E|  |TAMS 0x0000000714800000| PB 0x0000000714800000| Complete 
| 159|0x0000000714a00000, 0x0000000714c00000, 0x0000000714c00000|100%| E|CS|TAMS 0x0000000714a00000| PB 0x0000000714a00000| Complete 
| 160|0x0000000714c00000, 0x0000000714e00000, 0x0000000714e00000|100%| E|CS|TAMS 0x0000000714c00000| PB 0x0000000714c00000| Complete 
| 161|0x0000000714e00000, 0x0000000715000000, 0x0000000715000000|100%| E|CS|TAMS 0x0000000714e00000| PB 0x0000000714e00000| Complete 
| 162|0x0000000715000000, 0x0000000715200000, 0x0000000715200000|100%| E|CS|TAMS 0x0000000715000000| PB 0x0000000715000000| Complete 
| 163|0x0000000715200000, 0x0000000715400000, 0x0000000715400000|100%| E|CS|TAMS 0x0000000715200000| PB 0x0000000715200000| Complete 
| 164|0x0000000715400000, 0x0000000715600000, 0x0000000715600000|100%| E|CS|TAMS 0x0000000715400000| PB 0x0000000715400000| Complete 
| 165|0x0000000715600000, 0x0000000715800000, 0x0000000715800000|100%| E|CS|TAMS 0x0000000715600000| PB 0x0000000715600000| Complete 
| 166|0x0000000715800000, 0x0000000715a00000, 0x0000000715a00000|100%| E|CS|TAMS 0x0000000715800000| PB 0x0000000715800000| Complete 
| 167|0x0000000715a00000, 0x0000000715c00000, 0x0000000715c00000|100%| E|CS|TAMS 0x0000000715a00000| PB 0x0000000715a00000| Complete 
| 168|0x0000000715c00000, 0x0000000715e00000, 0x0000000715e00000|100%| E|CS|TAMS 0x0000000715c00000| PB 0x0000000715c00000| Complete 
| 169|0x0000000715e00000, 0x0000000716000000, 0x0000000716000000|100%| E|CS|TAMS 0x0000000715e00000| PB 0x0000000715e00000| Complete 
| 170|0x0000000716000000, 0x0000000716200000, 0x0000000716200000|100%| E|CS|TAMS 0x0000000716000000| PB 0x0000000716000000| Complete 
| 171|0x0000000716200000, 0x0000000716400000, 0x0000000716400000|100%| E|CS|TAMS 0x0000000716200000| PB 0x0000000716200000| Complete 
| 172|0x0000000716400000, 0x0000000716600000, 0x0000000716600000|100%| E|CS|TAMS 0x0000000716400000| PB 0x0000000716400000| Complete 
| 173|0x0000000716600000, 0x0000000716800000, 0x0000000716800000|100%| E|CS|TAMS 0x0000000716600000| PB 0x0000000716600000| Complete 
| 174|0x0000000716800000, 0x0000000716a00000, 0x0000000716a00000|100%| E|CS|TAMS 0x0000000716800000| PB 0x0000000716800000| Complete 
| 175|0x0000000716a00000, 0x0000000716c00000, 0x0000000716c00000|100%| E|CS|TAMS 0x0000000716a00000| PB 0x0000000716a00000| Complete 
| 176|0x0000000716c00000, 0x0000000716e00000, 0x0000000716e00000|100%| E|CS|TAMS 0x0000000716c00000| PB 0x0000000716c00000| Complete 
| 177|0x0000000716e00000, 0x0000000717000000, 0x0000000717000000|100%| E|CS|TAMS 0x0000000716e00000| PB 0x0000000716e00000| Complete 
| 178|0x0000000717000000, 0x0000000717200000, 0x0000000717200000|100%| E|CS|TAMS 0x0000000717000000| PB 0x0000000717000000| Complete 
| 179|0x0000000717200000, 0x0000000717400000, 0x0000000717400000|100%| E|CS|TAMS 0x0000000717200000| PB 0x0000000717200000| Complete 
| 180|0x0000000717400000, 0x0000000717600000, 0x0000000717600000|100%| E|CS|TAMS 0x0000000717400000| PB 0x0000000717400000| Complete 
| 181|0x0000000717600000, 0x0000000717800000, 0x0000000717800000|100%| E|CS|TAMS 0x0000000717600000| PB 0x0000000717600000| Complete 
| 182|0x0000000717800000, 0x0000000717a00000, 0x0000000717a00000|100%| E|CS|TAMS 0x0000000717800000| PB 0x0000000717800000| Complete 
| 183|0x0000000717a00000, 0x0000000717c00000, 0x0000000717c00000|100%| E|CS|TAMS 0x0000000717a00000| PB 0x0000000717a00000| Complete 
| 184|0x0000000717c00000, 0x0000000717e00000, 0x0000000717e00000|100%| E|CS|TAMS 0x0000000717c00000| PB 0x0000000717c00000| Complete 
| 185|0x0000000717e00000, 0x0000000718000000, 0x0000000718000000|100%| E|CS|TAMS 0x0000000717e00000| PB 0x0000000717e00000| Complete 
| 186|0x0000000718000000, 0x0000000718200000, 0x0000000718200000|100%| E|CS|TAMS 0x0000000718000000| PB 0x0000000718000000| Complete 
| 187|0x0000000718200000, 0x0000000718400000, 0x0000000718400000|100%| E|CS|TAMS 0x0000000718200000| PB 0x0000000718200000| Complete 
| 188|0x0000000718400000, 0x0000000718600000, 0x0000000718600000|100%| E|CS|TAMS 0x0000000718400000| PB 0x0000000718400000| Complete 
| 189|0x0000000718600000, 0x0000000718800000, 0x0000000718800000|100%| E|CS|TAMS 0x0000000718600000| PB 0x0000000718600000| Complete 
| 190|0x0000000718800000, 0x0000000718a00000, 0x0000000718a00000|100%| E|CS|TAMS 0x0000000718800000| PB 0x0000000718800000| Complete 
| 191|0x0000000718a00000, 0x0000000718c00000, 0x0000000718c00000|100%| E|CS|TAMS 0x0000000718a00000| PB 0x0000000718a00000| Complete 
| 192|0x0000000718c00000, 0x0000000718e00000, 0x0000000718e00000|100%| E|CS|TAMS 0x0000000718c00000| PB 0x0000000718c00000| Complete 
| 193|0x0000000718e00000, 0x0000000719000000, 0x0000000719000000|100%| E|CS|TAMS 0x0000000718e00000| PB 0x0000000718e00000| Complete 
| 194|0x0000000719000000, 0x0000000719200000, 0x0000000719200000|100%| E|CS|TAMS 0x0000000719000000| PB 0x0000000719000000| Complete 
| 195|0x0000000719200000, 0x0000000719400000, 0x0000000719400000|100%| E|CS|TAMS 0x0000000719200000| PB 0x0000000719200000| Complete 
| 196|0x0000000719400000, 0x0000000719600000, 0x0000000719600000|100%| E|CS|TAMS 0x0000000719400000| PB 0x0000000719400000| Complete 
| 197|0x0000000719600000, 0x0000000719800000, 0x0000000719800000|100%| E|CS|TAMS 0x0000000719600000| PB 0x0000000719600000| Complete 
| 198|0x0000000719800000, 0x0000000719a00000, 0x0000000719a00000|100%| E|CS|TAMS 0x0000000719800000| PB 0x0000000719800000| Complete 
| 199|0x0000000719a00000, 0x0000000719c00000, 0x0000000719c00000|100%| E|CS|TAMS 0x0000000719a00000| PB 0x0000000719a00000| Complete 
| 200|0x0000000719c00000, 0x0000000719e00000, 0x0000000719e00000|100%| E|CS|TAMS 0x0000000719c00000| PB 0x0000000719c00000| Complete 
| 201|0x0000000719e00000, 0x000000071a000000, 0x000000071a000000|100%| E|CS|TAMS 0x0000000719e00000| PB 0x0000000719e00000| Complete 
| 202|0x000000071a000000, 0x000000071a200000, 0x000000071a200000|100%| E|CS|TAMS 0x000000071a000000| PB 0x000000071a000000| Complete 
| 203|0x000000071a200000, 0x000000071a400000, 0x000000071a400000|100%| E|CS|TAMS 0x000000071a200000| PB 0x000000071a200000| Complete 
| 204|0x000000071a400000, 0x000000071a600000, 0x000000071a600000|100%| E|CS|TAMS 0x000000071a400000| PB 0x000000071a400000| Complete 
| 205|0x000000071a600000, 0x000000071a800000, 0x000000071a800000|100%| E|CS|TAMS 0x000000071a600000| PB 0x000000071a600000| Complete 
| 206|0x000000071a800000, 0x000000071aa00000, 0x000000071aa00000|100%| E|CS|TAMS 0x000000071a800000| PB 0x000000071a800000| Complete 
| 207|0x000000071aa00000, 0x000000071ac00000, 0x000000071ac00000|100%| E|CS|TAMS 0x000000071aa00000| PB 0x000000071aa00000| Complete 
| 208|0x000000071ac00000, 0x000000071ae00000, 0x000000071ae00000|100%| E|CS|TAMS 0x000000071ac00000| PB 0x000000071ac00000| Complete 
| 209|0x000000071ae00000, 0x000000071b000000, 0x000000071b000000|100%| E|CS|TAMS 0x000000071ae00000| PB 0x000000071ae00000| Complete 
| 210|0x000000071b000000, 0x000000071b200000, 0x000000071b200000|100%| E|CS|TAMS 0x000000071b000000| PB 0x000000071b000000| Complete 
| 211|0x000000071b200000, 0x000000071b400000, 0x000000071b400000|100%| E|CS|TAMS 0x000000071b200000| PB 0x000000071b200000| Complete 
| 212|0x000000071b400000, 0x000000071b600000, 0x000000071b600000|100%| E|CS|TAMS 0x000000071b400000| PB 0x000000071b400000| Complete 
| 213|0x000000071b600000, 0x000000071b800000, 0x000000071b800000|100%| E|CS|TAMS 0x000000071b600000| PB 0x000000071b600000| Complete 
| 214|0x000000071b800000, 0x000000071ba00000, 0x000000071ba00000|100%| E|CS|TAMS 0x000000071b800000| PB 0x000000071b800000| Complete 
| 215|0x000000071ba00000, 0x000000071bc00000, 0x000000071bc00000|100%| E|CS|TAMS 0x000000071ba00000| PB 0x000000071ba00000| Complete 
| 216|0x000000071bc00000, 0x000000071be00000, 0x000000071be00000|100%| E|CS|TAMS 0x000000071bc00000| PB 0x000000071bc00000| Complete 
| 217|0x000000071be00000, 0x000000071c000000, 0x000000071c000000|100%| E|CS|TAMS 0x000000071be00000| PB 0x000000071be00000| Complete 
| 218|0x000000071c000000, 0x000000071c200000, 0x000000071c200000|100%| E|CS|TAMS 0x000000071c000000| PB 0x000000071c000000| Complete 
| 219|0x000000071c200000, 0x000000071c400000, 0x000000071c400000|100%| E|CS|TAMS 0x000000071c200000| PB 0x000000071c200000| Complete 
| 220|0x000000071c400000, 0x000000071c600000, 0x000000071c600000|100%| E|CS|TAMS 0x000000071c400000| PB 0x000000071c400000| Complete 
| 221|0x000000071c600000, 0x000000071c800000, 0x000000071c800000|100%| E|CS|TAMS 0x000000071c600000| PB 0x000000071c600000| Complete 
| 222|0x000000071c800000, 0x000000071ca00000, 0x000000071ca00000|100%| E|CS|TAMS 0x000000071c800000| PB 0x000000071c800000| Complete 
| 223|0x000000071ca00000, 0x000000071cc00000, 0x000000071cc00000|100%| E|CS|TAMS 0x000000071ca00000| PB 0x000000071ca00000| Complete 
| 224|0x000000071cc00000, 0x000000071ce00000, 0x000000071ce00000|100%| E|CS|TAMS 0x000000071cc00000| PB 0x000000071cc00000| Complete 
| 225|0x000000071ce00000, 0x000000071d000000, 0x000000071d000000|100%| E|CS|TAMS 0x000000071ce00000| PB 0x000000071ce00000| Complete 
| 226|0x000000071d000000, 0x000000071d200000, 0x000000071d200000|100%| E|CS|TAMS 0x000000071d000000| PB 0x000000071d000000| Complete 
| 227|0x000000071d200000, 0x000000071d400000, 0x000000071d400000|100%| E|CS|TAMS 0x000000071d200000| PB 0x000000071d200000| Complete 
| 228|0x000000071d400000, 0x000000071d600000, 0x000000071d600000|100%| E|CS|TAMS 0x000000071d400000| PB 0x000000071d400000| Complete 
| 229|0x000000071d600000, 0x000000071d800000, 0x000000071d800000|100%| E|CS|TAMS 0x000000071d600000| PB 0x000000071d600000| Complete 
| 230|0x000000071d800000, 0x000000071da00000, 0x000000071da00000|100%| E|CS|TAMS 0x000000071d800000| PB 0x000000071d800000| Complete 
| 231|0x000000071da00000, 0x000000071dc00000, 0x000000071dc00000|100%| E|CS|TAMS 0x000000071da00000| PB 0x000000071da00000| Complete 
| 232|0x000000071dc00000, 0x000000071de00000, 0x000000071de00000|100%| E|CS|TAMS 0x000000071dc00000| PB 0x000000071dc00000| Complete 
| 233|0x000000071de00000, 0x000000071e000000, 0x000000071e000000|100%| E|CS|TAMS 0x000000071de00000| PB 0x000000071de00000| Complete 
| 234|0x000000071e000000, 0x000000071e200000, 0x000000071e200000|100%| E|CS|TAMS 0x000000071e000000| PB 0x000000071e000000| Complete 
| 235|0x000000071e200000, 0x000000071e400000, 0x000000071e400000|100%| E|CS|TAMS 0x000000071e200000| PB 0x000000071e200000| Complete 
| 236|0x000000071e400000, 0x000000071e600000, 0x000000071e600000|100%| E|CS|TAMS 0x000000071e400000| PB 0x000000071e400000| Complete 
| 237|0x000000071e600000, 0x000000071e800000, 0x000000071e800000|100%| E|CS|TAMS 0x000000071e600000| PB 0x000000071e600000| Complete 
| 238|0x000000071e800000, 0x000000071ea00000, 0x000000071ea00000|100%| E|CS|TAMS 0x000000071e800000| PB 0x000000071e800000| Complete 
| 239|0x000000071ea00000, 0x000000071ec00000, 0x000000071ec00000|100%| E|CS|TAMS 0x000000071ea00000| PB 0x000000071ea00000| Complete 
|2025|0x00000007fde00000, 0x00000007fde5f930, 0x00000007fe000000| 18%| O|  |TAMS 0x00000007fde00000| PB 0x00000007fde00000| Untracked 
|2026|0x00000007fe000000, 0x00000007fe200000, 0x00000007fe200000|100%| O|  |TAMS 0x00000007fe000000| PB 0x00000007fe000000| Untracked 
|2027|0x00000007fe200000, 0x00000007fe400000, 0x00000007fe400000|100%| O|  |TAMS 0x00000007fe200000| PB 0x00000007fe200000| Untracked 
|2028|0x00000007fe400000, 0x00000007fe600000, 0x00000007fe600000|100%| O|  |TAMS 0x00000007fe400000| PB 0x00000007fe400000| Untracked 
|2029|0x00000007fe600000, 0x00000007fe800000, 0x00000007fe800000|100%| O|  |TAMS 0x00000007fe600000| PB 0x00000007fe600000| Untracked 
|2030|0x00000007fe800000, 0x00000007fea00000, 0x00000007fea00000|100%| O|  |TAMS 0x00000007fe800000| PB 0x00000007fe800000| Untracked 
|2031|0x00000007fea00000, 0x00000007fec00000, 0x00000007fec00000|100%| E|CS|TAMS 0x00000007fea00000| PB 0x00000007fea00000| Complete 
|2032|0x00000007fec00000, 0x00000007fee00000, 0x00000007fee00000|100%| E|CS|TAMS 0x00000007fec00000| PB 0x00000007fec00000| Complete 
|2033|0x00000007fee00000, 0x00000007ff000000, 0x00000007ff000000|100%| E|CS|TAMS 0x00000007fee00000| PB 0x00000007fee00000| Complete 
|2034|0x00000007ff000000, 0x00000007ff200000, 0x00000007ff200000|100%| O|  |TAMS 0x00000007ff000000| PB 0x00000007ff000000| Untracked 
|2035|0x00000007ff200000, 0x00000007ff400000, 0x00000007ff400000|100%| O|  |TAMS 0x00000007ff200000| PB 0x00000007ff200000| Untracked 
|2036|0x00000007ff400000, 0x00000007ff600000, 0x00000007ff600000|100%| O|  |TAMS 0x00000007ff400000| PB 0x00000007ff400000| Untracked 
|2037|0x00000007ff600000, 0x00000007ff800000, 0x00000007ff800000|100%| O|  |TAMS 0x00000007ff600000| PB 0x00000007ff600000| Untracked 
|2038|0x00000007ff800000, 0x00000007ffa00000, 0x00000007ffa00000|100%| O|  |TAMS 0x00000007ff800000| PB 0x00000007ff800000| Untracked 
|2039|0x00000007ffa00000, 0x00000007ffc00000, 0x00000007ffc00000|100%| O|  |TAMS 0x00000007ffa00000| PB 0x00000007ffa00000| Untracked 
|2040|0x00000007ffc00000, 0x00000007ffe00000, 0x00000007ffe00000|100%| O|  |TAMS 0x00000007ffc00000| PB 0x00000007ffc00000| Untracked 
|2041|0x00000007ffe00000, 0x0000000800000000, 0x0000000800000000|100%| O|  |TAMS 0x00000007ffe00000| PB 0x00000007ffe00000| Untracked 

Card table byte_map: [0x000001ecc25f0000,0x000001ecc2df0000] _byte_map_base: 0x000001ecbedea000

Marking Bits: (CMBitMap*) 0x000001eca96d8fc0
 Bits: [0x000001ecc2df0000, 0x000001ecc6dc0000)

Polling page: 0x000001eca7b70000

Metaspace:

Usage:
  Non-class:     91.65 MB used.
      Class:     16.51 MB used.
       Both:    108.16 MB used.

Virtual space:
  Non-class space:      128.00 MB reserved,      92.38 MB ( 72%) committed,  2 nodes.
      Class space:        1.00 GB reserved,      17.12 MB (  2%) committed,  1 nodes.
             Both:        1.12 GB reserved,     109.50 MB ( 10%) committed. 

Chunk freelists:
   Non-Class:  2.84 MB
       Class:  14.84 MB
        Both:  17.69 MB

MaxMetaspaceSize: unlimited
CompressedClassSpaceSize: 1.00 GB
Initial GC threshold: 21.00 MB
Current GC threshold: 176.38 MB
CDS: on
 - commit_granule_bytes: 65536.
 - commit_granule_words: 8192.
 - virtual_space_node_default_size: 8388608.
 - enlarge_chunks_in_place: 1.
 - use_allocation_guard: 0.


Internal statistics:

num_allocs_failed_limit: 20.
num_arena_births: 2200.
num_arena_deaths: 128.
num_vsnodes_births: 3.
num_vsnodes_deaths: 0.
num_space_committed: 1745.
num_space_uncommitted: 0.
num_chunks_returned_to_freelist: 196.
num_chunks_taken_from_freelist: 7146.
num_chunk_merges: 71.
num_chunk_splits: 4407.
num_chunks_enlarged: 2851.
num_inconsistent_stats: 0.

CodeHeap 'non-profiled nmethods': size=119168Kb used=7420Kb max_used=7420Kb free=111747Kb
 bounds [0x000001ecb9ad0000, 0x000001ecba210000, 0x000001ecc0f30000]
CodeHeap 'profiled nmethods': size=119104Kb used=22776Kb max_used=22776Kb free=96327Kb
 bounds [0x000001ecb1f30000, 0x000001ecb3570000, 0x000001ecb9380000]
CodeHeap 'non-nmethods': size=7488Kb used=3360Kb max_used=4275Kb free=4127Kb
 bounds [0x000001ecb9380000, 0x000001ecb97c0000, 0x000001ecb9ad0000]
 total_blobs=15527 nmethods=13449 adapters=1979
 compilation: enabled
              stopped_count=0, restarted_count=0
 full_count=0

Compilation events (20 events):
Event: 95.176 Thread 0x000001ed0f01e620 17593       4       net.minecraft.client.gui.GuiGraphics::blit (24 bytes)
Event: 95.177 Thread 0x000001ed0f01e620 nmethod 17593 0x000001ecba206d90 code [0x000001ecba206f40, 0x000001ecba207060]
Event: 95.591 Thread 0x000001ed0f01e620 17594       4       net.minecraft.client.sounds.SoundEngineExecutor::wrapRunnable (2 bytes)
Event: 95.592 Thread 0x000001ed0f01e620 nmethod 17594 0x000001ecba207190 code [0x000001ecba207320, 0x000001ecba2073a8]
Event: 96.462 Thread 0x000001ed0f01e620 17595       4       net.minecraft.client.gui.screens.Screen::render (58 bytes)
Event: 96.512 Thread 0x000001ed0f01e620 nmethod 17595 0x000001ecba207490 code [0x000001ecba207920, 0x000001ecba2094e0]
Event: 97.988 Thread 0x000001ed0f01e620 17597       4       net.neoforged.neoforge.client.ClientHooks::getGuiFarPlane (45 bytes)
Event: 97.990 Thread 0x000001ed0f01e620 nmethod 17597 0x000001ecba20b810 code [0x000001ecba20b9e0, 0x000001ecba20bc18]
Event: 97.990 Thread 0x000001ed0f01e620 17598       4       org.joml.Matrix4f::rotateYXZ (9 bytes)
Event: 97.991 Thread 0x000001ed0f01e620 nmethod 17598 0x000001ecba20bd10 code [0x000001ecba20bea0, 0x000001ecba20c008]
Event: 98.593 Thread 0x000001ed0f01e620 17599       4       net.minecraft.client.renderer.texture.TextureManager::tick (39 bytes)
Event: 98.649 Thread 0x000001ed0f01e620 nmethod 17599 0x000001ecba20c190 code [0x000001ecba20c500, 0x000001ecba20dc50]
Event: 99.805 Thread 0x000001ed0f01e620 17600       4       com.mojang.blaze3d.systems.RenderSystem::enableCull (7 bytes)
Event: 99.807 Thread 0x000001ed0f01e620 nmethod 17600 0x000001ecba20ea90 code [0x000001ecba20ec20, 0x000001ecba20ed48]
Event: 100.387 Thread 0x000001ed0f01e620 17601       4       net.minecraft.client.gui.screens.Screen::tick (1 bytes)
Event: 100.388 Thread 0x000001ed0f01e620 nmethod 17601 0x000001ecba20ef10 code [0x000001ecba20f0a0, 0x000001ecba20f128]
Event: 101.942 Thread 0x000001ed0f026380 17602       3       jdk.internal.misc.Unsafe::alignToHeapWordSize (29 bytes)
Event: 101.942 Thread 0x000001ed0f026380 nmethod 17602 0x000001ecb356d790 code [0x000001ecb356d940, 0x000001ecb356dbd8]
Event: 101.942 Thread 0x000001ed0f026380 17603       3       jdk.internal.misc.Unsafe::allocateMemoryChecks (6 bytes)
Event: 101.942 Thread 0x000001ed0f026380 nmethod 17603 0x000001ecb356dd10 code [0x000001ecb356dee0, 0x000001ecb356e1b8]

GC Heap History (20 events):
Event: 33.651 GC heap before
{Heap before GC invocations=64 (full 0):
 garbage-first heap   total 514048K, used 480996K [0x0000000700c00000, 0x0000000800000000)
  region size 2048K, 146 young (299008K), 1 survivors (2048K)
 Metaspace       used 96244K, committed 97536K, reserved 1179648K
  class space    used 14608K, committed 15232K, reserved 1048576K
}
Event: 33.653 GC heap after
{Heap after GC invocations=65 (full 0):
 garbage-first heap   total 514048K, used 184108K [0x0000000700c00000, 0x0000000800000000)
  region size 2048K, 1 young (2048K), 1 survivors (2048K)
 Metaspace       used 96244K, committed 97536K, reserved 1179648K
  class space    used 14608K, committed 15232K, reserved 1048576K
}
Event: 34.081 GC heap before
{Heap before GC invocations=65 (full 0):
 garbage-first heap   total 514048K, used 481068K [0x0000000700c00000, 0x0000000800000000)
  region size 2048K, 146 young (299008K), 1 survivors (2048K)
 Metaspace       used 96246K, committed 97536K, reserved 1179648K
  class space    used 14608K, committed 15232K, reserved 1048576K
}
Event: 34.084 GC heap after
{Heap after GC invocations=66 (full 0):
 garbage-first heap   total 514048K, used 183903K [0x0000000700c00000, 0x0000000800000000)
  region size 2048K, 1 young (2048K), 1 survivors (2048K)
 Metaspace       used 96246K, committed 97536K, reserved 1179648K
  class space    used 14608K, committed 15232K, reserved 1048576K
}
Event: 34.524 GC heap before
{Heap before GC invocations=66 (full 0):
 garbage-first heap   total 514048K, used 480863K [0x0000000700c00000, 0x0000000800000000)
  region size 2048K, 146 young (299008K), 1 survivors (2048K)
 Metaspace       used 96251K, committed 97536K, reserved 1179648K
  class space    used 14608K, committed 15232K, reserved 1048576K
}
Event: 34.526 GC heap after
{Heap after GC invocations=67 (full 0):
 garbage-first heap   total 514048K, used 184085K [0x0000000700c00000, 0x0000000800000000)
  region size 2048K, 1 young (2048K), 1 survivors (2048K)
 Metaspace       used 96251K, committed 97536K, reserved 1179648K
  class space    used 14608K, committed 15232K, reserved 1048576K
}
Event: 35.476 GC heap before
{Heap before GC invocations=68 (full 0):
 garbage-first heap   total 514048K, used 483093K [0x0000000700c00000, 0x0000000800000000)
  region size 2048K, 146 young (299008K), 1 survivors (2048K)
 Metaspace       used 99980K, committed 101248K, reserved 1179648K
  class space    used 15294K, committed 15872K, reserved 1048576K
}
Event: 35.479 GC heap after
{Heap after GC invocations=69 (full 0):
 garbage-first heap   total 514048K, used 186794K [0x0000000700c00000, 0x0000000800000000)
  region size 2048K, 2 young (4096K), 2 survivors (4096K)
 Metaspace       used 99980K, committed 101248K, reserved 1179648K
  class space    used 15294K, committed 15872K, reserved 1048576K
}
Event: 36.293 GC heap before
{Heap before GC invocations=69 (full 0):
 garbage-first heap   total 514048K, used 477610K [0x0000000700c00000, 0x0000000800000000)
  region size 2048K, 145 young (296960K), 2 survivors (4096K)
 Metaspace       used 105091K, committed 106368K, reserved 1179648K
  class space    used 16133K, committed 16704K, reserved 1048576K
}
Event: 36.308 GC heap after
{Heap after GC invocations=70 (full 0):
 garbage-first heap   total 514048K, used 205025K [0x0000000700c00000, 0x0000000800000000)
  region size 2048K, 11 young (22528K), 11 survivors (22528K)
 Metaspace       used 105091K, committed 106368K, reserved 1179648K
  class space    used 16133K, committed 16704K, reserved 1048576K
}
Event: 36.509 GC heap before
{Heap before GC invocations=70 (full 0):
 garbage-first heap   total 514048K, used 458977K [0x0000000700c00000, 0x0000000800000000)
  region size 2048K, 136 young (278528K), 11 survivors (22528K)
 Metaspace       used 105453K, committed 106752K, reserved 1179648K
  class space    used 16197K, committed 16768K, reserved 1048576K
}
Event: 36.523 GC heap after
{Heap after GC invocations=71 (full 0):
 garbage-first heap   total 514048K, used 213171K [0x0000000700c00000, 0x0000000800000000)
  region size 2048K, 5 young (10240K), 5 survivors (10240K)
 Metaspace       used 105453K, committed 106752K, reserved 1179648K
  class space    used 16197K, committed 16768K, reserved 1048576K
}
Event: 37.377 GC heap before
{Heap before GC invocations=72 (full 0):
 garbage-first heap   total 514048K, used 483507K [0x0000000700c00000, 0x0000000800000000)
  region size 2048K, 132 young (270336K), 5 survivors (10240K)
 Metaspace       used 105862K, committed 107136K, reserved 1179648K
  class space    used 16256K, committed 16832K, reserved 1048576K
}
Event: 37.386 GC heap after
{Heap after GC invocations=73 (full 0):
 garbage-first heap   total 514048K, used 225083K [0x0000000700c00000, 0x0000000800000000)
  region size 2048K, 11 young (22528K), 11 survivors (22528K)
 Metaspace       used 105862K, committed 107136K, reserved 1179648K
  class space    used 16256K, committed 16832K, reserved 1048576K
}
Event: 38.125 GC heap before
{Heap before GC invocations=73 (full 0):
 garbage-first heap   total 514048K, used 460603K [0x0000000700c00000, 0x0000000800000000)
  region size 2048K, 126 young (258048K), 11 survivors (22528K)
 Metaspace       used 106331K, committed 107712K, reserved 1179648K
  class space    used 16296K, committed 16960K, reserved 1048576K
}
Event: 38.140 GC heap after
{Heap after GC invocations=74 (full 0):
 garbage-first heap   total 514048K, used 235404K [0x0000000700c00000, 0x0000000800000000)
  region size 2048K, 12 young (24576K), 12 survivors (24576K)
 Metaspace       used 106331K, committed 107712K, reserved 1179648K
  class space    used 16296K, committed 16960K, reserved 1048576K
}
Event: 38.961 GC heap before
{Heap before GC invocations=74 (full 0):
 garbage-first heap   total 514048K, used 460684K [0x0000000700c00000, 0x0000000800000000)
  region size 2048K, 122 young (249856K), 12 survivors (24576K)
 Metaspace       used 106473K, committed 107904K, reserved 1179648K
  class space    used 16309K, committed 16960K, reserved 1048576K
}
Event: 38.994 GC heap after
{Heap after GC invocations=75 (full 0):
 garbage-first heap   total 524288K, used 273374K [0x0000000700c00000, 0x0000000800000000)
  region size 2048K, 16 young (32768K), 16 survivors (32768K)
 Metaspace       used 106473K, committed 107904K, reserved 1179648K
  class space    used 16309K, committed 16960K, reserved 1048576K
}
Event: 61.674 GC heap before
{Heap before GC invocations=76 (full 0):
 garbage-first heap   total 524288K, used 472030K [0x0000000700c00000, 0x0000000800000000)
  region size 2048K, 108 young (221184K), 16 survivors (32768K)
 Metaspace       used 110736K, committed 112128K, reserved 1179648K
  class space    used 16906K, committed 17536K, reserved 1048576K
}
Event: 61.691 GC heap after
{Heap after GC invocations=77 (full 0):
 garbage-first heap   total 526336K, used 289638K [0x0000000700c00000, 0x0000000800000000)
  region size 2048K, 7 young (14336K), 7 survivors (14336K)
 Metaspace       used 110736K, committed 112128K, reserved 1179648K
  class space    used 16906K, committed 17536K, reserved 1048576K
}

Dll operation events (15 events):
Event: 0.011 Loaded shared library C:\Program Files\Java\jdk-21.0.10\bin\java.dll
Event: 0.073 Loaded shared library C:\Program Files\Java\jdk-21.0.10\bin\jsvml.dll
Event: 0.234 Loaded shared library C:\Program Files\Java\jdk-21.0.10\bin\net.dll
Event: 0.237 Loaded shared library C:\Program Files\Java\jdk-21.0.10\bin\nio.dll
Event: 0.242 Loaded shared library C:\Program Files\Java\jdk-21.0.10\bin\zip.dll
Event: 0.388 Loaded shared library C:\Program Files\Java\jdk-21.0.10\bin\jimage.dll
Event: 0.652 Loaded shared library C:\Program Files\Java\jdk-21.0.10\bin\verify.dll
Event: 2.611 Loaded shared library C:\Program Files\Java\jdk-21.0.10\bin\management.dll
Event: 2.614 Loaded shared library C:\Program Files\Java\jdk-21.0.10\bin\management_ext.dll
Event: 3.483 Loaded shared library C:\Users\yhh\AppData\Local\Temp\lwjgl_yhh\3.3.3+5\x64\lwjgl.dll
Event: 6.277 Loaded shared library C:\Users\yhh\AppData\Local\Temp\lwjgl_yhh\3.3.3+5\x64\lwjgl_stb.dll
Event: 6.353 Loaded shared library C:\Users\yhh\AppData\Local\Temp\lwjgl_yhh\3.3.3+5\x64\lwjgl_opengl.dll
Event: 10.447 Loaded shared library C:\Users\yhh\AppData\Local\Temp\jna-119609\jna9604683465703359264.dll
Event: 20.406 Loaded shared library C:\Program Files\Java\jdk-21.0.10\bin\sunmscapi.dll
Event: 20.722 Loaded shared library C:\Program Files\Java\jdk-21.0.10\bin\extnet.dll

Deoptimization events (20 events):
Event: 44.655 Thread 0x000001ed0f42d5d0 DEOPT PACKING pc=0x000001ecb334af00 sp=0x0000003a80afeb80
Event: 44.655 Thread 0x000001ed0f42d5d0 DEOPT UNPACKING pc=0x000001ecb93d4e42 sp=0x0000003a80afe098 mode 0
Event: 44.656 Thread 0x000001ed0f42d5d0 DEOPT PACKING pc=0x000001ecb334ad14 sp=0x0000003a80afeb80
Event: 44.656 Thread 0x000001ed0f42d5d0 DEOPT UNPACKING pc=0x000001ecb93d4e42 sp=0x0000003a80afe098 mode 0
Event: 44.656 Thread 0x000001ed0f42d5d0 DEOPT PACKING pc=0x000001ecb334af00 sp=0x0000003a80afeb80
Event: 44.656 Thread 0x000001ed0f42d5d0 DEOPT UNPACKING pc=0x000001ecb93d4e42 sp=0x0000003a80afe098 mode 0
Event: 44.657 Thread 0x000001ed0f42d5d0 DEOPT PACKING pc=0x000001ecb334ad14 sp=0x0000003a80afeb80
Event: 44.657 Thread 0x000001ed0f42d5d0 DEOPT UNPACKING pc=0x000001ecb93d4e42 sp=0x0000003a80afe098 mode 0
Event: 44.657 Thread 0x000001ed0f42d5d0 DEOPT PACKING pc=0x000001ecb334af00 sp=0x0000003a80afeb80
Event: 44.657 Thread 0x000001ed0f42d5d0 DEOPT UNPACKING pc=0x000001ecb93d4e42 sp=0x0000003a80afe098 mode 0
Event: 45.640 Thread 0x000001ed0f42d5d0 DEOPT PACKING pc=0x000001ecb267b11d sp=0x0000003a80afeb40
Event: 45.640 Thread 0x000001ed0f42d5d0 DEOPT UNPACKING pc=0x000001ecb93d4e42 sp=0x0000003a80afdfb8 mode 0
Event: 45.646 Thread 0x000001ed0f42d5d0 DEOPT PACKING pc=0x000001ecb267b11d sp=0x0000003a80afeb40
Event: 45.646 Thread 0x000001ed0f42d5d0 DEOPT UNPACKING pc=0x000001ecb93d4e42 sp=0x0000003a80afdfb8 mode 0
Event: 46.643 Thread 0x000001ed0f42d5d0 DEOPT PACKING pc=0x000001ecb267b11d sp=0x0000003a80afeb40
Event: 46.643 Thread 0x000001ed0f42d5d0 DEOPT UNPACKING pc=0x000001ecb93d4e42 sp=0x0000003a80afdfb8 mode 0
Event: 51.646 Thread 0x000001ed0f42d5d0 DEOPT PACKING pc=0x000001ecb3493f39 sp=0x0000003a80afeb20
Event: 51.646 Thread 0x000001ed0f42d5d0 DEOPT UNPACKING pc=0x000001ecb93d4e42 sp=0x0000003a80afdfd0 mode 0
Event: 63.669 Thread 0x000001eca7be83f0 DEOPT PACKING pc=0x000001ecb32fc001 sp=0x0000003afbcfe380
Event: 63.669 Thread 0x000001eca7be83f0 DEOPT UNPACKING pc=0x000001ecb93d4e42 sp=0x0000003afbcfd830 mode 0

Classes loaded (20 events):
Event: 37.921 Loading class java/util/stream/IntStream$Builder done
Event: 37.921 Loading class java/util/stream/Streams$IntStreamBuilderImpl done
Event: 38.377 Loading class java/util/stream/ForEachOps$ForEachOp$OfInt
Event: 38.377 Loading class java/util/stream/ForEachOps$ForEachOp$OfInt done
Event: 39.106 Loading class java/util/TreeMap$KeySpliterator
Event: 39.106 Loading class java/util/TreeMap$TreeMapSpliterator
Event: 39.106 Loading class java/util/TreeMap$TreeMapSpliterator done
Event: 39.106 Loading class java/util/TreeMap$KeySpliterator done
Event: 40.577 Loading class java/awt/font/TextAttribute
Event: 40.577 Loading class java/awt/font/TextAttribute done
Event: 40.585 Loading class java/security/AccessControlException
Event: 40.585 Loading class java/security/AccessControlException done
Event: 40.598 Loading class java/nio/ByteBufferAsCharBufferB
Event: 40.598 Loading class java/nio/ByteBufferAsCharBufferB done
Event: 40.599 Loading class java/nio/ByteBufferAsIntBufferB
Event: 40.599 Loading class java/nio/ByteBufferAsIntBufferB done
Event: 41.487 Loading class javax/sound/sampled/AudioFormat
Event: 41.487 Loading class javax/sound/sampled/AudioFormat done
Event: 41.487 Loading class javax/sound/sampled/AudioFormat$Encoding
Event: 41.487 Loading class javax/sound/sampled/AudioFormat$Encoding done

Classes unloaded (20 events):
Event: 10.408 Thread 0x000001ecc94bbe50 Unloading class 0x000001eccb2e7800 'java/lang/invoke/LambdaForm$MH+0x000001eccb2e7800'
Event: 10.408 Thread 0x000001ecc94bbe50 Unloading class 0x000001eccb2e7400 'java/lang/invoke/LambdaForm$MH+0x000001eccb2e7400'
Event: 10.408 Thread 0x000001ecc94bbe50 Unloading class 0x000001eccb2e6800 'java/lang/invoke/LambdaForm$MH+0x000001eccb2e6800'
Event: 10.408 Thread 0x000001ecc94bbe50 Unloading class 0x000001eccb2e7000 'java/lang/invoke/LambdaForm$MH+0x000001eccb2e7000'
Event: 10.408 Thread 0x000001ecc94bbe50 Unloading class 0x000001eccb2e6400 'java/lang/invoke/LambdaForm$MH+0x000001eccb2e6400'
Event: 10.408 Thread 0x000001ecc94bbe50 Unloading class 0x000001eccb2e6000 'java/lang/invoke/LambdaForm$MH+0x000001eccb2e6000'
Event: 10.408 Thread 0x000001ecc94bbe50 Unloading class 0x000001eccb2e5400 'java/lang/invoke/LambdaForm$DMH+0x000001eccb2e5400'
Event: 10.408 Thread 0x000001ecc94bbe50 Unloading class 0x000001eccb2e5800 'java/lang/invoke/LambdaForm$DMH+0x000001eccb2e5800'
Event: 24.113 Thread 0x000001ecc94bbe50 Unloading class 0x000001eccbd39400 'java/lang/invoke/LambdaForm$MH+0x000001eccbd39400'
Event: 24.113 Thread 0x000001ecc94bbe50 Unloading class 0x000001eccbd38c00 'java/lang/invoke/LambdaForm$MH+0x000001eccbd38c00'
Event: 39.149 Thread 0x000001ecc94bbe50 Unloading class 0x000001eccc062000 'java/lang/invoke/LambdaForm$DMH+0x000001eccc062000'
Event: 39.149 Thread 0x000001ecc94bbe50 Unloading class 0x000001eccc062400 'java/lang/invoke/LambdaForm$DMH+0x000001eccc062400'
Event: 39.149 Thread 0x000001ecc94bbe50 Unloading class 0x000001eccc061c00 'java/lang/invoke/LambdaForm$MH+0x000001eccc061c00'
Event: 39.149 Thread 0x000001ecc94bbe50 Unloading class 0x000001eccc061800 'java/lang/invoke/LambdaForm$MH+0x000001eccc061800'
Event: 39.149 Thread 0x000001ecc94bbe50 Unloading class 0x000001eccc061400 'java/lang/invoke/LambdaForm$DMH+0x000001eccc061400'
Event: 39.149 Thread 0x000001ecc94bbe50 Unloading class 0x000001eccc060c00 'java/lang/invoke/LambdaForm$DMH+0x000001eccc060c00'
Event: 39.149 Thread 0x000001ecc94bbe50 Unloading class 0x000001eccc060400 'java/lang/invoke/LambdaForm$DMH+0x000001eccc060400'
Event: 39.149 Thread 0x000001ecc94bbe50 Unloading class 0x000001eccc031400 'java/lang/invoke/LambdaForm$DMH+0x000001eccc031400'
Event: 39.149 Thread 0x000001ecc94bbe50 Unloading class 0x000001eccc031000 'java/lang/invoke/LambdaForm$DMH+0x000001eccc031000'
Event: 39.150 Thread 0x000001ecc94bbe50 Unloading class 0x000001eccc030800 'java/lang/invoke/LambdaForm$DMH+0x000001eccc030800'

Classes redefined (0 events):
No events

Internal exceptions (20 events):
Event: 35.917 Thread 0x000001eca7be83f0 Exception <a 'java/lang/IncompatibleClassChangeError'{0x000000071a14c850}: Found class java.lang.Object, but interface was expected> (0x000000071a14c850) 
thrown [s\open\src\hotspot\share\interpreter\linkResolver.cpp, line 840]
Event: 35.918 Thread 0x000001ed0f428da0 Exception <a 'java/lang/NoSuchMethodError'{0x000000071b65daa8}: 'java.lang.Object java.lang.invoke.DirectMethodHandle$Holder.invokeVirtual(java.lang.Object, java.lang.Object, int, java.lang.Object)'> (0x000000071b65daa8) 
thrown [s\open\src\hotspot\share\interpreter\linkResolver.cpp, line 773]
Event: 35.959 Thread 0x000001ed0f42a7e0 Exception <a 'java/lang/NoSuchMethodError'{0x00000007187276a8}: 'java.lang.Object java.lang.invoke.DirectMethodHandle$Holder.invokeSpecial(java.lang.Object, java.lang.Object, java.lang.Object, java.lang.Object, int, int)'> (0x00000007187276a8) 
thrown [s\open\src\hotspot\share\interpreter\linkResolver.cpp, line 773]
Event: 35.959 Thread 0x000001ed0f42f010 Exception <a 'java/lang/NoSuchMethodError'{0x00000007188627b0}: 'java.lang.Object java.lang.invoke.DirectMethodHandle$Holder.invokeSpecial(java.lang.Object, java.lang.Object, java.lang.Object, java.lang.Object, int, int)'> (0x00000007188627b0) 
thrown [s\open\src\hotspot\share\interpreter\linkResolver.cpp, line 773]
Event: 35.959 Thread 0x000001ed0f42a7e0 Exception <a 'java/lang/NoSuchMethodError'{0x000000071872ae80}: 'java.lang.Object java.lang.invoke.Invokers$Holder.linkToTargetMethod(java.lang.Object, java.lang.Object, int, int, java.lang.Object)'> (0x000000071872ae80) 
thrown [s\open\src\hotspot\share\interpreter\linkResolver.cpp, line 773]
Event: 35.960 Thread 0x000001ed0f429430 Exception <a 'java/lang/NoSuchMethodError'{0x0000000719ef8228}: 'java.lang.Object java.lang.invoke.DirectMethodHandle$Holder.invokeSpecial(java.lang.Object, java.lang.Object, java.lang.Object, java.lang.Object, int, int)'> (0x0000000719ef8228) 
thrown [s\open\src\hotspot\share\interpreter\linkResolver.cpp, line 773]
Event: 35.960 Thread 0x000001ed0f42f010 Exception <a 'java/lang/NoSuchMethodError'{0x0000000718865c60}: 'java.lang.Object java.lang.invoke.Invokers$Holder.linkToTargetMethod(java.lang.Object, java.lang.Object, int, int, java.lang.Object)'> (0x0000000718865c60) 
thrown [s\open\src\hotspot\share\interpreter\linkResolver.cpp, line 773]
Event: 35.960 Thread 0x000001ed0f429430 Exception <a 'java/lang/NoSuchMethodError'{0x0000000719efb6d8}: 'java.lang.Object java.lang.invoke.Invokers$Holder.linkToTargetMethod(java.lang.Object, java.lang.Object, int, int, java.lang.Object)'> (0x0000000719efb6d8) 
thrown [s\open\src\hotspot\share\interpreter\linkResolver.cpp, line 773]
Event: 35.962 Thread 0x000001ed0f42a7e0 Exception <a 'java/lang/NoSuchMethodError'{0x0000000718730850}: 'void java.lang.invoke.DirectMethodHandle$Holder.invokeStatic(java.lang.Object, int, java.lang.Object)'> (0x0000000718730850) 
thrown [s\open\src\hotspot\share\interpreter\linkResolver.cpp, line 773]
Event: 35.962 Thread 0x000001ed0f429430 Exception <a 'java/lang/NoSuchMethodError'{0x0000000717c017a0}: 'void java.lang.invoke.DirectMethodHandle$Holder.invokeStatic(java.lang.Object, int, java.lang.Object)'> (0x0000000717c017a0) 
thrown [s\open\src\hotspot\share\interpreter\linkResolver.cpp, line 773]
Event: 35.962 Thread 0x000001ed0f42f010 Exception <a 'java/lang/NoSuchMethodError'{0x000000071886b550}: 'void java.lang.invoke.DirectMethodHandle$Holder.invokeStatic(java.lang.Object, int, java.lang.Object)'> (0x000000071886b550) 
thrown [s\open\src\hotspot\share\interpreter\linkResolver.cpp, line 773]
Event: 36.579 Thread 0x000001ed0f42f6a0 Exception <a 'java/lang/NoSuchMethodError'{0x000000071ca37f08}: 'void java.lang.invoke.DirectMethodHandle$Holder.invokeSpecial(java.lang.Object, java.lang.Object, java.lang.Object, java.lang.Object, java.lang.Object, java.lang.Object, java.lang.Object)'> (0x000000071ca37f08) 
thrown [s\open\src\hotspot\share\interpreter\linkResolver.cpp, line 773]
Event: 36.592 Thread 0x000001ed0f42f6a0 Exception <a 'java/lang/NoSuchMethodError'{0x000000071cb109f8}: 'void java.lang.invoke.DirectMethodHandle$Holder.invokeSpecial(java.lang.Object, java.lang.Object, int, java.lang.Object)'> (0x000000071cb109f8) 
thrown [s\open\src\hotspot\share\interpreter\linkResolver.cpp, line 773]
Event: 37.862 Thread 0x000001ed0f42f6a0 Exception <a 'java/lang/NoSuchMethodError'{0x0000000714809308}: 'void java.lang.invoke.DirectMethodHandle$Holder.invokeStaticInit(java.lang.Object, int, java.lang.Object)'> (0x0000000714809308) 
thrown [s\open\src\hotspot\share\interpreter\linkResolver.cpp, line 773]
Event: 39.044 Thread 0x000001eca7be83f0 Exception <a 'java/lang/NoSuchMethodError'{0x00000007fedccc70}: 'java.lang.Object java.lang.invoke.DirectMethodHandle$Holder.newInvokeSpecial(java.lang.Object, int, java.lang.Object, java.lang.Object, java.lang.Object)'> (0x00000007fedccc70) 
thrown [s\open\src\hotspot\share\interpreter\linkResolver.cpp, line 773]
Event: 39.245 Thread 0x000001eca7be83f0 Exception <a 'java/lang/IncompatibleClassChangeError'{0x000000071e35bea0}: Found class java.lang.Object, but interface was expected> (0x000000071e35bea0) 
thrown [s\open\src\hotspot\share\interpreter\linkResolver.cpp, line 840]
Event: 40.543 Thread 0x000001eca7be83f0 Exception <a 'java/lang/NoSuchMethodError'{0x00000007199bf108}: 'void java.lang.invoke.DirectMethodHandle$Holder.invokeSpecialIFC(java.lang.Object, java.lang.Object, java.lang.Object, java.lang.Object, java.lang.Object, java.lang.Object, java.lang.Object)'> (0x00000007199bf108) 
thrown [s\open\src\hotspot\share\interpreter\linkResolver.cpp, line 773]
Event: 40.554 Thread 0x000001eca7be83f0 Implicit null exception at 0x000001ecb9dbe307 to 0x000001ecb9dbe4c8
Event: 40.569 Thread 0x000001eca7be83f0 Exception <a 'java/lang/NoSuchMethodError'{0x00000007196ffa40}: 'int java.lang.invoke.DirectMethodHandle$Holder.invokeStatic(java.lang.Object, java.lang.Object, java.lang.Object, int, java.lang.Object, int)'> (0x00000007196ffa40) 
thrown [s\open\src\hotspot\share\interpreter\linkResolver.cpp, line 773]
Event: 41.542 Thread 0x000001eca7be83f0 Exception <a 'java/lang/NoSuchMethodError'{0x00000007191fbb88}: 'int java.lang.invoke.DirectMethodHandle$Holder.invokeStatic(java.lang.Object, java.lang.Object, int, int)'> (0x00000007191fbb88) 
thrown [s\open\src\hotspot\share\interpreter\linkResolver.cpp, line 773]

ZGC Phase Switch (0 events):
No events

VM Operations (20 events):
Event: 61.031 Executing VM operation: Cleanup
Event: 61.031 Executing VM operation: Cleanup done
Event: 61.674 Executing VM operation: G1CollectForAllocation (G1 Evacuation Pause)
Event: 61.691 Executing VM operation: G1CollectForAllocation (G1 Evacuation Pause) done
Event: 62.691 Executing VM operation: Cleanup
Event: 62.691 Executing VM operation: Cleanup done
Event: 64.691 Executing VM operation: Cleanup
Event: 64.691 Executing VM operation: Cleanup done
Event: 71.694 Executing VM operation: Cleanup
Event: 71.694 Executing VM operation: Cleanup done
Event: 75.697 Executing VM operation: Cleanup
Event: 75.697 Executing VM operation: Cleanup done
Event: 95.708 Executing VM operation: Cleanup
Event: 95.708 Executing VM operation: Cleanup done
Event: 96.709 Executing VM operation: Cleanup
Event: 96.709 Executing VM operation: Cleanup done
Event: 100.713 Executing VM operation: Cleanup
Event: 100.713 Executing VM operation: Cleanup done
Event: 101.713 Executing VM operation: Cleanup
Event: 101.713 Executing VM operation: Cleanup done

Events (20 events):
Event: 39.163 Thread 0x000001ecc94bbe50 flushing nmethod 0x000001ecb28fac90
Event: 39.163 Thread 0x000001ecc94bbe50 flushing nmethod 0x000001ecb28fc910
Event: 39.163 Thread 0x000001ecc94bbe50 flushing nmethod 0x000001ecb2961a90
Event: 39.163 Thread 0x000001ecc94bbe50 flushing nmethod 0x000001ecb2964890
Event: 39.163 Thread 0x000001ecc94bbe50 flushing nmethod 0x000001ecb2966790
Event: 39.163 Thread 0x000001ecc94bbe50 flushing nmethod 0x000001ecb2a51a90
Event: 39.163 Thread 0x000001ecc94bbe50 flushing nmethod 0x000001ecb2a56d10
Event: 39.163 Thread 0x000001ecc94bbe50 flushing nmethod 0x000001ecb2aa2e90
Event: 39.163 Thread 0x000001ecc94bbe50 flushing nmethod 0x000001ecb2d2ae90
Event: 39.163 Thread 0x000001ecc94bbe50 flushing nmethod 0x000001ecb2d30710
Event: 39.163 Thread 0x000001ecc94bbe50 flushing nmethod 0x000001ecb2e04b10
Event: 39.163 Thread 0x000001ecc94bbe50 flushing nmethod 0x000001ecb2f52990
Event: 39.163 Thread 0x000001ecc94bbe50 flushing nmethod 0x000001ecb2f5c790
Event: 42.532 Thread 0x000001ed1127ebe0 Thread exited: 0x000001ed1127ebe0
Event: 48.598 Thread 0x000001ed123c06e0 Thread exited: 0x000001ed123c06e0
Event: 68.301 Thread 0x000001ed11284e50 Thread exited: 0x000001ed11284e50
Event: 80.415 Thread 0x000001ed11ab85e0 Thread exited: 0x000001ed11ab85e0
Event: 99.055 Thread 0x000001ed11ab6510 Thread exited: 0x000001ed11ab6510
Event: 99.200 Thread 0x000001ed0f429430 Thread exited: 0x000001ed0f429430
Event: 101.488 Thread 0x000001ed11ab5e80 Thread exited: 0x000001ed11ab5e80


Dynamic libraries:
0x00007ff6a6240000 - 0x00007ff6a6250000 	C:\Program Files\Java\jdk-21.0.10\bin\java.exe
0x00007ff9a79f0000 - 0x00007ff9a7be8000 	C:\Windows\SYSTEM32\ntdll.dll
0x00007ff9a5db0000 - 0x00007ff9a5e72000 	C:\Windows\System32\KERNEL32.DLL
0x00007ff9a4f30000 - 0x00007ff9a522e000 	C:\Windows\System32\KERNELBASE.dll
0x00007ff9a4e00000 - 0x00007ff9a4f00000 	C:\Windows\System32\ucrtbase.dll
0x00007ff99fe30000 - 0x00007ff99fe49000 	C:\Program Files\Java\jdk-21.0.10\bin\jli.dll
0x00007ff98cfb0000 - 0x00007ff98cfce000 	C:\Program Files\Java\jdk-21.0.10\bin\VCRUNTIME140.dll
0x00007ff9a5e80000 - 0x00007ff9a5f31000 	C:\Windows\System32\ADVAPI32.dll
0x00007ff9a5f40000 - 0x00007ff9a5fde000 	C:\Windows\System32\msvcrt.dll
0x00007ff9a5ab0000 - 0x00007ff9a5b4f000 	C:\Windows\System32\sechost.dll
0x00007ff9a77f0000 - 0x00007ff9a7913000 	C:\Windows\System32\RPCRT4.dll
0x00007ff9a5450000 - 0x00007ff9a5477000 	C:\Windows\System32\bcrypt.dll
0x00007ff9a5fe0000 - 0x00007ff9a617d000 	C:\Windows\System32\USER32.dll
0x00007ff9a4f00000 - 0x00007ff9a4f22000 	C:\Windows\System32\win32u.dll
0x00007ff99a4b0000 - 0x00007ff99a74a000 	C:\Windows\WinSxS\amd64_microsoft.windows.common-controls_6595b64144ccf1df_6.0.19041.4355_none_60b8b9eb71f62e16\COMCTL32.dll
0x00007ff9a77c0000 - 0x00007ff9a77eb000 	C:\Windows\System32\GDI32.dll
0x00007ff9a56e0000 - 0x00007ff9a57f7000 	C:\Windows\System32\gdi32full.dll
0x00007ff9a4d60000 - 0x00007ff9a4dfd000 	C:\Windows\System32\msvcp_win.dll
0x00007ff9a4780000 - 0x00007ff9a478a000 	C:\Windows\SYSTEM32\VERSION.dll
0x00007ff9a5c40000 - 0x00007ff9a5c6f000 	C:\Windows\System32\IMM32.DLL
0x000000006b940000 - 0x000000006b94d000 	C:\Program Files (x86)\360∞≤»´Œ¿ øº´ÀŸ∞Ê\360Safe\safemon\SafeWrapper.dll
0x00007ff99fd20000 - 0x00007ff99fe25000 	C:\Program Files (x86)\360∞≤»´Œ¿ øº´ÀŸ∞Ê\360Safe\safemon\libzdtp64.dll
0x00007ff9a6210000 - 0x00007ff9a697d000 	C:\Windows\System32\SHELL32.dll
0x00007ff9a5ce0000 - 0x00007ff9a5d35000 	C:\Windows\System32\SHLWAPI.dll
0x00007ff99cbe0000 - 0x00007ff99cbec000 	C:\Program Files\Java\jdk-21.0.10\bin\vcruntime140_1.dll
0x00007ff9628e0000 - 0x00007ff96296d000 	C:\Program Files\Java\jdk-21.0.10\bin\msvcp140.dll
0x00007ff9338c0000 - 0x00007ff9345e7000 	C:\Program Files\Java\jdk-21.0.10\bin\server\jvm.dll
0x00007ff9a5690000 - 0x00007ff9a56db000 	C:\Windows\System32\POWRPROF.dll
0x00007ff9a5d40000 - 0x00007ff9a5dab000 	C:\Windows\System32\WS2_32.dll
0x00007ff99e400000 - 0x00007ff99e427000 	C:\Windows\SYSTEM32\WINMM.dll
0x00007ff9a4130000 - 0x00007ff9a4142000 	C:\Windows\SYSTEM32\UMPDC.dll
0x00007ff9a5670000 - 0x00007ff9a5682000 	C:\Windows\System32\kernel.appcore.dll
0x00007ff996c70000 - 0x00007ff996c7a000 	C:\Program Files\Java\jdk-21.0.10\bin\jimage.dll
0x00007ff990860000 - 0x00007ff990a44000 	C:\Windows\SYSTEM32\DBGHELP.DLL
0x00007ff990820000 - 0x00007ff990854000 	C:\Windows\SYSTEM32\dbgcore.DLL
0x00007ff9a5480000 - 0x00007ff9a5502000 	C:\Windows\System32\bcryptPrimitives.dll
0x00007ff993480000 - 0x00007ff9934a1000 	C:\Program Files\Java\jdk-21.0.10\bin\java.dll
0x00007ff9a2ed0000 - 0x00007ff9a3674000 	C:\Windows\SYSTEM32\windows.storage.dll
0x00007ff9a7460000 - 0x00007ff9a77b3000 	C:\Windows\System32\combase.dll
0x00007ff9a46d0000 - 0x00007ff9a46fe000 	C:\Windows\SYSTEM32\Wldp.dll
0x00007ff9a7920000 - 0x00007ff9a79ed000 	C:\Windows\System32\OLEAUT32.dll
0x00007ff9a58f0000 - 0x00007ff9a599d000 	C:\Windows\System32\SHCORE.dll
0x00007ff9a4c90000 - 0x00007ff9a4cb4000 	C:\Windows\SYSTEM32\profapi.dll
0x00007ff9622f0000 - 0x00007ff9623c7000 	C:\Program Files\Java\jdk-21.0.10\bin\jsvml.dll
0x00007ff98cf90000 - 0x00007ff98cfa1000 	C:\Program Files\Java\jdk-21.0.10\bin\net.dll
0x00007ff99ee20000 - 0x00007ff99ef2d000 	C:\Windows\SYSTEM32\WINHTTP.dll
0x00007ff9a4430000 - 0x00007ff9a449a000 	C:\Windows\system32\mswsock.dll
0x00007ff98cf70000 - 0x00007ff98cf86000 	C:\Program Files\Java\jdk-21.0.10\bin\nio.dll
0x00007ff98c570000 - 0x00007ff98c588000 	C:\Program Files\Java\jdk-21.0.10\bin\zip.dll
0x00007ff9995b0000 - 0x00007ff9995c0000 	C:\Program Files\Java\jdk-21.0.10\bin\verify.dll
0x00007ff993440000 - 0x00007ff99344a000 	C:\Program Files\Java\jdk-21.0.10\bin\management.dll
0x00007ff98a0d0000 - 0x00007ff98a0dc000 	C:\Program Files\Java\jdk-21.0.10\bin\management_ext.dll
0x00007ff9a5aa0000 - 0x00007ff9a5aa8000 	C:\Windows\System32\PSAPI.DLL
0x00007ff999490000 - 0x00007ff9994a7000 	C:\Windows\system32\napinsp.dll
0x00007ff990160000 - 0x00007ff990175000 	C:\Windows\system32\wshbth.dll
0x00007ff9a06d0000 - 0x00007ff9a06ed000 	C:\Windows\system32\NLAapi.dll
0x00007ff9a4880000 - 0x00007ff9a48bb000 	C:\Windows\SYSTEM32\IPHLPAPI.DLL
0x00007ff9a4150000 - 0x00007ff9a421a000 	C:\Windows\SYSTEM32\DNSAPI.dll
0x00007ff9a5cd0000 - 0x00007ff9a5cd8000 	C:\Windows\System32\NSI.dll
0x00007ff9991b0000 - 0x00007ff9991c2000 	C:\Windows\System32\winrnr.dll
0x00007ff9960b0000 - 0x00007ff996130000 	C:\Windows\System32\fwpuclnt.dll
0x00007ff969a90000 - 0x00007ff969b0b000 	C:\Users\yhh\AppData\Local\Temp\lwjgl_yhh\3.3.3+5\x64\lwjgl.dll
0x00007ff949bf0000 - 0x00007ff949c72000 	C:\Users\yhh\AppData\Local\Temp\lwjgl_yhh\3.3.3+5\x64\glfw.dll
0x00007ff984380000 - 0x00007ff9843c5000 	C:\Windows\SYSTEM32\dinput8.dll
0x00007ff988cc0000 - 0x00007ff988cd1000 	C:\Windows\SYSTEM32\xinput1_4.dll
0x00007ff9a5840000 - 0x00007ff9a588e000 	C:\Windows\System32\cfgmgr32.dll
0x00007ff9a48e0000 - 0x00007ff9a4913000 	C:\Windows\SYSTEM32\DEVOBJ.dll
0x00007ff9a2be0000 - 0x00007ff9a2c0f000 	C:\Windows\SYSTEM32\dwmapi.dll
0x00007ff99c6d0000 - 0x00007ff99c822000 	C:\Windows\SYSTEM32\inputhost.dll
0x00007ff9a09e0000 - 0x00007ff9a0b37000 	C:\Windows\SYSTEM32\wintypes.dll
0x00007ff9a21a0000 - 0x00007ff9a2292000 	C:\Windows\SYSTEM32\CoreMessaging.dll
0x00007ff9a1ac0000 - 0x00007ff9a1e1b000 	C:\Windows\SYSTEM32\CoreUIComponents.dll
0x00007ff9a0360000 - 0x00007ff9a0456000 	C:\Windows\SYSTEM32\PROPSYS.dll
0x00007ff9a3fc0000 - 0x00007ff9a3ff3000 	C:\Windows\SYSTEM32\ntmarta.dll
0x00007ff9a2810000 - 0x00007ff9a28ae000 	C:\Windows\system32\uxtheme.dll
0x00007ff9a7340000 - 0x00007ff9a7455000 	C:\Windows\System32\MSCTF.dll
0x00007ff9411f0000 - 0x00007ff941318000 	C:\Windows\SYSTEM32\opengl32.dll
0x00007ff996570000 - 0x00007ff99659c000 	C:\Windows\SYSTEM32\GLU32.dll
0x00007ff9a6cc0000 - 0x00007ff9a6d69000 	C:\Windows\System32\clbcatq.dll
0x0000000067e90000 - 0x000000006a0cd000 	C:\Windows\System32\DriverStore\FileRepository\nv_desktop_ref4i.inf_amd64_627171b69cc088d2\nvoglv64.dll
0x00007ff9a6e50000 - 0x00007ff9a72be000 	C:\Windows\System32\SETUPAPI.dll
0x00007ff9a69e0000 - 0x00007ff9a6b0b000 	C:\Windows\System32\ole32.dll
0x00007ff9a0670000 - 0x00007ff9a0684000 	C:\Windows\SYSTEM32\WTSAPI32.dll
0x00007ff9a53e0000 - 0x00007ff9a5449000 	C:\Windows\System32\WINTRUST.dll
0x00007ff9a5510000 - 0x00007ff9a566c000 	C:\Windows\System32\CRYPT32.dll
0x00007ff9a48c0000 - 0x00007ff9a48d2000 	C:\Windows\System32\MSASN1.dll
0x00007ff99cb90000 - 0x00007ff99cbcb000 	C:\Windows\SYSTEM32\dxcore.dll
0x00007ff9a3ba0000 - 0x00007ff9a3bfb000 	C:\Windows\SYSTEM32\WINSTA.dll
0x00007ff9393c0000 - 0x00007ff939630000 	C:\Users\yhh\AppData\Local\Temp\lwjgl_yhh\3.3.3+5\x64\jemalloc.dll
0x00007ff948320000 - 0x00007ff9483a2000 	C:\Users\yhh\AppData\Local\Temp\lwjgl_yhh\3.3.3+5\x64\lwjgl_stb.dll
0x00007ff99c830000 - 0x00007ff99c929000 	C:\Windows\SYSTEM32\textinputframework.dll
0x00007ff9666e0000 - 0x00007ff96673e000 	C:\Users\yhh\AppData\Local\Temp\lwjgl_yhh\3.3.3+5\x64\lwjgl_opengl.dll
0x00007ff98b240000 - 0x00007ff98b291000 	C:\Windows\SYSTEM32\pdh.dll
0x00007ff9a0070000 - 0x00007ff9a007f000 	C:\Windows\System32\perfproc.dll
0x00007ff998d10000 - 0x00007ff998d1f000 	C:\Windows\System32\perfos.dll
0x00007ff9a4620000 - 0x00007ff9a4638000 	C:\Windows\SYSTEM32\CRYPTSP.dll
0x00007ff9a3d70000 - 0x00007ff9a3da4000 	C:\Windows\system32\rsaenh.dll
0x00007ff9a4c50000 - 0x00007ff9a4c7e000 	C:\Windows\SYSTEM32\USERENV.dll
0x00007ff9a4640000 - 0x00007ff9a464c000 	C:\Windows\SYSTEM32\CRYPTBASE.dll
0x00007ff962110000 - 0x00007ff962155000 	C:\Users\yhh\AppData\Local\Temp\jna-119609\jna9604683465703359264.dll
0x00007ff992710000 - 0x00007ff99272f000 	C:\Windows\SYSTEM32\amsi.dll
0x00007ff989ce0000 - 0x00007ff989cee000 	C:\Program Files\Java\jdk-21.0.10\bin\sunmscapi.dll
0x00007ff9a4740000 - 0x00007ff9a4767000 	C:\Windows\SYSTEM32\ncrypt.dll
0x00007ff9a4700000 - 0x00007ff9a473b000 	C:\Windows\SYSTEM32\NTASN1.dll
0x00007ff99e620000 - 0x00007ff99e6ce000 	C:\Windows\SYSTEM32\mscms.dll
0x00007ff99e600000 - 0x00007ff99e611000 	C:\Windows\SYSTEM32\ColorAdapterClient.dll
0x00007ff98a0c0000 - 0x00007ff98a0c9000 	C:\Program Files\Java\jdk-21.0.10\bin\extnet.dll
0x00007ff961e80000 - 0x00007ff961ec5000 	C:\Windows\SYSTEM32\icm32.dll
0x00007ff9409d0000 - 0x00007ff940b97000 	C:\Users\yhh\AppData\Local\Temp\lwjgl_yhh\3.3.3+5\x64\OpenAL.dll
0x00007ff99ece0000 - 0x00007ff99ed65000 	C:\Windows\System32\MMDevApi.dll
0x00007ff961070000 - 0x00007ff9611fe000 	C:\Windows\System32\Speech\Common\sapi.dll
0x00007ff9964f0000 - 0x00007ff9964fb000 	C:\Windows\SYSTEM32\msdmo.dll
0x00007ff98caf0000 - 0x00007ff98cb0e000 	C:\Windows\SYSTEM32\MSACM32.dll
0x00007ff9a5800000 - 0x00007ff9a5826000 	C:\Windows\System32\winmmbase.dll
0x00007ff99d5d0000 - 0x00007ff99d5d7000 	C:\Windows\system32\wshunix.dll
0x00007ff98f4f0000 - 0x00007ff98f671000 	C:\Windows\SYSTEM32\AUDIOSES.DLL
0x00007ff9a28f0000 - 0x00007ff9a2904000 	C:\Windows\SYSTEM32\resourcepolicyclient.dll
0x00007ff969cf0000 - 0x00007ff969d36000 	C:\Windows\SYSTEM32\wdmaud.drv
0x00007ff99f470000 - 0x00007ff99f47a000 	C:\Windows\SYSTEM32\AVRT.dll
0x00007ff9968f0000 - 0x00007ff9968f9000 	C:\Windows\SYSTEM32\ksuser.dll
0x00007ff996930000 - 0x00007ff99693d000 	C:\Windows\SYSTEM32\msacm32.drv
0x00007ff9964e0000 - 0x00007ff9964eb000 	C:\Windows\SYSTEM32\midimap.dll

dbghelp: loaded successfully - version: 4.0.5 - missing functions: none
symbol engine: initialized successfully - sym options: 0x614 - pdb path: .;C:\Program Files\Java\jdk-21.0.10\bin;C:\Windows\SYSTEM32;C:\Windows\WinSxS\amd64_microsoft.windows.common-controls_6595b64144ccf1df_6.0.19041.4355_none_60b8b9eb71f62e16;C:\Program Files (x86)\360∞≤»´Œ¿ øº´ÀŸ∞Ê\360Safe\safemon;C:\Program Files\Java\jdk-21.0.10\bin;C:\Program Files\Java\jdk-21.0.10\bin;C:\Program Files\Java\jdk-21.0.10\bin;C:\Program Files\Java\jdk-21.0.10\bin;C:\Program Files\Java\jdk-21.0.10\bin;C:\Program Files\Java\jdk-21.0.10\bin;C:\Program Files\Java\jdk-21.0.10\bin;C:\Program Files\Java\jdk-21.0.10\bin;C:\Program Files\Java\jdk-21.0.10\bin;C:\Program Files\Java\jdk-21.0.10\bin\server;C:\Users\yhh\AppData\Local\Temp\lwjgl_yhh\3.3.;C:\Users\yhh\AppData\Local\Temp\lwjgl_yhh\3.3.3+5\x64;C:\Windows\System32\DriverStore\FileRepository\nv_desktop_ref4i.inf_amd64_627171b69;C:\Windows\System32\DriverStore\FileRepository\nv_desktop_ref4i.inf_amd64_627171b69;C:\Windows\System32\DriverStore\FileRepository\nv_desktop_ref4i.inf_amd64_627171b69cc088d2;C:\Users\yhh\AppData\Local\Temp\jna;C:\Users\yhh\AppData\Local\Temp\jna;C:\Users\yhh\AppData\Local\Temp\jna;C:\Users\yhh\AppData\Local\Temp\jna-119609;C:\Windows\System32\Speech

VM Arguments:
jvm_args: -Dfml.modFolders=dysoncubeproject_addon%%G:\mymod\dyson-mod\∏Ω Ùmod\build\classes\java\main;dysoncubeproject_addon%%G:\mymod\dyson-mod\∏Ω Ùmod\build\resources\main --module-path=C:\\Users\\yhh\\.gradle\\caches\\modules-2\\files-2.1\\net.neoforged\\JarJarFileSystems\\0.4.1\\78f59f89defcd032ed788b151ca6a0d40ace796a\\JarJarFileSystems-0.4.1.jar;C:\\Users\\yhh\\.gradle\\caches\\modules-2\\files-2.1\\cpw.mods\\bootstraplauncher\\2.0.2\\1a2d076cbc33b0520cbacd591224427b2a20047d\\bootstraplauncher-2.0.2.jar;C:\\Users\\yhh\\.gradle\\caches\\modules-2\\files-2.1\\cpw.mods\\securejarhandler\\3.0.8\\c0ef95cecd8699a0449053ac7d9c160748d902cd\\securejarhandler-3.0.8.jar;C:\\Users\\yhh\\.gradle\\caches\\modules-2\\files-2.1\\org.ow2.asm\\asm-commons\\9.7\\e86dda4696d3c185fcc95d8d311904e7ce38a53f\\asm-commons-9.7.jar;C:\\Users\\yhh\\.gradle\\caches\\modules-2\\files-2.1\\org.ow2.asm\\asm-util\\9.7\\c0655519f24d92af2202cb681cd7c1569df6ead6\\asm-util-9.7.jar;C:\\Users\\yhh\\.gradle\\caches\\modules-2\\files-2.1\\org.ow2.asm\\asm-analysis\\9.7\\e4a258b7eb96107106c0599f0061cfc1832fe07a\\asm-analysis-9.7.jar;C:\\Users\\yhh\\.gradle\\caches\\modules-2\\files-2.1\\org.ow2.asm\\asm-tree\\9.7\\e446a17b175bfb733b87c5c2560ccb4e57d69f1a\\asm-tree-9.7.jar;C:\\Users\\yhh\\.gradle\\caches\\modules-2\\files-2.1\\org.ow2.asm\\asm\\9.7\\73d7b3086e14beb604ced229c302feff6449723\\asm-9.7.jar --add-modules=ALL-MODULE-PATH --add-opens=java.base/java.util.jar=cpw.mods.securejarhandler --add-opens=java.base/java.lang.invoke=cpw.mods.securejarhandler --add-exports=java.base/sun.security.util=cpw.mods.securejarhandler --add-exports=jdk.naming.dns/com.sun.jndi.dns=java.naming -Dlog4j2.configurationFile=G:\\mymod\\dyson-mod\\∏Ω Ùmod\\build\\moddev\\clientLog4j2.xml -Dneoforge.enableGameTest=true -DlegacyClassPath.file=G:\\mymod\\dyson-mod\\∏Ω Ùmod\\build\\moddev\\clientLegacyClasspath.txt -DignoreList=securejarhandler-3.0.8.jar,asm-9.7.jar,asm-commons-9.7.jar,asm-tree-9.7.jar,asm-util-9.7.jar,asm-analysis-9.7.jar,bootstraplauncher-2.0.2.jar,JarJarFileSystems-0.4.1.jar,mixinextras-neoforge-0.4.1.jar,client-extra,neoforge- -Dfml.gameLayerLibraries= -DmergeModules=jna-5.10.0.jar,jna-platform-5.10.0.jar -Djava.net.preferIPv6Addresses=system -Dfml.pluginLayerLibraries= -Dfile.encoding=UTF-8 -Duser.country=CN -Duser.language=zh -Duser.variant 
java_command: net.neoforged.devlaunch.Main @G:\\mymod\\dyson-mod\\∏Ω Ùmod\\build\\moddev\\clientRunProgramArgs.txt
java_class_path (initial): G:\mymod\dyson-mod\∏Ω Ùmod\build\classes\java\main;G:\mymod\dyson-mod\∏Ω Ùmod\build\resources\main;G:\mymod\dyson-mod\‘≠mod\dysoncubeproject-1.0.5.jar;G:\mymod\dyson-mod\libs\fluxnetworks-api-8.0.0.jar;G:\mymod\dyson-mod\∏Ω Ùmod\build\moddev\artifacts\neoforge-21.1.64.jar;G:\mymod\dyson-mod\∏Ω Ùmod\build\moddev\artifacts\neoforge-21.1.64-client-extra-aka-minecraft-resources.jar;C:\Users\yhh\.gradle\caches\modules-2\files-2.1\net.neoforged\DevLaunch\1.0.1\48617810523f426d42430867894faa7fe1b933dd\DevLaunch-1.0.1.jar;C:\Users\yhh\.gradle\caches\modules-2\files-2.1\curse.maven\titanium-287342\8426819\c718d4d8713b83964f9b8feea4443a25feb84fc9\titanium-287342-8426819.jar;C:\Users\yhh\.gradle\caches\modules-2\files-2.1\net.neoforged\neoform\1.21.1-20240808.144430\811e2bd86fa2cda2812e5e8e51d718ea8bd6d3f4\neoform-1.21.1-20240808.144430.zip;C:\Users\yhh\.gradle\caches\modules-2\files-2.1\net.neoforged.fancymodloader\earlydisplay\4.0.24\c1f79ceaefcb4c79dea89e969563718a2d5157f\earlydisplay-4.0.24.jar;C:\Users\yhh\.gradle\caches\modules-2\files-2.1\net.neoforged.fancymodloader\loader\4.0.24\8211b356d57387a287aa3fb1d425fdd34db6d638\loader-4.0.24.jar;C:\Users\yhh\.gradle\caches\modules-2\files-2.1\net.neoforged\coremods\7.0.3\9147e6f638b4272b3bd5fc8f92ad37802512c6c\coremods-7.0.3.jar;C:\Users\yhh\.gradle\caches\modules-2\files-2.1\cpw.mods\modlauncher\11.0.4\6619d4812a3c092310d521ebc4c9503727563df7\modlauncher-11.0.4.jar;C:\Users\yhh\.gradle\caches\modules-2\files-2.1\cpw.mods\bootstraplauncher\2.0.2\1a2d076cbc33b0520cbacd591224427b2a20047d\bootstraplauncher-2.0.2.jar;C:\Users\yhh\.gradle\caches\modules-2\files-2.1\cpw.mods\securejarhandler\3.0.8\c0ef95cecd8699a0449053ac7d9c160748d902cd\securejarhandler-3.0.8.jar;C:\Users\yhh\.gradle\caches\modules-2\files-2.1\net.neoforged.accesstransformers\at-modlauncher\10.0.1\5aba50202aceead086bc09fbc2751c9f05cb4890\at-modlauncher-10.0.1.jar;C:\Users\yhh\.gradle\caches\modules-2\files-2.1\net.neoforged\accesstransformers\10.0.1\fd83b5725f76eae9115e9355fa1c456a6a441400\accesstransformers-10.0.1.jar;C:\Users\yhh\.gradle\caches\modules-2\files-2.1\org.openjdk.nashorn\nashorn-core\15.4\f67f5ffaa5f5130cf6fb9b133da00c7df3b532a5\nashorn-core-15.4.jar;C:\Users\yhh\.gradle\caches\modules-2\files-2.1\org.ow2.asm\asm-commons\9.7\e86dda4696d3c185fcc95d8d311904e7ce38a53f\asm-commons-9.7.jar;C:\Users\yhh\.gradle\caches\modules-2\files-2.1\net.neoforged\mergetool\2.0.3\1275202cbbb248f49345cf6787ce299afd9a02fb\mergetool-2.0.3-api.jar;C:\Users\yhh\.gradle\caches\modules-2\files-2.1\org.ow2.asm\asm-util\9.7\c0655519f24d92af2202cb681cd7c1569df6ead6\asm-util-9.7.jar;C:\Users\yhh\.gradle\caches\modules-2\files-2.1\org.ow2.asm\asm-analysis\9.7\e4a258b7eb96107106c0599f0061cfc1832fe07a\asm-analysis-9.7.jar;C:\Users\yhh\.gradle\caches\modules-2\files-2.1\org.ow2.asm\asm-tree\9.7\e446a17b175bfb733b87c5c2560ccb4e57d69f1a\asm-tree-9.7.jar;C:\Users\yhh\.gradle\caches\modules-2\files-2.1\net.neoforged\bus\8.0.2\163c9ef7c4bcca6d850c34e95261b606af91fe06\bus-8.0.2.jar;C:\Users\yhh\.gradle\caches\modules-2\files-2.1\org.ow2.asm\asm\9.7\73d7b3086e14beb604ced229c302feff6449723\asm-9.7.jar;C:\Users\yhh\.gradle\caches\modules-2\files-2.1\com.electronwill.night-config\toml\3.8.0\861dbcf2757dd6701c98b3949198549ccb5f62ff\toml-3.8.0.jar;C:\Users\yhh\.gradle\caches\modules-2\files-2.1\com.electronwill.night-config\core\3.8.0\2498dd2b3120dd49e963e2feab8fa5d0c5f80e0a\core-3.8.0.jar;C:\Users\yhh\.gradle\caches\modules-2\files-2.1\net.neoforged\JarJarSelector\0.4.1\fb3cc7a58af22ad2880adb98af6d518128c47dae\JarJarSelector-0.4.1.jar;C:\Users\yhh\.gradle\caches\modules-2\files-2.1\net.neoforged\JarJarMetadata\0.4.1\f8da03683dc81694556dc3e177c5e3bb77ae6fcb\JarJarMetadata-0.4.1.jar;C:\Users\yhh\.gradle\caches\modules-2\files-2.1\org.apache.maven\maven-artifact\3.8.5\4433f50c07debefaed0553bd0068f4f48d449313\maven-artifact-3.8.5.jar;C:\Users\yhh\.gradle\caches\modules-2\files-2.1\net.jodah\typetools\0.6.3\a01aaa6ddaea9ec07ec4f209487b7a46a526283a\typetools-0.6.3.jar;C:\Users\yhh\.gradle\caches\modules-2\files-2.1\net.minecrell\terminalconsoleappender\1.3.0\b562e9bb61235c9520e26282cdee71f8f802d1fc\terminalconsoleappender-1.3.0.jar;C:\Users\yhh\.gradle\caches\modules-2\files-2.1\net.fabricmc\sponge-mixin\0.15.2+mixin.0.8.7\2af2f021d8e02a0220dc27a7a72b4666d66d44ca\sponge-mixin-0.15.2+mixin.0.8.7.jar;C:\Users\yhh\.gradle\caches\modules-2\files-2.1\org.apache.commons\commons-lang3\3.14.0\1ed471194b02f2c6cb734a0cd6f6f107c673afae\commons-lang3-3.14.0.jar;C:\Users\yhh\.gradle\caches\modules-2\files-2.1\com.mojang\logging\1.2.7\24cb95ffb0e3433fd6e844c04e68009e504ca1c0\logging-1.2.7.jar;C:\Users\yhh\.gradle\caches\modules-2\files-2.1\org.apache.logging.log4j\log4j-slf4j2-impl\2.22.1\d7e6693c2606cb7e7335047d7bb96dec52db5665\log4j-slf4j2-impl-2.22.1.jar;C:\Users\yhh\.gradle\caches\modules-2\files-2.1\org.apache.logging.log4j\log4j-core\2.22.1\7183a25510a02ad00cc6a95d3b3d2a7d3c5a8dc4\log4j-core-2.22.1.jar;C:\Users\yhh\.gradle\caches\modules-2\files-2.1\org.apache.logging.log4j\log4j-api\2.22.1\bea6fede6328fabafd7e68363161a7ea6605abd1\log4j-api-2.22.1.jar;C:\Users\yhh\.gradle\caches\modules-2\files-2.1\net.neoforged\JarJarFileSystems\0.4.1\78f59f89defcd032ed788b151ca6a0d40ace796a\JarJarFileSystems-0.4.1.jar;C:\Users\yhh\.gradle\caches\modules-2\files-2.1\net.sf.jopt-simple\jopt-simple\5.0.4\4fdac2fbe92dfad86aa6e9301736f6b4342a3f5c\jopt-simple-5.0.4.jar;C:\Users\yhh\.gradle\caches\modules-2\files-2.1\commons-io\commons-io\2.15.1\f11560da189ab563a5c8e351941415430e9304ea\commons-io-2.15.1.jar;C:\Users\yhh\.gradle\caches\modules-2\files-2.1\com.google.guava\guava\32.1.2-jre\5e64ec7e056456bef3a4bc4c6fdaef71e8ab6318\guava-32.1.2-jre.jar;C:\Users\yhh\.gradle\caches\modules-2\files-2.1\com.google.code.gson\gson\2.10.1\b3add478d4382b78ea20b1671390a858002feb6c\gson-2.10.1.jar;C:\Users\yhh\.gradle\caches\modules-2\files-2.1\org.slf4j\slf4j-api\2.0.9\7cf2726fdcfbc8610f9a71fb3ed639871f315340\slf4j-api-2.0.9.jar;C:\Users\yhh\.gradle\caches\modules-2\files-2.1\org.antlr\antlr4-runtime\4.13.1\17125bae1d965624e265ef49552f6465a2bfa307\antlr4-runtime-4.13.1.jar;C:\Users\yhh\.gradle\caches\modules-2\files-2.1\net.minecraftforge\srgutils\0.4.15\ca408b131759478f164e010fae0d73997e125fb5\srgutils-0.4.15.jar;C:\Users\yhh\.gradle\caches\modules-2\files-2.1\org.codehaus.plexus\plexus-utils\3.3.0\cf43b5391de623b36fe066a21127baef82c64022\plexus-utils-3.3.0.jar;C:\Users\yhh\.gradle\caches\modules-2\files-2.1\org.jline\jline-reader\3.20.0\8f15415b022a25b473e8e16c28ae913186ffb9c4\jline-reader-3.20.0.jar;C:\Users\yhh\.gradle\caches\modules-2\files-2.1\com.machinezoo.noexception\noexception\1.7.1\b65330c98e38a1f915fa54a6e5eca496505e3f0a\noexception-1.7.1.jar;C:\Users\yhh\.gradle\caches\modules-2\files-2.1\com.github.oshi\oshi-core\6.4.10\b1d8ab82d11d92fd639b56d639f8f46f739dd5fa\oshi-core-6.4.10.jar;C:\Users\yhh\.gradle\caches\modules-2\files-2.1\com.google.guava\failureaccess\1.0.1\1dcf1de382a0bf95a3d8b0849546c88bac1292c9\failureaccess-1.0.1.jar;C:\Users\yhh\.gradle\caches\modules-2\files-2.1\com.ibm.icu\icu4j\73.2\61ad4ef7f9131fcf6d25c34b817f90d6da06c9e9\icu4j-73.2.jar;C:\Users\yhh\.gradle\caches\modules-2\files-2.1\com.mojang\authlib\6.0.54\de8bc95660e1b2fe8793fd427a7a10dcec5b3ea7\authlib-6.0.54.jar;C:\Users\yhh\.gradle\caches\modules-2\files-2.1\com.mojang\blocklist\1.0.10\5c685c5ffa94c4cd39496c7184c1d122e515ecef\blocklist-1.0.10.jar;C:\Users\yhh\.gradle\caches\modules-2\files-2.1\com.mojang\brigadier\1.3.10\d15b53a14cf20fdcaa98f731af5dda654452c010\brigadier-1.3.10.jar;C:\Users\yhh\.gradle\caches\modules-2\files-2.1\com.mojang\datafixerupper\8.0.16\67d4de6d7f95d89bcf5862995fb854ebaec02a34\datafixerupper-8.0.16.jar;C:\Users\yhh\.gradle\caches\modules-2\files-2.1\com.mojang\patchy\2.2.10\da05971b07cbb379d002cf7eaec6a2048211fefc\patchy-2.2.10.jar;C:\Users\yhh\.gradle\caches\modules-2\files-2.1\com.mojang\text2speech\1.17.9\3cad216e3a7f0c19b4b394388bc9ffc446f13b14\text2speech-1.17.9.jar;C:\Users\yhh\.gradle\caches\modules-2\files-2.1\commons-codec\commons-codec\1.16.0\4e3eb3d79888d76b54e28b350915b5dc3919c9de\commons-codec-1.16.0.jar;C:\Users\yhh\.gradle\caches\modules-2\files-2.1\commons-logging\commons-logging\1.2\4bfc12adfe4842bf07b657f0369c4cb522955686\commons-logging-1.2.jar;C:\Users\yhh\.gradle\caches\modules-2\files-2.1\io.netty\netty-buffer\4.1.97.Final\f8f3d8644afa5e6e1a40a3a6aeb9d9aa970ecb4f\netty-buffer-4.1.97.Final.jar;C:\Users\yhh\.gradle\caches\modules-2\files-2.1\io.netty\netty-codec\4.1.97.Final\384ba4d75670befbedb45c4d3b497a93639c206d\netty-codec-4.1.97.Final.jar;C:\Users\yhh\.gradle\caches\modules-2\files-2.1\io.netty\netty-common\4.1.97.Final\7cceacaf11df8dc63f23d0fb58e9d4640fc88404\netty-common-4.1.97.Final.jar;C:\Users\yhh\.gradle\caches\modules-2\files-2.1\io.netty\netty-handler\4.1.97.Final\abb86c6906bf512bf2b797a41cd7d2e8d3cd7c36\netty-handler-4.1.97.Final.jar;C:\Users\yhh\.gradle\caches\modules-2\files-2.1\io.netty\netty-resolver\4.1.97.Final\cec8348108dc76c47cf87c669d514be52c922144\netty-resolver-4.1.97.Final.jar;C:\Users\yhh\.gradle\caches\modules-2\files-2.1\io.netty\netty-transport-classes-epoll\4.1.97.Final\795da37ded759e862457a82d9d92c4d39ce8ecee\netty-transport-classes-epoll-4.1.97.Final.jar;C:\Users\yhh\.gradle\caches\modules-2\files-2.1\io.netty\netty-transport-native-unix-common\4.1.97.Final\d469d84265ab70095b01b40886cabdd433b6e664\netty-transport-native-unix-common-4.1.97.Final.jar;C:\Users\yhh\.gradle\caches\modules-2\files-2.1\io.netty\netty-transport\4.1.97.Final\f37380d23c9bb079bc702910833b2fd532c9abd0\netty-transport-4.1.97.Final.jar;C:\Users\yhh\.gradle\caches\modules-2\files-2.1\it.unimi.dsi\fastutil\8.5.12\c24946d46824bd528054bface3231d2ecb7e95e8\fastutil-8.5.12.jar;C:\Users\yhh\.gradle\caches\modules-2\files-2.1\net.java.dev.jna\jna-platform\5.14.0\28934d48aed814f11e4c584da55c49fa7032b31b\jna-platform-5.14.0.jar;C:\Users\yhh\.gradle\caches\modules-2\files-2.1\net.java.dev.jna\jna\5.14.0\67bf3eaea4f0718cb376a181a629e5f88fa1c9dd\jna-5.14.0.jar;C:\Users\yhh\.gradle\caches\modules-2\files-2.1\org.apache.commons\commons-compress\1.26.0\659feffdd12280201c8aacb8f7be94f9a883c824\commons-compress-1.26.0.jar;C:\Users\yhh\.gradle\caches\modules-2\files-2.1\org.apache.httpcomponents\httpclient\4.5.13\e5f6cae5ca7ecaac1ec2827a9e2d65ae2869cada\httpclient-4.5.13.jar;C:\Users\yhh\.gradle\caches\modules-2\files-2.1\org.apache.httpcomponents\httpcore\4.4.16\51cf043c87253c9f58b539c9f7e44c8894223850\httpcore-4.4.16.jar;C:\Users\yhh\.gradle\caches\modules-2\files-2.1\org.jcraft\jorbis\0.0.17\8872d22b293e8f5d7d56ff92be966e6dc28ebdc6\jorbis-0.0.17.jar;C:\Users\yhh\.gradle\caches\modules-2\files-2.1\org.joml\joml\1.10.5\22566d58af70ad3d72308bab63b8339906deb649\joml-1.10.5.jar;C:\Users\yhh\.gradle\caches\modules-2\files-2.1\org.lwjgl\lwjgl-freetype\3.3.3\a0db6c84a8becc8ca05f9dbfa985edc348a824c7\lwjgl-freetype-3.3.3.jar;C:\Users\yhh\.gradle\caches\modules-2\files-2.1\org.lwjgl\lwjgl-freetype\3.3.3\81091b006dbb43fab04c8c638e9ac87c51b4096d\lwjgl-freetype-3.3.3-natives-windows.jar;C:\Users\yhh\.gradle\caches\modules-2\files-2.1\org.lwjgl\lwjgl-freetype\3.3.3\82028265a0a2ff33523ca75137ada7dc176e5210\lwjgl-freetype-3.3.3-natives-windows-arm64.jar;C:\Users\yhh\.gradle\caches\modules-2\files-2.1\org.lwjgl\lwjgl-freetype\3.3.3\15a8c1de7f51d07a92eae7ce1222557073a0c0c3\lwjgl-freetype-3.3.3-natives-windows-x86.jar;C:\Users\yhh\.gradle\caches\modules-2\files-2.1\org.lwjgl\lwjgl-glfw\3.3.3\efa1eb78c5ccd840e9f329717109b5e892d72f8e\lwjgl-glfw-3.3.3.jar;C:\Users\yhh\.gradle\caches\modules-2\files-2.1\org.lwjgl\lwjgl-glfw\3.3.3\e449e28b4891fc423c54c85fbc5bb0b9efece67a\lwjgl-glfw-3.3.3-natives-windows.jar;C:\Users\yhh\.gradle\caches\modules-2\files-2.1\org.lwjgl\lwjgl-glfw\3.3.3\f27018dc74f6289574502b46cce55d52817554e2\lwjgl-glfw-3.3.3-natives-windows-arm64.jar;C:\Users\yhh\.gradle\caches\modules-2\files-2.1\org.lwjgl\lwjgl-glfw\3.3.3\32334f3fd5270a59bad9939a93115acb6de36dcf\lwjgl-glfw-3.3.3-natives-windows-x86.jar;C:\Users\yhh\.gradle\caches\modules-2\files-2.1\org.lwjgl\lwjgl-jemalloc\3.3.3\b543467b7ff3c6920539a88ee602d34098628be5\lwjgl-jemalloc-3.3.3.jar;C:\Users\yhh\.gradle\caches\modules-2\files-2.1\org.lwjgl\lwjgl-jemalloc\3.3.3\426222fc027602a5f21b9c0fe79cde6a4c7a011f\lwjgl-jemalloc-3.3.3-natives-windows.jar;C:\Users\yhh\.gradle\caches\modules-2\files-2.1\org.lwjgl\lwjgl-jemalloc\3.3.3\ba1f3fed0ee4be0217eaa41c5bbfb4b9b1383c33\lwjgl-jemalloc-3.3.3-natives-windows-arm64.jar;C:\Users\yhh\.gradle\caches\modules-2\files-2.1\org.lwjgl\lwjgl-jemalloc\3.3.3\f6063b6e0f23be483c5c88d84ce51b39dc69126c\lwjgl-jemalloc-3.3.3-natives-windows-x86.jar;C:\Users\yhh\.gradle\caches\modules-2\files-2.1\org.lwjgl\lwjgl-openal\3.3.3\daada81ceb5fc0c291fbfdd4433cb8d9423577f2\lwjgl-openal-3.3.3.jar;C:\Users\yhh\.gradle\caches\modules-2\files-2.1\org.lwjgl\lwjgl-openal\3.3.3\cf83862ae95d98496b26915024c7e666d8ab1c8f\lwjgl-openal-3.3.3-natives-windows.jar;C:\Users\yhh\.gradle\caches\modules-2\files-2.1\org.lwjgl\lwjgl-openal\3.3.3\8e0615235116b9e4160dfe87bec90f5f6378bf72\lwjgl-openal-3.3.3-natives-windows-arm64.jar;C:\Users\yhh\.gradle\caches\modules-2\files-2.1\org.lwjgl\lwjgl-openal\3.3.3\87b8d5050e3adb46bb58fe1cb2669a4a48fce10d\lwjgl-openal-3.3.3-natives-windows-x86.jar;C:\Users\yhh\.gradle\caches\modules-2\files-2.1\org.lwjgl\lwjgl-opengl\3.3.3\2f6b0147078396a58979125a4c947664e98293a\lwjgl-opengl-3.3.3.jar;C:\Users\yhh\.gradle\caches\modules-2\files-2.1\org.lwjgl\lwjgl-opengl\3.3.3\e6c1eec8be8a71951b830a4d69efc01c6531900c\lwjgl-opengl-3.3.3-natives-windows.jar;C:\Users\yhh\.gradle\caches\modules-2\files-2.1\org.lwjgl\lwjgl-opengl\3.3.3\65e956d3735a1abdc82eff4baec1b61174697d4b\lwjgl-opengl-3.3.3-natives-windows-arm64.jar;C:\Users\yhh\.gradle\caches\modules-2\files-2.1\org.lwjgl\lwjgl-opengl\3.3.3\d32d833dcaa2f355a886eaf21f0408b5f03241d\lwjgl-opengl-3.3.3-natives-windows-x86.jar;C:\Users\yhh\.gradle\caches\modules-2\files-2.1\org.lwjgl\lwjgl-stb\3.3.3\25dd6161988d7e65f71d5065c99902402ee32746\lwjgl-stb-3.3.3.jar;C:\Users\yhh\.gradle\caches\modules-2\files-2.1\org.lwjgl\lwjgl-stb\3.3.3\1d9facdf6541de114b0f963be33505b7679c78cb\lwjgl-stb-3.3.3-natives-windows.jar;C:\Users\yhh\.gradle\caches\modules-2\files-2.1\org.lwjgl\lwjgl-stb\3.3.3\a584ab44de569708871f0a79561f4d8c37487f2c\lwjgl-stb-3.3.3-natives-windows-arm64.jar;C:\Users\yhh\.gradle\caches\modules-2\files-2.1\org.lwjgl\lwjgl-stb\3.3.3\b5c874687b9aac1a936501d4ed2c49567fd1b575\lwjgl-stb-3.3.3-natives-windows-x86.jar;C:\Users\yhh\.gradle\caches\modules-2\files-2.1\org.lwjgl\lwjgl-tinyfd\3.3.3\82d755ca94b102e9ca77283b9e2dc46d1b15fbe5\lwjgl-tinyfd-3.3.3.jar;C:\Users\yhh\.gradle\caches\modules-2\files-2.1\org.lwjgl\lwjgl-tinyfd\3.3.3\a6697981b0449a5087c1d546fc08b4f73e8f98c9\lwjgl-tinyfd-3.3.3-natives-windows.jar;C:\Users\yhh\.gradle\caches\modules-2\files-2.1\org.lwjgl\lwjgl-tinyfd\3.3.3\a88c494f3006eb91a7433b12a3a55a9a6c20788b\lwjgl-tinyfd-3.3.3-natives-windows-arm64.jar;C:\Users\yhh\.gradle\caches\modules-2\files-2.1\org.lwjgl\lwjgl-tinyfd\3.3.3\c336c84ee88cccb495c6ffa112395509e7378e8a\lwjgl-tinyfd-3.3.3-natives-windows-x86.jar;C:\Users\yhh\.gradle\caches\modules-2\files-2.1\org.lwjgl\lwjgl\3.3.3\29589b5f87ed335a6c7e7ee6a5775f81f97ecb84\lwjgl-3.3.3.jar;C:\Users\yhh\.gradle\caches\modules-2\files-2.1\org.lwjgl\lwjgl\3.3.3\a5ed18a2b82fc91b81f40d717cb1f64c9dcb0540\lwjgl-3.3.3-natives-windows.jar;C:\Users\yhh\.gradle\caches\modules-2\files-2.1\org.lwjgl\lwjgl\3.3.3\e9aca8c5479b520a2a7f0d542a118140e812c5e8\lwjgl-3.3.3-natives-windows-arm64.jar;C:\Users\yhh\.gradle\caches\modules-2\files-2.1\org.lwjgl\lwjgl\3.3.3\9e670718e050aeaeea0c2d5b907cffb142f2e58f\lwjgl-3.3.3-natives-windows-x86.jar;C:\Users\yhh\.gradle\caches\modules-2\files-2.1\org.lz4\lz4-java\1.8.0\4b986a99445e49ea5fbf5d149c4b63f6ed6c6780\lz4-java-1.8.0.jar;C:\Users\yhh\.gradle\caches\modules-2\files-2.1\org.jline\jline-terminal\3.20.0\d0ddcc708ddf527a3454c941b7b9225cc83a15ff\jline-terminal-3.20.0.jar;C:\Users\yhh\.gradle\caches\modules-2\files-2.1\com.google.guava\listenablefuture\9999.0-empty-to-avoid-conflict-with-guava\b421526c5f297295adef1c886e5246c39d4ac629\listenablefuture-9999.0-empty-to-avoid-conflict-with-guava.jar;C:\Users\yhh\.gradle\caches\modules-2\files-2.1\com.google.code.findbugs\jsr305\3.0.2\25ea2e8b0c338a877313bd4672d3fe056ea78f0d\jsr305-3.0.2.jar;C:\Users\yhh\.gradle\caches\modules-2\files-2.1\org.checkerframework\checker-qual\3.33.0\de2b60b62da487644fc11f734e73c8b0b431238f\checker-qual-3.33.0.jar;C:\Users\yhh\.gradle\caches\modules-2\files-2.1\com.google.errorprone\error_prone_annotations\2.18.0\89b684257096f548fa39a7df9fdaa409d4d4df91\error_prone_annotations-2.18.0.jar;C:\Users\yhh\.gradle\caches\modules-2\files-2.1\com.google.j2objc\j2objc-annotations\2.8\c85270e307e7b822f1086b93689124b89768e273\j2objc-annotations-2.8.jar
Launcher Type: SUN_STANDARD

[Global flags]
     intx CICompilerCount                          = 12                                        {product} {ergonomic}
     uint ConcGCThreads                            = 3                                         {product} {ergonomic}
     uint G1ConcRefinementThreads                  = 13                                        {product} {ergonomic}
   size_t G1HeapRegionSize                         = 2097152                                   {product} {ergonomic}
    uintx GCDrainStackTargetSize                   = 64                                        {product} {ergonomic}
   size_t InitialHeapSize                          = 268435456                                 {product} {ergonomic}
   size_t MarkStackSize                            = 4194304                                   {product} {ergonomic}
   size_t MaxHeapSize                              = 4282384384                                {product} {ergonomic}
   size_t MaxNewSize                               = 2569011200                                {product} {ergonomic}
   size_t MinHeapDeltaBytes                        = 2097152                                   {product} {ergonomic}
   size_t MinHeapSize                              = 8388608                                   {product} {ergonomic}
    uintx NonNMethodCodeHeapSize                   = 7602480                                {pd product} {ergonomic}
    uintx NonProfiledCodeHeapSize                  = 122027880                              {pd product} {ergonomic}
    uintx ProfiledCodeHeapSize                     = 122027880                              {pd product} {ergonomic}
    uintx ReservedCodeCacheSize                    = 251658240                              {pd product} {ergonomic}
     bool SegmentedCodeCache                       = true                                      {product} {ergonomic}
   size_t SoftMaxHeapSize                          = 4282384384                             {manageable} {ergonomic}
     bool UseCompressedOops                        = true                           {product lp64_product} {ergonomic}
     bool UseG1GC                                  = true                                      {product} {ergonomic}
     bool UseLargePagesIndividualAllocation        = false                                  {pd product} {ergonomic}

Logging:
Log output configuration:
 #0: stdout all=warning uptime,level,tags foldmultilines=false
 #1: stderr all=off uptime,level,tags foldmultilines=false

Environment Variables:
JAVA_HOME=C:\Program Files\Java\jdk-21.0.10
CLASSPATH=G:\mymod\dyson-mod\gradle-dist\gradle-8.12\lib\gradle-gradle-cli-main-8.12.jar
PATH=G:\mymod\dyson-mod\∏Ω Ùmod\..\gradle-dist\gradle-8.12\bin;C:\Users\yhh\.cache\codex-runtimes\codex-primary-runtime\dependencies\native\powershell;C:\Users\yhh\.codex\tmp\arg0\codex-arg0Kvg9dz;C:\Users\yhh\.cache\codex-runtimes\codex-primary-runtime\dependencies\bin\override;C:\Program Files\Common Files\Oracle\Java\javapath;C:\Windows\system32;C:\Windows;C:\Windows\System32\Wbem;C:\Windows\System32\WindowsPowerShell\v1.0\;D:\Program Files\nodejs\;C:\Users\yhh\AppData\Roaming\npm;D:\Program Files\Git\cmd;C:\Program Files\Java\jdk-21.0.10\bin;C:\Users\yhh\.dotnet\tools;C:\Users\yhh\.cache\codex-runtimes\codex-primary-runtime\dependencies\bin\fallback;C:\Users\yhh\.cache\codex-runtimes\codex-primary-runtime\dependencies\native\git\cmd;C:\Users\yhh\.cache\codex-runtimes\codex-primary-runtime\dependencies\native\powershell;C:\Users\yhh\AppData\Local\OpenAI\Codex\bin\53c73f34a40c42be;C:\Program Files\WindowsApps\OpenAI.Codex_26.810.7004.0_x64__2p2nqsd0c76g0\app\resources
USERNAME=yhh
SHELL=C:\Windows\System32\WindowsPowerShell\v1.0\powershell.exe
LANG=C.UTF-8
LC_ALL=C.UTF-8
LC_CTYPE=C.UTF-8
TERM=dumb
OS=Windows_NT
PROCESSOR_IDENTIFIER=AMD64 Family 23 Model 1 Stepping 1, AuthenticAMD
TMP=C:\Users\yhh\AppData\Local\Temp
TEMP=C:\Users\yhh\AppData\Local\Temp




Periodic native trim disabled

---------------  S Y S T E M  ---------------

OS:
 Windows 10 , 64 bit Build 19041 (10.0.19041.5198)
OS uptime: 0 days 5:51 hours

CPU: total 16 (initial active 16) (16 cores per cpu, 2 threads per core) family 23 model 1 stepping 1 microcode 0x0, cx8, cmov, fxsr, ht, mmx, 3dnowpref, sse, sse2, sse3, ssse3, sse4a, sse4.1, sse4.2, popcnt, lzcnt, tsc, tscinvbit, avx, avx2, aes, clmul, bmi1, bmi2, adx, sha, fma, vzeroupper, clflush, clflushopt, rdtscp, f16c
Processor Information for all 16 processors :
  Max Mhz: 3000, Current Mhz: 3000, Mhz Limit: 3000

Memory: 4k page, system-wide physical 16329M (1647M free)
TotalPageFile size 36809M (AvailPageFile size 16197M)
current process WorkingSet (physical memory assigned to process): 921M, peak: 976M
current process commit charge ("private bytes"): 1311M, peak: 1367M

vm_info: Java HotSpot(TM) 64-Bit Server VM (21.0.10+8-LTS-217) for windows-amd64 JRE (21.0.10+8-LTS-217), built on 2025-12-18T14:59:28Z by "mach5run" with MS VC++ 17.13 (VS2022)

END.
